<?xml version="1.0"?>
<COLLADA xmlns="http://www.collada.org/2005/11/COLLADASchema" version="1.4.1">
	<asset>
		<contributor>
			<author>Assimp</author>
			<authoring_tool>Assimp Exporter</authoring_tool>
		</contributor>
		<created>2026-02-26T14:56:54</created>
		<modified>2026-02-26T14:56:54</modified>
		<unit name="meter" meter="0.010000" />
		<up_axis>Y_UP</up_axis>
	</asset>
	<library_effects>
		<effect id="DefaultMaterial-fx" name="DefaultMaterial">
			<profile_COMMON>
				<technique sid="standard">
					<phong>
						<diffuse>
							<color sid="diffuse">0.600000   0.600000   0.600000   1.000000</color>
						</diffuse>
					</phong>
				</technique>
			</profile_COMMON>
		</effect>
	</library_effects>
	<library_materials>
		<material id="DefaultMaterial" name="DefaultMaterial">
			<instance_effect url="#DefaultMaterial-fx"/>
		</material>
	</library_materials>
	<library_geometries>
		<geometry id="meshId0" name="meshId0_name" >
			<mesh>
				<source id="meshId0-positions" name="meshId0-positions">
					<float_array id="meshId0-positions-array" count="11556"> 
						0.000000 0.766893 0.696791 0.000000 0.766893 1.442793 0.149613 0.752157 1.442793 0.149613 0.752157 0.696791 0.293477 0.708517 1.442793 0.293477 0.708517 0.696791 0.426063 0.637648 1.442793 0.426063 0.637648 0.696791 0.542275 0.542275 1.442793 0.542275 0.542275 0.696791 0.637648 0.426063 1.442794 0.637648 0.426063 0.696791 0.708517 0.293477 1.442794 0.708517 0.293477 0.696791 0.752157 0.149613 1.442793 0.752157 0.149613 0.696791 0.766893 0.000000 1.442793 0.766893 0.000000 0.696791 0.766893 0.000000 0.696791 0.766893 0.000000 1.442793 0.752157 -0.149613 1.442793 0.752157 -0.149613 0.696791 0.708517 -0.293477 1.442793 0.708517 -0.293477 0.696791 0.637648 -0.426063 1.442793 0.637648 -0.426063 0.696791 0.542275 -0.542275 1.442794 0.542275 -0.542275 0.696791 0.426063 -0.637648 1.442794 0.426063 -0.637648 0.696791 0.293477 -0.708517 1.442794 0.293477 -0.708517 0.696791 0.149613 -0.752157 1.442794 0.149613 -0.752157 0.696791 0.000000 -0.766893 1.442794 0.000000 -0.766893 0.696791 -0.149613 -0.752157 1.442794 -0.149613 -0.752157 0.696791 -0.293477 -0.708517 1.442794 -0.293477 -0.708517 0.696791 -0.426063 -0.637648 1.442794 -0.426063 -0.637648 0.696791 -0.542275 -0.542275 1.442794 -0.542275 -0.542275 0.696791 -0.637648 -0.426063 1.442793 -0.637648 -0.426063 0.696791 -0.708517 -0.293477 1.442793 -0.708517 -0.293477 0.696791 -0.752157 -0.149613 1.442793 -0.752157 -0.149613 0.696791 -0.766893 0.000000 1.442793 -0.766893 0.000000 0.696791 -0.766893 0.000000 0.696791 -0.766893 0.000000 1.442793 -0.752157 0.149613 1.442793 -0.752157 0.149613 0.696791 -0.708517 0.293477 1.442794 -0.708517 0.293477 0.696791 -0.637648 0.426063 1.442794 -0.637648 0.426063 0.696791 -0.542275 0.542275 1.442793 -0.542275 0.542275 0.696791 -0.426063 0.637648 1.442793 -0.426063 0.637648 0.696791 
						-0.293477 0.708517 1.442793 -0.293477 0.708517 0.696791 0.752157 -0.149613 1.442793 0.766893 0.000000 1.442793 0.805426 0.000000 1.442793 0.789950 -0.157131 1.442793 -0.149613 0.752157 1.442793 -0.149613 0.752157 0.696791 0.000000 0.799923 0.000000 0.156057 0.784552 0.000000 0.306117 0.739032 0.000000 0.444413 0.665111 0.000000 0.565631 0.565631 0.000000 0.665111 0.444413 0.000000 0.739032 0.306117 0.000000 0.784552 0.156057 0.000000 0.799923 0.000000 0.000000 0.784552 -0.156057 0.000000 0.739032 -0.306117 0.000000 0.665111 -0.444413 0.000000 0.565631 -0.565631 0.000000 0.444413 -0.665111 0.000000 0.306117 -0.739032 0.000000 0.156057 -0.784552 0.000000 0.000000 -0.799923 0.000000 -0.156057 -0.784552 0.000000 -0.306117 -0.739032 0.000000 -0.444413 -0.665111 0.000000 -0.565631 -0.565631 0.000000 -0.665111 -0.444413 0.000000 -0.739032 -0.306117 0.000000 -0.784552 -0.156057 0.000000 -0.799923 0.000000 0.000000 -0.784552 0.156057 0.000000 -0.739032 0.306117 0.000000 -0.665111 0.444413 0.000000 -0.565631 0.565631 0.000000 -0.444413 0.665111 0.000000 -0.306117 0.739032 0.000000 -0.156057 0.784552 0.000000 -0.149613 0.752157 0.543804 -0.149613 0.752157 0.587940 0.000000 0.766893 0.587940 0.000000 0.766893 0.543804 -0.293477 0.708517 0.543804 -0.293477 0.708517 0.587940 -0.426063 0.637648 0.543804 -0.426063 0.637648 0.587940 -0.542275 0.542275 0.543804 -0.542275 0.542275 0.587940 -0.637648 0.426063 0.543804 -0.637648 0.426063 0.587940 -0.708517 0.293477 0.543804 -0.708517 0.293477 0.587940 -0.752157 0.149613 0.543804 -0.752157 0.149613 0.587940 -0.766893 0.000000 0.543804 -0.766893 0.000000 0.587940 -0.752157 -0.149613 0.543804 -0.752157 -0.149613 0.587940 -0.766893 0.000000 0.587940 -0.766893 0.000000 0.543804 -0.708517 -0.293477 0.543804 -0.708517 -0.293477 0.587940 
						-0.637648 -0.426063 0.543804 -0.637648 -0.426063 0.587940 -0.542275 -0.542275 0.543804 -0.542275 -0.542275 0.587940 -0.426063 -0.637648 0.543804 -0.426063 -0.637648 0.587940 -0.293477 -0.708517 0.543804 -0.293477 -0.708517 0.587940 -0.149613 -0.752157 0.543804 -0.149613 -0.752157 0.587940 0.000000 -0.766893 0.543804 0.000000 -0.766893 0.587940 0.149613 -0.752157 0.543804 0.149613 -0.752157 0.587940 0.293477 -0.708517 0.543804 0.293477 -0.708517 0.587940 0.426063 -0.637648 0.543804 0.426063 -0.637648 0.587940 0.542275 -0.542275 0.543804 0.542275 -0.542275 0.587940 0.637648 -0.426063 0.543804 0.637648 -0.426063 0.587940 0.708517 -0.293477 0.543804 0.708517 -0.293477 0.587940 0.752157 -0.149613 0.543804 0.752157 -0.149613 0.587940 0.766893 0.000000 0.543804 0.766893 0.000000 0.587940 0.752157 0.149613 0.543804 0.752157 0.149613 0.587940 0.766893 0.000000 0.587940 0.766893 0.000000 0.543804 0.708517 0.293477 0.543804 0.708517 0.293477 0.587940 0.637648 0.426063 0.543804 0.637648 0.426063 0.587940 0.542275 0.542275 0.543804 0.542275 0.542275 0.587940 0.426063 0.637648 0.543804 0.426063 0.637648 0.587940 0.293477 0.708517 0.543804 0.293477 0.708517 0.587940 0.149613 0.752157 0.543804 0.149613 0.752157 0.587940 -0.153427 0.771330 0.596050 0.000000 0.786441 0.596050 0.000000 0.778397 0.587940 -0.151858 0.763440 0.587940 -0.300958 0.726576 0.596050 -0.297880 0.719145 0.587940 -0.436923 0.653902 0.596050 -0.432454 0.647213 0.587940 -0.556098 0.556098 0.596050 -0.550410 0.550410 0.587940 -0.653902 0.436923 0.596050 -0.647213 0.432454 0.587940 -0.726576 0.300958 0.596050 -0.719145 0.297880 0.587940 -0.771329 0.153427 0.596050 -0.763440 0.151858 0.587940 -0.786441 0.000000 0.596050 -0.778397 0.000000 0.587940 -0.771329 -0.153427 0.596050 -0.786441 0.000000 0.596050 
						-0.778397 0.000000 0.587940 -0.763440 -0.151858 0.587940 -0.726576 -0.300958 0.596050 -0.719145 -0.297880 0.587940 -0.653902 -0.436923 0.596050 -0.647213 -0.432454 0.587940 -0.556098 -0.556098 0.596050 -0.550410 -0.550409 0.587940 -0.436923 -0.653902 0.596050 -0.432454 -0.647213 0.587940 -0.300958 -0.726576 0.596050 -0.297880 -0.719145 0.587940 -0.153427 -0.771330 0.596050 -0.151858 -0.763440 0.587940 0.000000 -0.786441 0.596050 0.000000 -0.778397 0.587940 0.153427 -0.771330 0.596050 0.151858 -0.763440 0.587940 0.300958 -0.726576 0.596050 0.297880 -0.719145 0.587940 0.436923 -0.653902 0.596050 0.432454 -0.647213 0.587940 0.556098 -0.556098 0.596050 0.550410 -0.550409 0.587940 0.653902 -0.436923 0.596050 0.647213 -0.432454 0.587940 0.726576 -0.300958 0.596050 0.719145 -0.297880 0.587940 0.771330 -0.153427 0.596050 0.763440 -0.151858 0.587940 0.786441 0.000000 0.596050 0.778397 0.000000 0.587940 0.771330 0.153427 0.596050 0.786441 0.000000 0.596050 0.778397 0.000000 0.587940 0.763440 0.151858 0.587940 0.726576 0.300958 0.596050 0.719145 0.297880 0.587940 0.653902 0.436923 0.596050 0.647213 0.432454 0.587940 0.556098 0.556098 0.596050 0.550410 0.550410 0.587940 0.436923 0.653902 0.596050 0.432454 0.647213 0.587940 0.300958 0.726576 0.596050 0.297880 0.719145 0.587940 0.153427 0.771330 0.596050 0.151858 0.763440 0.587940 -0.151858 0.763440 0.696791 0.000000 0.778397 0.696791 0.000000 0.786441 0.688682 -0.153427 0.771330 0.688682 -0.297880 0.719145 0.696791 -0.300958 0.726576 0.688682 -0.432454 0.647213 0.696791 -0.436923 0.653902 0.688682 -0.550410 0.550410 0.696791 -0.556098 0.556098 0.688682 -0.647213 0.432454 0.696791 -0.653902 0.436923 0.688682 -0.719145 0.297880 0.696791 -0.726576 0.300958 0.688682 -0.763440 0.151858 0.696791 -0.771329 0.153427 0.688682 
						-0.778397 0.000000 0.696791 -0.786441 0.000000 0.688682 -0.763440 -0.151858 0.696791 -0.778397 0.000000 0.696791 -0.786441 0.000000 0.688682 -0.771329 -0.153427 0.688682 -0.719145 -0.297880 0.696791 -0.726576 -0.300958 0.688682 -0.647213 -0.432454 0.696791 -0.653902 -0.436923 0.688682 -0.550410 -0.550410 0.696791 -0.556098 -0.556098 0.688682 -0.432454 -0.647213 0.696791 -0.436923 -0.653902 0.688682 -0.297880 -0.719145 0.696791 -0.300958 -0.726576 0.688682 -0.151858 -0.763440 0.696791 -0.153427 -0.771330 0.688682 0.000000 -0.778397 0.696791 0.000000 -0.786441 0.688682 0.151858 -0.763440 0.696791 0.153427 -0.771330 0.688682 0.297880 -0.719145 0.696791 0.300958 -0.726576 0.688682 0.432454 -0.647213 0.696791 0.436923 -0.653902 0.688682 0.550410 -0.550410 0.696791 0.556098 -0.556098 0.688682 0.647213 -0.432454 0.696791 0.653902 -0.436923 0.688682 0.719145 -0.297880 0.696791 0.726576 -0.300958 0.688682 0.763440 -0.151858 0.696791 0.771330 -0.153427 0.688682 0.778397 0.000000 0.696791 0.786441 0.000000 0.688682 0.763440 0.151858 0.696791 0.778397 0.000000 0.696791 0.786441 0.000000 0.688682 0.771330 0.153427 0.688682 0.719145 0.297880 0.696791 0.726576 0.300958 0.688682 0.647213 0.432454 0.696791 0.653902 0.436923 0.688682 0.550410 0.550410 0.696791 0.556098 0.556098 0.688682 0.432454 0.647213 0.696791 0.436923 0.653902 0.688682 0.297880 0.719145 0.696791 0.300958 0.726576 0.688682 0.151858 0.763440 0.696791 0.153427 0.771330 0.688682 0.000000 0.786441 0.596050 0.000000 0.786441 0.688682 0.153427 0.771330 0.688682 0.153427 0.771330 0.596050 0.300958 0.726576 0.688682 0.300958 0.726576 0.596050 0.000000 0.766893 0.696791 0.149613 0.752157 0.696791 0.151858 0.763440 0.696791 0.000000 0.778397 0.696791 0.293477 0.708517 0.696791 0.297880 0.719145 0.696791 
						0.293477 0.708517 0.587940 0.149613 0.752157 0.587940 0.151858 0.763440 0.587940 0.297880 0.719145 0.587940 0.000000 0.766893 0.587940 0.000000 0.778397 0.587940 0.436923 0.653902 0.688682 0.436923 0.653902 0.596050 0.426063 0.637648 0.696791 0.432454 0.647213 0.696791 0.426063 0.637648 0.587940 0.432454 0.647213 0.587940 0.542275 0.542275 0.696791 0.550410 0.550410 0.696791 0.556098 0.556098 0.688682 0.556098 0.556098 0.596050 0.542275 0.542275 0.587940 0.550410 0.550410 0.587940 0.637648 0.426063 0.696791 0.647213 0.432454 0.696791 0.653902 0.436923 0.688682 0.653902 0.436923 0.596050 0.637648 0.426063 0.587940 0.647213 0.432454 0.587940 0.708517 0.293477 0.696791 0.719145 0.297880 0.696791 0.726576 0.300958 0.688682 0.726576 0.300958 0.596050 0.708517 0.293477 0.587940 0.719145 0.297880 0.587940 0.752157 0.149613 0.696791 0.763440 0.151858 0.696791 0.771330 0.153427 0.688682 0.771330 0.153427 0.596050 0.752157 0.149613 0.587940 0.763440 0.151858 0.587940 0.766893 0.000000 0.696791 0.778397 0.000000 0.696791 0.786441 0.000000 0.688682 0.786441 0.000000 0.596050 0.766893 0.000000 0.587940 0.778397 0.000000 0.587940 0.766893 0.000000 0.696791 0.752157 -0.149613 0.696791 0.763440 -0.151858 0.696791 0.778397 0.000000 0.696791 0.786441 0.000000 0.596050 0.786441 0.000000 0.688682 0.771330 -0.153427 0.688682 0.771330 -0.153427 0.596050 0.752157 -0.149613 0.587940 0.766893 0.000000 0.587940 0.778397 0.000000 0.587940 0.763440 -0.151858 0.587940 0.708517 -0.293477 0.696791 0.719145 -0.297880 0.696791 0.726576 -0.300958 0.688682 0.726576 -0.300958 0.596050 0.708517 -0.293477 0.587940 0.719145 -0.297880 0.587940 0.637648 -0.426063 0.696791 0.647213 -0.432454 0.696791 0.653902 -0.436923 0.688682 0.653902 -0.436923 0.596050 
						0.637648 -0.426063 0.587940 0.647213 -0.432454 0.587940 0.542275 -0.542275 0.696791 0.550410 -0.550410 0.696791 0.556098 -0.556098 0.688682 0.556098 -0.556098 0.596050 0.542275 -0.542275 0.587940 0.550410 -0.550409 0.587940 0.426063 -0.637648 0.696791 0.432454 -0.647213 0.696791 0.436923 -0.653902 0.688682 0.436923 -0.653902 0.596050 0.426063 -0.637648 0.587940 0.432454 -0.647213 0.587940 0.293477 -0.708517 0.696791 0.297880 -0.719145 0.696791 0.300958 -0.726576 0.688682 0.300958 -0.726576 0.596050 0.293477 -0.708517 0.587940 0.297880 -0.719145 0.587940 0.149613 -0.752157 0.696791 0.151858 -0.763440 0.696791 0.153427 -0.771330 0.688682 0.153427 -0.771330 0.596050 0.149613 -0.752157 0.587940 0.151858 -0.763440 0.587940 0.000000 -0.766893 0.696791 0.000000 -0.778397 0.696791 0.000000 -0.786441 0.688682 0.000000 -0.786441 0.596050 0.000000 -0.766893 0.587940 0.000000 -0.778397 0.587940 -0.153427 -0.771330 0.688682 -0.153427 -0.771330 0.596050 -0.149613 -0.752157 0.696791 -0.151858 -0.763440 0.696791 -0.149613 -0.752157 0.587940 -0.151858 -0.763440 0.587940 -0.300958 -0.726576 0.688682 -0.300958 -0.726576 0.596050 -0.293477 -0.708517 0.696791 -0.297880 -0.719145 0.696791 -0.293477 -0.708517 0.587940 -0.297880 -0.719145 0.587940 -0.436923 -0.653902 0.688682 -0.436923 -0.653902 0.596050 -0.426063 -0.637648 0.696791 -0.432454 -0.647213 0.696791 -0.426063 -0.637648 0.587940 -0.432454 -0.647213 0.587940 -0.556098 -0.556098 0.688682 -0.556098 -0.556098 0.596050 -0.542275 -0.542275 0.696791 -0.550410 -0.550410 0.696791 -0.542275 -0.542275 0.587940 -0.550410 -0.550409 0.587940 -0.653902 -0.436923 0.688682 -0.653902 -0.436923 0.596050 -0.637648 -0.426063 0.696791 -0.647213 -0.432454 0.696791 -0.637648 -0.426063 0.587940 -0.647213 -0.432454 0.587940 -0.726576 -0.300958 0.688682 -0.726576 -0.300958 0.596050 
						-0.708517 -0.293477 0.696791 -0.719145 -0.297880 0.696791 -0.708517 -0.293477 0.587940 -0.719145 -0.297880 0.587940 -0.771329 -0.153427 0.688682 -0.771329 -0.153427 0.596050 -0.752157 -0.149613 0.696791 -0.763440 -0.151858 0.696791 -0.752157 -0.149613 0.587940 -0.763440 -0.151858 0.587940 -0.786441 0.000000 0.688682 -0.786441 0.000000 0.596050 -0.766893 0.000000 0.696791 -0.778397 0.000000 0.696791 -0.766893 0.000000 0.587940 -0.778397 0.000000 0.587940 -0.786441 0.000000 0.596050 -0.786441 0.000000 0.688682 -0.771329 0.153427 0.688682 -0.771329 0.153427 0.596050 -0.766893 0.000000 0.696791 -0.752157 0.149613 0.696791 -0.763440 0.151858 0.696791 -0.778397 0.000000 0.696791 -0.752157 0.149613 0.587940 -0.766893 0.000000 0.587940 -0.778397 0.000000 0.587940 -0.763440 0.151858 0.587940 -0.726576 0.300958 0.688682 -0.726576 0.300958 0.596050 -0.708517 0.293477 0.696791 -0.719145 0.297880 0.696791 -0.708517 0.293477 0.587940 -0.719145 0.297880 0.587940 -0.653902 0.436923 0.688682 -0.653902 0.436923 0.596050 -0.637648 0.426063 0.696791 -0.647213 0.432454 0.696791 -0.637648 0.426063 0.587940 -0.647213 0.432454 0.587940 -0.556098 0.556098 0.688682 -0.556098 0.556098 0.596050 -0.542275 0.542275 0.696791 -0.550410 0.550410 0.696791 -0.542275 0.542275 0.587940 -0.550410 0.550410 0.587940 -0.436923 0.653902 0.688682 -0.436923 0.653902 0.596050 -0.426063 0.637648 0.696791 -0.432454 0.647213 0.696791 -0.426063 0.637648 0.587940 -0.432454 0.647213 0.587940 -0.300958 0.726576 0.688682 -0.300958 0.726576 0.596050 -0.293477 0.708517 0.696791 -0.297880 0.719145 0.696791 -0.293477 0.708517 0.587940 -0.297880 0.719145 0.587940 -0.149613 0.752157 0.696791 -0.151858 0.763440 0.696791 -0.153427 0.771330 0.688682 -0.153427 0.771330 0.596050 -0.149613 0.752157 0.587940 -0.151858 0.763440 0.587940 
						-0.154865 0.778559 0.543804 0.000000 0.793812 0.543804 0.000000 0.799923 0.537403 -0.156057 0.784552 0.537403 -0.303779 0.733386 0.543804 -0.306117 0.739032 0.537403 -0.441018 0.660030 0.543804 -0.444413 0.665111 0.537403 -0.561310 0.561310 0.543804 -0.565631 0.565631 0.537403 -0.660030 0.441018 0.543804 -0.665111 0.444413 0.537403 -0.733386 0.303779 0.543804 -0.739032 0.306117 0.537403 -0.778559 0.154865 0.543804 -0.784552 0.156057 0.537403 -0.793812 0.000000 0.543804 -0.799923 0.000000 0.537403 -0.778559 -0.154865 0.543804 -0.793812 0.000000 0.543804 -0.799923 0.000000 0.537403 -0.784552 -0.156057 0.537403 -0.733386 -0.303779 0.543804 -0.739032 -0.306117 0.537403 -0.660030 -0.441018 0.543804 -0.665111 -0.444413 0.537403 -0.561310 -0.561310 0.543804 -0.565631 -0.565631 0.537403 -0.441018 -0.660030 0.543804 -0.444413 -0.665111 0.537403 -0.303779 -0.733386 0.543804 -0.306117 -0.739032 0.537403 -0.154865 -0.778559 0.543804 -0.156057 -0.784552 0.537403 0.000000 -0.793812 0.543804 0.000000 -0.799923 0.537403 0.154865 -0.778559 0.543804 0.156057 -0.784552 0.537403 0.303779 -0.733386 0.543804 0.306117 -0.739032 0.537403 0.441018 -0.660030 0.543804 0.444413 -0.665111 0.537403 0.561310 -0.561310 0.543804 0.565631 -0.565631 0.537403 0.660030 -0.441018 0.543804 0.665111 -0.444413 0.537403 0.733387 -0.303779 0.543804 0.739032 -0.306117 0.537403 0.778559 -0.154865 0.543804 0.784552 -0.156057 0.537403 0.793812 0.000000 0.543804 0.799923 0.000000 0.537403 0.778559 0.154865 0.543804 0.793812 0.000000 0.543804 0.799923 0.000000 0.537403 0.784552 0.156057 0.537403 0.733387 0.303779 0.543804 0.739032 0.306117 0.537403 0.660030 0.441018 0.543804 0.665111 0.444413 0.537403 0.561310 0.561310 0.543804 0.565631 0.565631 0.537403 0.441018 0.660030 0.543804 0.444413 0.665111 0.537403 
						0.303779 0.733386 0.543804 0.306117 0.739032 0.537403 0.154865 0.778559 0.543804 0.156057 0.784552 0.537403 0.000000 0.799923 0.000000 0.000000 0.799923 0.537403 0.156057 0.784552 0.537403 0.156057 0.784552 0.000000 0.306117 0.739032 0.537403 0.306117 0.739032 0.000000 0.000000 0.766893 0.543804 0.149613 0.752157 0.543804 0.154865 0.778559 0.543804 0.000000 0.793812 0.543804 0.293477 0.708517 0.543804 0.303779 0.733386 0.543804 0.444413 0.665111 0.537403 0.444413 0.665111 0.000000 0.426063 0.637648 0.543804 0.441018 0.660030 0.543804 0.565631 0.565631 0.537403 0.565631 0.565631 0.000000 0.542275 0.542275 0.543804 0.561310 0.561310 0.543804 0.665111 0.444413 0.537403 0.665111 0.444413 0.000000 0.637648 0.426063 0.543804 0.660030 0.441018 0.543804 0.708517 0.293477 0.543804 0.733387 0.303779 0.543804 0.739032 0.306117 0.537403 0.739032 0.306117 0.000000 0.752157 0.149613 0.543804 0.778559 0.154865 0.543804 0.784552 0.156057 0.537403 0.784552 0.156057 0.000000 0.766893 0.000000 0.543804 0.793812 0.000000 0.543804 0.799923 0.000000 0.537403 0.799923 0.000000 0.000000 0.766893 0.000000 0.543804 0.752157 -0.149613 0.543804 0.778559 -0.154865 0.543804 0.793812 0.000000 0.543804 0.799923 0.000000 0.000000 0.799923 0.000000 0.537403 0.784552 -0.156057 0.537403 0.784552 -0.156057 0.000000 0.708517 -0.293477 0.543804 0.733387 -0.303779 0.543804 0.739032 -0.306117 0.537403 0.739032 -0.306117 0.000000 0.637648 -0.426063 0.543804 0.660030 -0.441018 0.543804 0.665111 -0.444413 0.537403 0.665111 -0.444413 0.000000 0.542275 -0.542275 0.543804 0.561310 -0.561310 0.543804 0.565631 -0.565631 0.537403 0.565631 -0.565631 0.000000 0.426063 -0.637648 0.543804 0.441018 -0.660030 0.543804 0.444413 -0.665111 0.537403 0.444413 -0.665111 0.000000 
						0.293477 -0.708517 0.543804 0.303779 -0.733386 0.543804 0.306117 -0.739032 0.537403 0.306117 -0.739032 0.000000 0.149613 -0.752157 0.543804 0.154865 -0.778559 0.543804 0.156057 -0.784552 0.537403 0.156057 -0.784552 0.000000 0.000000 -0.766893 0.543804 0.000000 -0.793812 0.543804 0.000000 -0.799923 0.537403 0.000000 -0.799923 0.000000 -0.149613 -0.752157 0.543804 -0.154865 -0.778559 0.543804 -0.156057 -0.784552 0.537403 -0.156057 -0.784552 0.000000 -0.293477 -0.708517 0.543804 -0.303779 -0.733386 0.543804 -0.306117 -0.739032 0.537403 -0.306117 -0.739032 0.000000 -0.426063 -0.637648 0.543804 -0.441018 -0.660030 0.543804 -0.444413 -0.665111 0.537403 -0.444413 -0.665111 0.000000 -0.565631 -0.565631 0.537403 -0.565631 -0.565631 0.000000 -0.542275 -0.542275 0.543804 -0.561310 -0.561310 0.543804 -0.665111 -0.444413 0.537403 -0.665111 -0.444413 0.000000 -0.637648 -0.426063 0.543804 -0.660030 -0.441018 0.543804 -0.739032 -0.306117 0.537403 -0.739032 -0.306117 0.000000 -0.708517 -0.293477 0.543804 -0.733386 -0.303779 0.543804 -0.784552 -0.156057 0.537403 -0.784552 -0.156057 0.000000 -0.752157 -0.149613 0.543804 -0.778559 -0.154865 0.543804 -0.799923 0.000000 0.537403 -0.799923 0.000000 0.000000 -0.766893 0.000000 0.543804 -0.793812 0.000000 0.543804 -0.799923 0.000000 0.000000 -0.799923 0.000000 0.537403 -0.784552 0.156057 0.537403 -0.784552 0.156057 0.000000 -0.766893 0.000000 0.543804 -0.752157 0.149613 0.543804 -0.778559 0.154865 0.543804 -0.793812 0.000000 0.543804 -0.739032 0.306117 0.537403 -0.739032 0.306117 0.000000 -0.708517 0.293477 0.543804 -0.733386 0.303779 0.543804 -0.665111 0.444413 0.537403 -0.665111 0.444413 0.000000 -0.637648 0.426063 0.543804 -0.660030 0.441018 0.543804 -0.565631 0.565631 0.537403 -0.565631 0.565631 0.000000 -0.542275 0.542275 0.543804 -0.561310 0.561310 0.543804 
						-0.444413 0.665111 0.537403 -0.444413 0.665111 0.000000 -0.426063 0.637648 0.543804 -0.441018 0.660030 0.543804 -0.306117 0.739032 0.537403 -0.306117 0.739032 0.000000 -0.293477 0.708517 0.543804 -0.303779 0.733386 0.543804 -0.156057 0.784552 0.537403 -0.156057 0.784552 0.000000 -0.149613 0.752157 0.543804 -0.154865 0.778559 0.543804 -0.752157 0.149613 1.442793 -0.766893 0.000000 1.442793 -0.805425 0.000000 1.442793 -0.789949 0.157131 1.442793 -0.542275 -0.542275 1.442794 -0.426063 -0.637648 1.442794 -0.447470 -0.669687 1.442794 -0.569522 -0.569522 1.442794 -0.293477 0.708517 1.442793 -0.426063 0.637648 1.442793 -0.447470 0.669687 1.442793 -0.308223 0.744116 1.442793 0.542275 0.542275 1.442793 0.426063 0.637648 1.442793 0.447471 0.669687 1.442793 0.569522 0.569522 1.442793 0.149613 -0.752157 1.442794 0.293477 -0.708517 1.442794 0.308223 -0.744116 1.442794 0.157131 -0.789949 1.442794 0.708517 -0.293477 1.442793 0.744116 -0.308223 1.442793 -0.637648 -0.426063 1.442793 -0.669687 -0.447470 1.442793 0.637648 0.426063 1.442794 0.669687 0.447470 1.442794 -0.708517 0.293477 1.442794 -0.744116 0.308223 1.442794 -0.149613 0.752157 1.442793 -0.157131 0.789950 1.442793 0.000000 -0.766893 1.442794 0.000000 -0.805425 1.442794 0.637648 -0.426063 1.442793 0.669687 -0.447470 1.442793 0.708517 0.293477 1.442794 0.744116 0.308223 1.442794 0.149613 0.752157 1.442793 0.000000 0.766893 1.442793 0.000000 0.805425 1.442793 0.157131 0.789950 1.442793 -0.708517 -0.293477 1.442793 -0.744116 -0.308223 1.442793 -0.149613 -0.752157 1.442794 -0.157131 -0.789949 1.442794 -0.637648 0.426063 1.442794 -0.669687 0.447470 1.442794 0.542275 -0.542275 1.442794 0.569522 -0.569522 1.442794 0.752157 0.149613 1.442793 0.789950 0.157131 1.442793 0.293477 0.708517 1.442793 0.308223 0.744116 1.442793 
						-0.752157 -0.149613 1.442793 -0.789949 -0.157131 1.442793 -0.293477 -0.708517 1.442794 -0.308223 -0.744116 1.442794 -0.542275 0.542275 1.442793 -0.569522 0.569522 1.442793 0.426063 -0.637648 1.442794 0.447471 -0.669687 1.442794 0.766893 0.000000 1.442793 0.805426 0.000000 1.442793 -0.766893 0.000000 1.442793 -0.805425 0.000000 1.442793 0.056290 0.282990 2.074081 -0.000000 0.288534 2.074081 -0.000000 0.267585 2.091766 0.052203 0.262443 2.091766 0.110417 0.266571 2.074081 0.102400 0.247216 2.091766 0.160301 0.239907 2.074081 0.148662 0.222488 2.091766 0.204024 0.204024 2.074081 0.189211 0.189211 2.091766 0.239907 0.160301 2.074081 0.222488 0.148662 2.091766 0.266571 0.110417 2.074080 0.247216 0.102400 2.091766 0.282990 0.056290 2.074080 0.262443 0.052203 2.091766 0.288534 -0.000000 2.074080 0.267585 0.000000 2.091766 0.282990 -0.056290 2.074080 0.262443 -0.052203 2.091766 0.266571 -0.110417 2.074080 0.247216 -0.102400 2.091766 0.239907 -0.160301 2.074080 0.222488 -0.148662 2.091766 0.204024 -0.204024 2.074080 0.189211 -0.189211 2.091766 0.160301 -0.239907 2.074080 0.148662 -0.222488 2.091766 0.110417 -0.266571 2.074080 0.102400 -0.247216 2.091766 0.056290 -0.282990 2.074080 0.052203 -0.262443 2.091766 -0.000000 -0.288534 2.074080 -0.000000 -0.267585 2.091766 -0.056290 -0.282990 2.074080 -0.052203 -0.262443 2.091766 -0.110417 -0.266571 2.074080 -0.102400 -0.247216 2.091766 -0.160301 -0.239907 2.074080 -0.148662 -0.222488 2.091766 -0.204024 -0.204024 2.074080 -0.189211 -0.189211 2.091766 -0.239907 -0.160301 2.074080 -0.222488 -0.148662 2.091766 -0.266571 -0.110417 2.074080 -0.247216 -0.102400 2.091766 -0.282990 -0.056290 2.074080 -0.262443 -0.052203 2.091766 -0.288534 -0.000000 2.074080 -0.267584 0.000000 2.091766 -0.282990 0.056290 2.074080 -0.262443 0.052203 2.091766 
						-0.266571 0.110417 2.074080 -0.247216 0.102400 2.091766 -0.239907 0.160301 2.074081 -0.222488 0.148662 2.091766 -0.204024 0.204024 2.074081 -0.189211 0.189211 2.091766 -0.160301 0.239907 2.074081 -0.148662 0.222488 2.091766 -0.110417 0.266571 2.074081 -0.102400 0.247216 2.091766 -0.056290 0.282990 2.074081 -0.052203 0.262443 2.091766 0.058271 0.292949 2.002203 0.000000 0.298688 2.002203 -0.000000 0.288534 2.074081 0.056290 0.282990 2.074081 0.052203 0.262443 2.091766 -0.000000 0.267585 2.091766 -0.052203 0.262443 2.091766 -0.102400 0.247216 2.091766 -0.148662 0.222488 2.091766 -0.189211 0.189211 2.091766 -0.222488 0.148662 2.091766 -0.247216 0.102400 2.091766 -0.262443 0.052203 2.091766 -0.267584 0.000000 2.091766 -0.262443 -0.052203 2.091766 -0.247216 -0.102400 2.091766 -0.222488 -0.148662 2.091766 -0.189211 -0.189211 2.091766 -0.148662 -0.222488 2.091766 -0.102400 -0.247216 2.091766 -0.052203 -0.262443 2.091766 -0.000000 -0.267585 2.091766 0.052203 -0.262443 2.091766 0.102400 -0.247216 2.091766 0.148662 -0.222488 2.091766 0.189211 -0.189211 2.091766 0.222488 -0.148662 2.091766 0.247216 -0.102400 2.091766 0.262443 -0.052203 2.091766 0.267585 0.000000 2.091766 0.262443 0.052203 2.091766 0.247216 0.102400 2.091766 0.222488 0.148662 2.091766 0.189211 0.189211 2.091766 0.148662 0.222488 2.091766 0.102400 0.247216 2.091766 -0.058271 0.292949 2.002203 -0.056290 0.282990 2.074081 0.114303 0.275952 2.002203 0.110417 0.266571 2.074081 0.165942 0.248350 2.002203 0.160301 0.239907 2.074081 0.211205 0.211205 2.002203 0.204024 0.204024 2.074081 0.248350 0.165942 2.002203 0.239907 0.160301 2.074081 0.275952 0.114303 2.002203 0.266571 0.110417 2.074080 0.292949 0.058271 2.002203 0.282990 0.056290 2.074080 0.298688 0.000000 2.002203 0.288534 -0.000000 2.074080 
						0.292949 -0.058271 2.002203 0.282990 -0.056290 2.074080 0.275952 -0.114303 2.002203 0.266571 -0.110417 2.074080 0.248350 -0.165942 2.002203 0.239907 -0.160301 2.074080 0.211205 -0.211205 2.002203 0.204024 -0.204024 2.074080 0.165942 -0.248350 2.002203 0.160301 -0.239907 2.074080 0.114303 -0.275952 2.002203 0.110417 -0.266571 2.074080 0.058271 -0.292949 2.002203 0.056290 -0.282990 2.074080 0.000000 -0.298688 2.002203 -0.000000 -0.288534 2.074080 -0.058271 -0.292949 2.002203 -0.056290 -0.282990 2.074080 -0.114303 -0.275952 2.002203 -0.110417 -0.266571 2.074080 -0.165942 -0.248350 2.002203 -0.160301 -0.239907 2.074080 -0.211205 -0.211205 2.002203 -0.204024 -0.204024 2.074080 -0.248350 -0.165942 2.002203 -0.239907 -0.160301 2.074080 -0.275952 -0.114303 2.002203 -0.266571 -0.110417 2.074080 -0.292949 -0.058271 2.002203 -0.282990 -0.056290 2.074080 -0.298688 0.000000 2.002203 -0.288534 -0.000000 2.074080 -0.292949 0.058271 2.002203 -0.282990 0.056290 2.074080 -0.275952 0.114303 2.002203 -0.266571 0.110417 2.074080 -0.248350 0.165942 2.002203 -0.239907 0.160301 2.074081 -0.211205 0.211205 2.002203 -0.204024 0.204024 2.074081 -0.165942 0.248350 2.002203 -0.160301 0.239907 2.074081 -0.114303 0.275952 2.002203 -0.110417 0.266571 2.074081 0.157131 0.789950 1.730715 0.000000 0.805426 1.730715 0.000000 0.797471 1.743571 0.155579 0.782148 1.743571 0.308223 0.744116 1.730715 0.305179 0.736767 1.743571 0.447471 0.669687 1.730715 0.443051 0.663073 1.743571 0.569522 0.569522 1.730715 0.563897 0.563897 1.743571 0.669687 0.447470 1.730715 0.663073 0.443051 1.743571 0.744116 0.308223 1.730715 0.736767 0.305179 1.743571 0.789950 0.157131 1.730715 0.782148 0.155579 1.743571 0.805426 0.000000 1.730715 0.797471 0.000000 1.743571 0.789950 -0.157131 1.730715 0.805426 0.000000 1.730715 
						0.797471 0.000000 1.743571 0.782148 -0.155579 1.743571 0.744116 -0.308223 1.730715 0.736767 -0.305179 1.743571 0.669687 -0.447471 1.730715 0.663073 -0.443051 1.743571 0.569522 -0.569522 1.730715 0.563897 -0.563897 1.743571 0.447471 -0.669687 1.730715 0.443051 -0.663073 1.743571 0.308223 -0.744116 1.730715 0.305179 -0.736767 1.743571 0.157131 -0.789949 1.730715 0.155579 -0.782148 1.743571 0.000000 -0.805425 1.730715 0.000000 -0.797471 1.743571 -0.157131 -0.789949 1.730715 -0.155579 -0.782148 1.743571 -0.308223 -0.744116 1.730715 -0.305179 -0.736767 1.743571 -0.447470 -0.669687 1.730715 -0.443051 -0.663073 1.743571 -0.569522 -0.569522 1.730715 -0.563897 -0.563897 1.743571 -0.669687 -0.447471 1.730715 -0.663073 -0.443051 1.743571 -0.744116 -0.308223 1.730715 -0.736767 -0.305179 1.743571 -0.789949 -0.157131 1.730715 -0.782148 -0.155579 1.743571 -0.805425 0.000000 1.730715 -0.797471 0.000000 1.743571 -0.789949 0.157131 1.730715 -0.805425 0.000000 1.730715 -0.797471 0.000000 1.743571 -0.782148 0.155579 1.743571 -0.744116 0.308223 1.730715 -0.736767 0.305179 1.743571 -0.669687 0.447470 1.730715 -0.663073 0.443051 1.743571 -0.569522 0.569522 1.730715 -0.563897 0.563897 1.743571 -0.447470 0.669687 1.730715 -0.443051 0.663073 1.743571 -0.308223 0.744116 1.730715 -0.305179 0.736767 1.743571 -0.157131 0.789950 1.730715 -0.155579 0.782148 1.743571 0.157131 0.789950 1.442793 0.000000 0.805425 1.442793 0.000000 0.805426 1.730715 0.157131 0.789950 1.730715 -0.157131 0.789950 1.442793 -0.157131 0.789950 1.730715 0.308223 0.744116 1.442793 0.308223 0.744116 1.730715 0.447471 0.669687 1.442793 0.447471 0.669687 1.730715 0.569522 0.569522 1.442793 0.569522 0.569522 1.730715 0.669687 0.447470 1.442794 0.669687 0.447470 1.730715 0.744116 0.308223 1.442794 0.744116 0.308223 1.730715 
						0.789950 0.157131 1.442793 0.789950 0.157131 1.730715 0.805426 0.000000 1.442793 0.805426 0.000000 1.730715 0.789950 -0.157131 1.442793 0.805426 0.000000 1.442793 0.805426 0.000000 1.730715 0.789950 -0.157131 1.730715 0.744116 -0.308223 1.442793 0.744116 -0.308223 1.730715 0.669687 -0.447470 1.442793 0.669687 -0.447471 1.730715 0.569522 -0.569522 1.442794 0.569522 -0.569522 1.730715 0.447471 -0.669687 1.442794 0.447471 -0.669687 1.730715 0.308223 -0.744116 1.442794 0.308223 -0.744116 1.730715 0.157131 -0.789949 1.442794 0.157131 -0.789949 1.730715 0.000000 -0.805425 1.442794 0.000000 -0.805425 1.730715 -0.157131 -0.789949 1.442794 -0.157131 -0.789949 1.730715 -0.308223 -0.744116 1.442794 -0.308223 -0.744116 1.730715 -0.447470 -0.669687 1.442794 -0.447470 -0.669687 1.730715 -0.569522 -0.569522 1.442794 -0.569522 -0.569522 1.730715 -0.669687 -0.447470 1.442793 -0.669687 -0.447471 1.730715 -0.744116 -0.308223 1.442793 -0.744116 -0.308223 1.730715 -0.789949 -0.157131 1.442793 -0.789949 -0.157131 1.730715 -0.805425 0.000000 1.442793 -0.805425 0.000000 1.730715 -0.789949 0.157131 1.442793 -0.805425 0.000000 1.442793 -0.805425 0.000000 1.730715 -0.789949 0.157131 1.730715 -0.744116 0.308223 1.442794 -0.744116 0.308223 1.730715 -0.669687 0.447470 1.442794 -0.669687 0.447470 1.730715 -0.569522 0.569522 1.442793 -0.569522 0.569522 1.730715 -0.447470 0.669687 1.442793 -0.447470 0.669687 1.730715 -0.308223 0.744116 1.442793 -0.308223 0.744116 1.730715 0.150550 0.756866 1.725183 0.000000 0.771694 1.725183 0.000000 0.324466 1.956823 0.063300 0.318231 1.956823 -0.150550 0.756866 1.725183 -0.063300 0.318231 1.956823 0.295314 0.712952 1.725183 0.124168 0.299767 1.956823 0.428730 0.641640 1.725183 0.180264 0.269784 1.956823 0.545670 0.545670 1.725183 0.229432 0.229432 1.956823 
						0.641640 0.428730 1.725183 0.269784 0.180264 1.956823 0.712952 0.295314 1.725183 0.299767 0.124168 1.956823 0.756866 0.150550 1.725183 0.318231 0.063300 1.956823 0.771694 0.000000 1.725183 0.324466 0.000000 1.956823 0.756866 -0.150550 1.725183 0.318231 -0.063300 1.956823 0.712952 -0.295314 1.725183 0.299767 -0.124168 1.956823 0.641640 -0.428730 1.725183 0.269784 -0.180264 1.956823 0.545670 -0.545670 1.725183 0.229432 -0.229432 1.956823 0.428730 -0.641640 1.725183 0.180264 -0.269784 1.956823 0.295314 -0.712952 1.725183 0.124168 -0.299767 1.956823 0.150550 -0.756866 1.725183 0.063300 -0.318231 1.956823 0.000000 -0.771693 1.725183 0.000000 -0.324466 1.956823 -0.150550 -0.756866 1.725183 -0.063300 -0.318231 1.956823 -0.295314 -0.712952 1.725183 -0.124168 -0.299767 1.956823 -0.428730 -0.641640 1.725183 -0.180264 -0.269784 1.956823 -0.545670 -0.545670 1.725183 -0.229432 -0.229432 1.956823 -0.641640 -0.428730 1.725183 -0.269784 -0.180264 1.956823 -0.712952 -0.295314 1.725183 -0.299767 -0.124168 1.956823 -0.756866 -0.150550 1.725183 -0.318231 -0.063300 1.956823 -0.771693 0.000000 1.725183 -0.324466 0.000000 1.956823 -0.756866 0.150550 1.725183 -0.318231 0.063300 1.956823 -0.712952 0.295314 1.725183 -0.299767 0.124168 1.956823 -0.641640 0.428730 1.725183 -0.269784 0.180264 1.956823 -0.545670 0.545670 1.725183 -0.229432 0.229432 1.956823 -0.428730 0.641640 1.725183 -0.180264 0.269784 1.956823 -0.295314 0.712952 1.725183 -0.124168 0.299767 1.956823 0.063300 0.318231 1.978064 0.000000 0.324466 1.978064 0.000000 0.315001 1.993663 0.061454 0.308948 1.993663 0.124168 0.299767 1.978064 0.120546 0.291023 1.993663 0.180264 0.269784 1.978064 0.175005 0.261914 1.993663 0.229432 0.229432 1.978064 0.222739 0.222739 1.993663 0.269784 0.180264 1.978064 0.261914 0.175005 1.993663 
						0.299767 0.124168 1.978064 0.291023 0.120546 1.993663 0.318231 0.063300 1.978064 0.308948 0.061454 1.993662 0.324466 0.000000 1.978064 0.315001 0.000000 1.993662 0.318231 -0.063300 1.978064 0.308948 -0.061454 1.993662 0.299767 -0.124168 1.978064 0.291023 -0.120546 1.993662 0.269784 -0.180264 1.978064 0.261914 -0.175005 1.993662 0.229432 -0.229432 1.978064 0.222739 -0.222739 1.993662 0.180264 -0.269784 1.978064 0.175005 -0.261914 1.993662 0.124168 -0.299767 1.978064 0.120546 -0.291023 1.993662 0.063300 -0.318231 1.978064 0.061454 -0.308948 1.993662 0.000000 -0.324466 1.978064 0.000000 -0.315001 1.993662 -0.063300 -0.318231 1.978064 -0.061454 -0.308948 1.993662 -0.124168 -0.299767 1.978064 -0.120546 -0.291023 1.993662 -0.180264 -0.269784 1.978064 -0.175005 -0.261914 1.993662 -0.229432 -0.229432 1.978064 -0.222739 -0.222739 1.993662 -0.269784 -0.180264 1.978064 -0.261914 -0.175005 1.993662 -0.299767 -0.124168 1.978064 -0.291023 -0.120546 1.993662 -0.318231 -0.063300 1.978064 -0.308948 -0.061454 1.993662 -0.324466 0.000000 1.978064 -0.315001 0.000000 1.993662 -0.318231 0.063300 1.978064 -0.308948 0.061454 1.993662 -0.299767 0.124168 1.978064 -0.291023 0.120546 1.993663 -0.269784 0.180264 1.978064 -0.261914 0.175005 1.993663 -0.229432 0.229432 1.978064 -0.222739 0.222739 1.993663 -0.180264 0.269784 1.978064 -0.175005 0.261914 1.993663 -0.124168 0.299767 1.978064 -0.120546 0.291023 1.993663 -0.063300 0.318231 1.978064 -0.061454 0.308948 1.993663 0.000000 0.771694 1.746423 0.150550 0.756866 1.746423 0.152396 0.766149 1.752111 0.000000 0.781159 1.752111 0.295314 0.712952 1.746423 0.298936 0.721696 1.752111 0.428730 0.641640 1.746423 0.433988 0.649509 1.752111 0.545670 0.545670 1.746423 0.552362 0.552362 1.752111 0.641640 0.428730 1.746424 0.649509 0.433988 1.752111 
						0.712952 0.295314 1.746424 0.721696 0.298936 1.752111 0.756866 0.150550 1.746424 0.766149 0.152396 1.752111 0.771694 0.000000 1.746424 0.781159 0.000000 1.752111 0.771694 0.000000 1.746424 0.756866 -0.150550 1.746424 0.766149 -0.152396 1.752111 0.781159 0.000000 1.752111 0.712952 -0.295314 1.746423 0.721696 -0.298936 1.752111 0.641640 -0.428730 1.746423 0.649509 -0.433988 1.752111 0.545670 -0.545670 1.746424 0.552362 -0.552362 1.752111 0.428730 -0.641640 1.746424 0.433988 -0.649509 1.752111 0.295314 -0.712952 1.746424 0.298936 -0.721696 1.752111 0.150550 -0.756866 1.746424 0.152396 -0.766148 1.752111 0.000000 -0.771693 1.746424 0.000000 -0.781158 1.752111 -0.150550 -0.756866 1.746424 -0.152396 -0.766148 1.752111 -0.295314 -0.712952 1.746424 -0.298936 -0.721696 1.752111 -0.428730 -0.641640 1.746424 -0.433988 -0.649509 1.752111 -0.545670 -0.545670 1.746424 -0.552362 -0.552362 1.752111 -0.641640 -0.428730 1.746423 -0.649509 -0.433988 1.752111 -0.712952 -0.295314 1.746423 -0.721696 -0.298936 1.752111 -0.756866 -0.150550 1.746424 -0.766149 -0.152396 1.752111 -0.771693 0.000000 1.746424 -0.781158 0.000000 1.752111 -0.771693 0.000000 1.746424 -0.756866 0.150550 1.746424 -0.766149 0.152396 1.752111 -0.781158 0.000000 1.752111 -0.712952 0.295314 1.746424 -0.721696 0.298936 1.752111 -0.641640 0.428730 1.746424 -0.649509 0.433988 1.752111 -0.545670 0.545670 1.746423 -0.552362 0.552362 1.752111 -0.428730 0.641640 1.746423 -0.433988 0.649509 1.752111 -0.295314 0.712952 1.746423 -0.298936 0.721696 1.752111 -0.150550 0.756866 1.746423 -0.152396 0.766149 1.752111 0.000000 0.324466 1.978064 0.063300 0.318231 1.978064 0.063300 0.318231 1.956823 0.000000 0.324466 1.956823 0.000000 0.315001 1.993663 -0.061454 0.308948 1.993663 -0.058271 0.292949 2.002203 0.000000 0.298688 2.002203 
						0.061454 0.308948 1.993663 0.058271 0.292949 2.002203 -0.063300 0.318231 1.978064 -0.063300 0.318231 1.956823 0.124168 0.299767 1.978064 0.124168 0.299767 1.956823 0.120546 0.291023 1.993663 0.114303 0.275952 2.002203 0.180264 0.269784 1.978064 0.180264 0.269784 1.956823 0.175005 0.261914 1.993663 0.165942 0.248350 2.002203 0.229432 0.229432 1.978064 0.229432 0.229432 1.956823 0.222739 0.222739 1.993663 0.211205 0.211205 2.002203 0.269784 0.180264 1.978064 0.269784 0.180264 1.956823 0.261914 0.175005 1.993663 0.248350 0.165942 2.002203 0.299767 0.124168 1.978064 0.299767 0.124168 1.956823 0.291023 0.120546 1.993663 0.275952 0.114303 2.002203 0.318231 0.063300 1.978064 0.318231 0.063300 1.956823 0.308948 0.061454 1.993662 0.292949 0.058271 2.002203 0.324466 0.000000 1.978064 0.324466 0.000000 1.956823 0.315001 0.000000 1.993662 0.298688 0.000000 2.002203 0.318231 -0.063300 1.978064 0.318231 -0.063300 1.956823 0.308948 -0.061454 1.993662 0.292949 -0.058271 2.002203 0.299767 -0.124168 1.978064 0.299767 -0.124168 1.956823 0.291023 -0.120546 1.993662 0.275952 -0.114303 2.002203 0.269784 -0.180264 1.978064 0.269784 -0.180264 1.956823 0.261914 -0.175005 1.993662 0.248350 -0.165942 2.002203 0.229432 -0.229432 1.978064 0.229432 -0.229432 1.956823 0.222739 -0.222739 1.993662 0.211205 -0.211205 2.002203 0.180264 -0.269784 1.978064 0.180264 -0.269784 1.956823 0.175005 -0.261914 1.993662 0.165942 -0.248350 2.002203 0.124168 -0.299767 1.978064 0.124168 -0.299767 1.956823 0.120546 -0.291023 1.993662 0.114303 -0.275952 2.002203 0.063300 -0.318231 1.978064 0.063300 -0.318231 1.956823 0.061454 -0.308948 1.993662 0.058271 -0.292949 2.002203 0.000000 -0.324466 1.978064 0.000000 -0.324466 1.956823 0.000000 -0.315001 1.993662 0.000000 -0.298688 2.002203 
						-0.063300 -0.318231 1.978064 -0.063300 -0.318231 1.956823 -0.061454 -0.308948 1.993662 -0.058271 -0.292949 2.002203 -0.124168 -0.299767 1.978064 -0.124168 -0.299767 1.956823 -0.120546 -0.291023 1.993662 -0.114303 -0.275952 2.002203 -0.180264 -0.269784 1.978064 -0.180264 -0.269784 1.956823 -0.175005 -0.261914 1.993662 -0.165942 -0.248350 2.002203 -0.229432 -0.229432 1.978064 -0.229432 -0.229432 1.956823 -0.222739 -0.222739 1.993662 -0.211205 -0.211205 2.002203 -0.269784 -0.180264 1.978064 -0.269784 -0.180264 1.956823 -0.261914 -0.175005 1.993662 -0.248350 -0.165942 2.002203 -0.299767 -0.124168 1.978064 -0.299767 -0.124168 1.956823 -0.291023 -0.120546 1.993662 -0.275952 -0.114303 2.002203 -0.318231 -0.063300 1.978064 -0.318231 -0.063300 1.956823 -0.308948 -0.061454 1.993662 -0.292949 -0.058271 2.002203 -0.324466 0.000000 1.978064 -0.324466 0.000000 1.956823 -0.315001 0.000000 1.993662 -0.298688 0.000000 2.002203 -0.318231 0.063300 1.978064 -0.318231 0.063300 1.956823 -0.308948 0.061454 1.993662 -0.292949 0.058271 2.002203 -0.299767 0.124168 1.978064 -0.299767 0.124168 1.956823 -0.291023 0.120546 1.993663 -0.275952 0.114303 2.002203 -0.269784 0.180264 1.978064 -0.269784 0.180264 1.956823 -0.261914 0.175005 1.993663 -0.248350 0.165942 2.002203 -0.229432 0.229432 1.978064 -0.229432 0.229432 1.956823 -0.222739 0.222739 1.993663 -0.211205 0.211205 2.002203 -0.180264 0.269784 1.978064 -0.180264 0.269784 1.956823 -0.175005 0.261914 1.993663 -0.165942 0.248350 2.002203 -0.124168 0.299767 1.978064 -0.124168 0.299767 1.956823 -0.120546 0.291023 1.993663 -0.114303 0.275952 2.002203 0.150550 0.756866 1.746423 0.000000 0.771694 1.746423 0.000000 0.771694 1.725183 0.150550 0.756866 1.725183 0.000000 0.781159 1.752111 0.152396 0.766149 1.752111 0.155579 0.782148 1.743571 0.000000 0.797471 1.743571 
						-0.150550 0.756866 1.746423 -0.150550 0.756866 1.725183 -0.152396 0.766149 1.752111 -0.155579 0.782148 1.743571 0.298936 0.721696 1.752111 0.305179 0.736767 1.743571 0.295314 0.712952 1.746423 0.295314 0.712952 1.725183 0.433988 0.649509 1.752111 0.443051 0.663073 1.743571 0.428730 0.641640 1.746423 0.428730 0.641640 1.725183 0.552362 0.552362 1.752111 0.563897 0.563897 1.743571 0.545670 0.545670 1.746423 0.545670 0.545670 1.725183 0.649509 0.433988 1.752111 0.663073 0.443051 1.743571 0.641640 0.428730 1.746424 0.641640 0.428730 1.725183 0.721696 0.298936 1.752111 0.736767 0.305179 1.743571 0.712952 0.295314 1.746424 0.712952 0.295314 1.725183 0.766149 0.152396 1.752111 0.782148 0.155579 1.743571 0.756866 0.150550 1.746424 0.756866 0.150550 1.725183 0.771694 0.000000 1.746424 0.771694 0.000000 1.725183 0.781159 0.000000 1.752111 0.797471 0.000000 1.743571 0.756866 -0.150550 1.746424 0.771694 0.000000 1.746424 0.771694 0.000000 1.725183 0.756866 -0.150550 1.725183 0.781159 0.000000 1.752111 0.766149 -0.152396 1.752111 0.782148 -0.155579 1.743571 0.797471 0.000000 1.743571 0.721696 -0.298936 1.752111 0.736767 -0.305179 1.743571 0.712952 -0.295314 1.746423 0.712952 -0.295314 1.725183 0.649509 -0.433988 1.752111 0.663073 -0.443051 1.743571 0.641640 -0.428730 1.746423 0.641640 -0.428730 1.725183 0.552362 -0.552362 1.752111 0.563897 -0.563897 1.743571 0.545670 -0.545670 1.746424 0.545670 -0.545670 1.725183 0.433988 -0.649509 1.752111 0.443051 -0.663073 1.743571 0.428730 -0.641640 1.746424 0.428730 -0.641640 1.725183 0.298936 -0.721696 1.752111 0.305179 -0.736767 1.743571 0.295314 -0.712952 1.746424 0.295314 -0.712952 1.725183 0.152396 -0.766148 1.752111 0.155579 -0.782148 1.743571 0.150550 -0.756866 1.746424 0.150550 -0.756866 1.725183 
						0.000000 -0.781158 1.752111 0.000000 -0.797471 1.743571 0.000000 -0.771693 1.746424 0.000000 -0.771693 1.725183 -0.152396 -0.766148 1.752111 -0.155579 -0.782148 1.743571 -0.150550 -0.756866 1.746424 -0.150550 -0.756866 1.725183 -0.298936 -0.721696 1.752111 -0.305179 -0.736767 1.743571 -0.295314 -0.712952 1.746424 -0.295314 -0.712952 1.725183 -0.433988 -0.649509 1.752111 -0.443051 -0.663073 1.743571 -0.428730 -0.641640 1.746424 -0.428730 -0.641640 1.725183 -0.552362 -0.552362 1.752111 -0.563897 -0.563897 1.743571 -0.545670 -0.545670 1.746424 -0.545670 -0.545670 1.725183 -0.649509 -0.433988 1.752111 -0.663073 -0.443051 1.743571 -0.641640 -0.428730 1.746423 -0.641640 -0.428730 1.725183 -0.721696 -0.298936 1.752111 -0.736767 -0.305179 1.743571 -0.712952 -0.295314 1.746423 -0.712952 -0.295314 1.725183 -0.766149 -0.152396 1.752111 -0.782148 -0.155579 1.743571 -0.756866 -0.150550 1.746424 -0.756866 -0.150550 1.725183 -0.781158 0.000000 1.752111 -0.797471 0.000000 1.743571 -0.771693 0.000000 1.746424 -0.771693 0.000000 1.725183 -0.781158 0.000000 1.752111 -0.766149 0.152396 1.752111 -0.782148 0.155579 1.743571 -0.797471 0.000000 1.743571 -0.756866 0.150550 1.746424 -0.771693 0.000000 1.746424 -0.771693 0.000000 1.725183 -0.756866 0.150550 1.725183 -0.721696 0.298936 1.752111 -0.736767 0.305179 1.743571 -0.712952 0.295314 1.746424 -0.712952 0.295314 1.725183 -0.649509 0.433988 1.752111 -0.663073 0.443051 1.743571 -0.641640 0.428730 1.746424 -0.641640 0.428730 1.725183 -0.552362 0.552362 1.752111 -0.563897 0.563897 1.743571 -0.545670 0.545670 1.746423 -0.545670 0.545670 1.725183 -0.433988 0.649509 1.752111 -0.443051 0.663073 1.743571 -0.428730 0.641640 1.746423 -0.428730 0.641640 1.725183 -0.298936 0.721696 1.752111 -0.305179 0.736767 1.743571 -0.295314 0.712952 1.746423 -0.295314 0.712952 1.725183 
						0.245399 0.000000 2.132847 0.237037 0.063514 2.132847 0.233890 0.062671 2.145006 0.242141 0.000000 2.145006 0.225292 0.060367 2.153908 0.233240 0.000000 2.153908 0.213547 0.057220 2.157166 0.221080 0.000000 2.157166 0.201802 0.054073 2.153908 0.208921 0.000000 2.153908 0.193204 0.051769 2.145006 0.200019 0.000000 2.145006 0.190057 0.050926 2.132847 0.196761 0.000000 2.132847 0.193204 0.051769 2.120687 0.200019 0.000000 2.120687 0.201802 0.054073 2.111786 0.208921 0.000000 2.111786 0.213547 0.057220 2.108528 0.221080 0.000000 2.108528 0.221080 0.000000 2.108528 0.213547 0.057220 2.108528 0.225292 0.060367 2.111786 0.233240 0.000000 2.111786 0.233890 0.062671 2.120687 0.242141 0.000000 2.120687 0.212522 0.122700 2.132847 0.209700 0.121070 2.145006 0.201991 0.116620 2.153908 0.191461 0.110540 2.157166 0.180931 0.104460 2.153908 0.173222 0.100010 2.145006 0.170400 0.098381 2.132847 0.173222 0.100010 2.120687 0.180931 0.104460 2.111786 0.191461 0.110540 2.108528 0.191461 0.110540 2.108528 0.201991 0.116620 2.111786 0.209700 0.121070 2.120687 0.173523 0.173523 2.132847 0.171219 0.171219 2.145006 0.164925 0.164925 2.153908 0.156327 0.156327 2.157166 0.147729 0.147729 2.153908 0.141435 0.141435 2.145006 0.139131 0.139131 2.132847 0.141435 0.141435 2.120687 0.147729 0.147729 2.111786 0.156327 0.156327 2.108528 0.156327 0.156327 2.108528 0.164925 0.164925 2.111786 0.171219 0.171219 2.120687 0.122699 0.212522 2.132847 0.121070 0.209700 2.145006 0.116620 0.201991 2.153908 0.110540 0.191461 2.157166 0.104460 0.180931 2.153908 0.100010 0.173222 2.145006 0.098381 0.170400 2.132847 0.100010 0.173222 2.120687 0.104460 0.180931 2.111786 0.110540 0.191461 2.108528 0.110540 0.191461 2.108528 0.116620 0.201991 2.111786 
						0.121070 0.209700 2.120687 0.122699 0.212522 2.132847 0.063514 0.237037 2.132847 0.062671 0.233890 2.145006 0.121070 0.209700 2.145006 0.060367 0.225292 2.153908 0.116620 0.201991 2.153908 0.057220 0.213547 2.157166 0.110540 0.191461 2.157166 0.054073 0.201802 2.153908 0.104460 0.180931 2.153908 0.051769 0.193204 2.145006 0.100010 0.173222 2.145006 0.050926 0.190057 2.132847 0.098381 0.170400 2.132847 0.051769 0.193204 2.120687 0.100010 0.173222 2.120687 0.054073 0.201802 2.111786 0.104460 0.180931 2.111786 0.057220 0.213547 2.108528 0.110540 0.191461 2.108528 0.110540 0.191461 2.108528 0.057220 0.213547 2.108528 0.060367 0.225292 2.111786 0.116620 0.201991 2.111786 0.062671 0.233890 2.120687 0.121070 0.209700 2.120687 0.000000 0.245399 2.132847 0.000000 0.242141 2.145006 0.000000 0.233240 2.153908 0.000000 0.221080 2.157166 0.000000 0.208921 2.153908 0.000000 0.200019 2.145006 0.000000 0.196761 2.132847 0.000000 0.200019 2.120687 0.000000 0.208921 2.111786 0.000000 0.221080 2.108528 0.000000 0.221080 2.108528 0.000000 0.233240 2.111786 0.000000 0.242141 2.120687 -0.063514 0.237037 2.132847 -0.062671 0.233890 2.145006 -0.060367 0.225292 2.153908 -0.057220 0.213547 2.157166 -0.054073 0.201802 2.153908 -0.051769 0.193204 2.145006 -0.050926 0.190057 2.132847 -0.051769 0.193204 2.120687 -0.054073 0.201802 2.111786 -0.057220 0.213547 2.108528 -0.057220 0.213547 2.108528 -0.060367 0.225292 2.111786 -0.062671 0.233890 2.120687 -0.122699 0.212522 2.132847 -0.121070 0.209700 2.145006 -0.116620 0.201991 2.153908 -0.110540 0.191461 2.157166 -0.104460 0.180931 2.153908 -0.100010 0.173222 2.145006 -0.098381 0.170400 2.132847 -0.100010 0.173222 2.120687 -0.104460 0.180931 2.111786 -0.110540 0.191461 2.108528 -0.110540 0.191461 2.108528 
						-0.116620 0.201991 2.111786 -0.121070 0.209700 2.120687 -0.173523 0.173523 2.132847 -0.171219 0.171219 2.145006 -0.164925 0.164925 2.153908 -0.156327 0.156327 2.157166 -0.147729 0.147729 2.153908 -0.141435 0.141435 2.145006 -0.139131 0.139131 2.132847 -0.141435 0.141435 2.120687 -0.147729 0.147729 2.111786 -0.156327 0.156327 2.108528 -0.156327 0.156327 2.108528 -0.164925 0.164925 2.111786 -0.171219 0.171219 2.120687 -0.212522 0.122700 2.132847 -0.209700 0.121070 2.145006 -0.201991 0.116620 2.153908 -0.191461 0.110540 2.157166 -0.180931 0.104460 2.153908 -0.173222 0.100010 2.145006 -0.170400 0.098381 2.132847 -0.173222 0.100010 2.120687 -0.180931 0.104460 2.111786 -0.191461 0.110540 2.108528 -0.191461 0.110540 2.108528 -0.201991 0.116620 2.111786 -0.209700 0.121070 2.120687 -0.237037 0.063514 2.132847 -0.233890 0.062671 2.145006 -0.225292 0.060367 2.153908 -0.213547 0.057220 2.157166 -0.201802 0.054073 2.153908 -0.193204 0.051769 2.145006 -0.190057 0.050926 2.132847 -0.193204 0.051769 2.120687 -0.201802 0.054073 2.111786 -0.213547 0.057220 2.108528 -0.213547 0.057220 2.108528 -0.225292 0.060367 2.111786 -0.233890 0.062671 2.120687 -0.245399 0.000000 2.132847 -0.242141 0.000000 2.145006 -0.233240 0.000000 2.153908 -0.221080 0.000000 2.157166 -0.208921 0.000000 2.153908 -0.200019 0.000000 2.145006 -0.196761 0.000000 2.132847 -0.200019 0.000000 2.120687 -0.208921 0.000000 2.111786 -0.221080 0.000000 2.108528 -0.221080 0.000000 2.108528 -0.233240 0.000000 2.111786 -0.242141 0.000000 2.120687 -0.237037 -0.063514 2.132847 -0.233890 -0.062671 2.145006 -0.225292 -0.060367 2.153908 -0.213547 -0.057220 2.157166 -0.201802 -0.054073 2.153908 -0.193204 -0.051769 2.145006 -0.190057 -0.050926 2.132847 -0.193204 -0.051769 2.120687 -0.201802 -0.054073 2.111786 -0.213547 -0.057220 2.108528 
						-0.213547 -0.057220 2.108528 -0.225292 -0.060367 2.111786 -0.233890 -0.062671 2.120687 -0.212522 -0.122699 2.132847 -0.209700 -0.121070 2.145006 -0.201991 -0.116620 2.153908 -0.191461 -0.110540 2.157166 -0.180931 -0.104460 2.153908 -0.173222 -0.100010 2.145006 -0.170400 -0.098381 2.132847 -0.173222 -0.100010 2.120687 -0.180931 -0.104460 2.111786 -0.191461 -0.110540 2.108528 -0.191461 -0.110540 2.108528 -0.201991 -0.116620 2.111786 -0.209700 -0.121070 2.120687 -0.173523 -0.173523 2.132847 -0.171219 -0.171219 2.145006 -0.164925 -0.164925 2.153908 -0.156327 -0.156327 2.157166 -0.147729 -0.147729 2.153908 -0.141435 -0.141435 2.145006 -0.139131 -0.139131 2.132847 -0.141435 -0.141435 2.120687 -0.147729 -0.147729 2.111786 -0.156327 -0.156327 2.108528 -0.156327 -0.156327 2.108528 -0.164925 -0.164925 2.111786 -0.171219 -0.171219 2.120687 -0.122699 -0.212522 2.132847 -0.121070 -0.209700 2.145006 -0.116620 -0.201991 2.153908 -0.110540 -0.191461 2.157166 -0.104460 -0.180931 2.153908 -0.100010 -0.173222 2.145006 -0.098381 -0.170400 2.132847 -0.100010 -0.173222 2.120687 -0.104460 -0.180931 2.111786 -0.110540 -0.191461 2.108528 -0.110540 -0.191461 2.108528 -0.116620 -0.201991 2.111786 -0.121070 -0.209700 2.120687 -0.122699 -0.212522 2.132847 -0.063514 -0.237037 2.132847 -0.062671 -0.233890 2.145006 -0.121070 -0.209700 2.145006 -0.060367 -0.225292 2.153908 -0.116620 -0.201991 2.153908 -0.057220 -0.213547 2.157166 -0.110540 -0.191461 2.157166 -0.054073 -0.201802 2.153908 -0.104460 -0.180931 2.153908 -0.051769 -0.193204 2.145006 -0.100010 -0.173222 2.145006 -0.050926 -0.190057 2.132847 -0.098381 -0.170400 2.132847 -0.051769 -0.193204 2.120687 -0.100010 -0.173222 2.120687 -0.054073 -0.201802 2.111786 -0.104460 -0.180931 2.111786 -0.057220 -0.213547 2.108528 -0.110540 -0.191461 2.108528 -0.110540 -0.191461 2.108528 -0.057220 -0.213547 2.108528 
						-0.060367 -0.225292 2.111786 -0.116620 -0.201991 2.111786 -0.062671 -0.233890 2.120687 -0.121070 -0.209700 2.120687 0.000000 -0.245399 2.132847 0.000000 -0.242141 2.145006 0.000000 -0.233240 2.153908 0.000000 -0.221080 2.157166 0.000000 -0.208921 2.153908 0.000000 -0.200019 2.145006 0.000000 -0.196761 2.132847 0.000000 -0.200019 2.120687 0.000000 -0.208921 2.111786 0.000000 -0.221080 2.108528 0.000000 -0.221080 2.108528 0.000000 -0.233240 2.111786 0.000000 -0.242141 2.120687 0.063514 -0.237037 2.132847 0.062671 -0.233890 2.145006 0.060367 -0.225292 2.153908 0.057220 -0.213547 2.157166 0.054073 -0.201802 2.153908 0.051769 -0.193204 2.145006 0.050926 -0.190057 2.132847 0.051769 -0.193204 2.120687 0.054073 -0.201802 2.111786 0.057220 -0.213547 2.108528 0.057220 -0.213547 2.108528 0.060367 -0.225292 2.111786 0.062671 -0.233890 2.120687 0.122699 -0.212522 2.132847 0.121070 -0.209700 2.145006 0.116620 -0.201991 2.153908 0.110540 -0.191461 2.157166 0.104460 -0.180931 2.153908 0.100010 -0.173222 2.145006 0.098381 -0.170400 2.132847 0.100010 -0.173222 2.120687 0.104460 -0.180931 2.111786 0.110540 -0.191461 2.108528 0.110540 -0.191461 2.108528 0.116620 -0.201991 2.111786 0.121070 -0.209700 2.120687 0.173523 -0.173523 2.132847 0.171219 -0.171220 2.145006 0.164925 -0.164925 2.153908 0.156327 -0.156327 2.157166 0.147729 -0.147729 2.153908 0.141435 -0.141435 2.145006 0.139131 -0.139131 2.132847 0.141435 -0.141435 2.120687 0.147729 -0.147729 2.111786 0.156327 -0.156327 2.108528 0.156327 -0.156327 2.108528 0.164925 -0.164925 2.111786 0.171219 -0.171220 2.120687 0.212522 -0.122700 2.132847 0.209700 -0.121070 2.145006 0.201991 -0.116620 2.153908 0.191461 -0.110540 2.157166 0.180931 -0.104460 2.153908 0.173222 -0.100010 2.145006 0.170400 -0.098381 2.132847 0.173222 -0.100010 2.120687 
						0.180931 -0.104460 2.111786 0.191461 -0.110540 2.108528 0.191461 -0.110540 2.108528 0.201991 -0.116620 2.111786 0.209700 -0.121070 2.120687 0.237037 -0.063514 2.132847 0.233890 -0.062671 2.145006 0.225292 -0.060367 2.153908 0.213547 -0.057220 2.157166 0.201802 -0.054073 2.153908 0.193204 -0.051769 2.145006 0.190057 -0.050926 2.132847 0.193204 -0.051769 2.120687 0.201802 -0.054073 2.111786 0.213547 -0.057220 2.108528 0.213547 -0.057220 2.108528 0.225292 -0.060367 2.111786 0.233890 -0.062671 2.120687 -0.074022 0.013846 2.132847 -0.074022 0.011991 2.125924 -0.171725 0.011991 2.125924 -0.171725 0.013846 2.132847 0.171141 0.013846 2.132847 0.171141 0.011991 2.125924 0.073438 0.011991 2.125924 0.073438 0.013846 2.132847 -0.074022 0.006923 2.144838 -0.074022 0.011991 2.139770 -0.171725 0.011991 2.139770 -0.171725 0.006923 2.144838 0.171141 0.006923 2.144838 0.171141 0.011991 2.139770 0.073438 0.011991 2.139770 0.073438 0.006923 2.144838 0.073438 -0.006923 2.144838 0.073438 -0.011991 2.139770 0.171141 -0.011991 2.139770 0.171141 -0.006923 2.144838 -0.171725 -0.006923 2.144838 -0.171725 -0.011991 2.139770 -0.074022 -0.011991 2.139770 -0.074022 -0.006923 2.144838 -0.074022 -0.006923 2.120856 -0.074022 -0.011991 2.125924 -0.171725 -0.011991 2.125924 -0.171725 -0.006923 2.120856 0.171141 -0.006923 2.120856 0.171141 -0.011991 2.125924 0.073438 -0.011991 2.125924 0.073438 -0.006923 2.120856 -0.074022 0.000000 2.146693 -0.171725 0.000000 2.146693 0.171141 0.000000 2.146693 0.073438 0.000000 2.146693 -0.074022 -0.013846 2.132847 -0.171725 -0.013846 2.132847 0.171141 -0.013846 2.132847 0.073438 -0.013846 2.132847 -0.074022 0.006923 2.120856 -0.171725 0.006923 2.120856 0.171141 0.006923 2.120856 0.073438 0.006923 2.120856 -0.074022 0.000000 2.119001 -0.171725 0.000000 2.119001 
						0.171141 0.000000 2.119001 0.073438 0.000000 2.119001 -0.074022 0.000000 2.119001 -0.171725 0.000000 2.119001 0.171141 0.000000 2.119001 0.073438 0.000000 2.119001 0.179006 0.017000 2.123032 0.179006 0.019630 2.132847 0.226181 0.019630 2.132847 0.226181 0.017000 2.123032 -0.000292 0.017000 2.142662 0.064622 0.017000 2.142662 0.064622 0.019630 2.132847 -0.000292 0.019630 2.132847 -0.000292 0.017000 2.123032 0.064622 0.017000 2.123032 0.179006 0.017000 2.142662 0.226181 0.017000 2.142662 -0.226765 0.017000 2.142662 -0.179590 0.017000 2.142662 -0.179590 0.019630 2.132847 -0.226765 0.019630 2.132847 -0.226765 0.017000 2.123032 -0.179590 0.017000 2.123032 -0.179590 0.009815 2.115847 -0.226765 0.009815 2.115847 0.064622 0.009815 2.115847 -0.000292 0.009815 2.115847 0.226181 0.009815 2.115847 0.179006 0.009815 2.115847 -0.226765 0.009815 2.149847 -0.179590 0.009815 2.149847 -0.000292 0.009815 2.149847 0.064622 0.009815 2.149847 0.179006 0.009815 2.149847 0.226181 0.009815 2.149847 0.179006 -0.009815 2.149847 0.226181 -0.009815 2.149847 0.226181 0.000000 2.152477 0.179006 0.000000 2.152477 -0.000292 0.000000 2.152477 0.064622 0.000000 2.152477 -0.000292 -0.009815 2.149847 0.064622 -0.009815 2.149847 -0.226765 0.000000 2.152477 -0.179590 0.000000 2.152477 -0.226765 -0.009815 2.149847 -0.179590 -0.009815 2.149847 0.179006 -0.009815 2.115847 0.226181 -0.009815 2.115847 0.226181 -0.017000 2.123032 0.179006 -0.017000 2.123032 -0.000292 -0.017000 2.123032 0.064622 -0.017000 2.123032 0.064622 -0.019630 2.132847 -0.000292 -0.019630 2.132847 0.226181 -0.019630 2.132847 0.179006 -0.019630 2.132847 -0.000292 -0.009815 2.115847 0.064622 -0.009815 2.115847 -0.226765 -0.017000 2.123032 -0.179590 -0.017000 2.123032 -0.179590 -0.019630 2.132847 -0.226765 -0.019630 2.132847 
						-0.226765 -0.009815 2.115847 -0.179590 -0.009815 2.115847 0.064622 -0.017000 2.142662 -0.000292 -0.017000 2.142662 0.226181 -0.017000 2.142662 0.179006 -0.017000 2.142662 -0.179590 -0.017000 2.142662 -0.226765 -0.017000 2.142662 -0.226765 0.000000 2.113217 -0.179590 0.000000 2.113217 -0.000292 0.000000 2.113217 0.064622 0.000000 2.113217 0.179006 0.000000 2.113217 0.226181 0.000000 2.113217 0.064622 0.000000 2.113217 -0.000292 0.000000 2.113217 0.226181 0.000000 2.113217 0.179006 0.000000 2.113217 -0.179590 0.000000 2.113217 -0.226765 0.000000 2.113217 -0.000292 -0.017000 2.142662 -0.000292 -0.009815 2.149847 -0.065206 -0.009815 2.149847 -0.065206 -0.017000 2.142662 -0.074022 0.011991 2.125924 -0.074022 0.013846 2.132847 -0.065206 0.019630 2.132847 -0.065206 0.017000 2.123032 -0.171725 0.013846 2.132847 -0.171725 0.011991 2.125924 -0.179590 0.017000 2.123032 -0.179590 0.019630 2.132847 0.171141 0.011991 2.125924 0.171141 0.013846 2.132847 0.179006 0.019630 2.132847 0.179006 0.017000 2.123032 0.073438 0.013846 2.132847 0.073438 0.011991 2.125924 0.064622 0.017000 2.123032 0.064622 0.019630 2.132847 -0.074022 0.011991 2.139770 -0.074022 0.006923 2.144838 -0.065206 0.009815 2.149847 -0.065206 0.017000 2.142662 -0.171725 0.006923 2.144838 -0.171725 0.011991 2.139770 -0.179590 0.017000 2.142662 -0.179590 0.009815 2.149847 0.171141 0.011991 2.139770 0.171141 0.006923 2.144838 0.179006 0.009815 2.149847 0.179006 0.017000 2.142662 0.073438 0.006923 2.144838 0.073438 0.011991 2.139770 0.064622 0.017000 2.142662 0.064622 0.009815 2.149847 0.073438 -0.011991 2.139770 0.073438 -0.006923 2.144838 0.064622 -0.009815 2.149847 0.064622 -0.017000 2.142662 0.171141 -0.006923 2.144838 0.171141 -0.011991 2.139770 0.179006 -0.017000 2.142662 0.179006 -0.009815 2.149847 
						-0.171725 -0.011991 2.139770 -0.171725 -0.006923 2.144838 -0.179590 -0.009815 2.149847 -0.179590 -0.017000 2.142662 -0.074022 -0.006923 2.144838 -0.074022 -0.011991 2.139770 -0.065206 -0.017000 2.142662 -0.065206 -0.009815 2.149847 -0.074022 -0.011991 2.125924 -0.074022 -0.006923 2.120856 -0.065206 -0.009815 2.115847 -0.065206 -0.017000 2.123032 -0.171725 -0.006923 2.120856 -0.171725 -0.011991 2.125924 -0.179590 -0.017000 2.123032 -0.179590 -0.009815 2.115847 0.171141 -0.011991 2.125924 0.171141 -0.006923 2.120856 0.179006 -0.009815 2.115847 0.179006 -0.017000 2.123032 0.073438 -0.006923 2.120856 0.073438 -0.011991 2.125924 0.064622 -0.017000 2.123032 0.064622 -0.009815 2.115847 -0.074022 0.000000 2.146693 -0.065206 0.000000 2.152477 -0.171725 0.000000 2.146693 -0.179590 0.000000 2.152477 0.171141 0.000000 2.146693 0.179006 0.000000 2.152477 0.073438 0.000000 2.146693 0.064622 0.000000 2.152477 -0.074022 -0.013846 2.132847 -0.065206 -0.019630 2.132847 -0.171725 -0.013846 2.132847 -0.179590 -0.019630 2.132847 0.171141 -0.013846 2.132847 0.179006 -0.019630 2.132847 0.073438 -0.013846 2.132847 0.064622 -0.019630 2.132847 -0.074022 0.006923 2.120856 -0.065206 0.009815 2.115847 -0.171725 0.006923 2.120856 -0.179590 0.009815 2.115847 0.171141 0.006923 2.120856 0.179006 0.009815 2.115847 0.073438 0.006923 2.120856 0.064622 0.009815 2.115847 -0.074022 0.000000 2.119001 -0.065206 0.000000 2.113217 -0.171725 0.000000 2.119001 -0.179590 0.000000 2.113217 0.171141 0.000000 2.119001 0.179006 0.000000 2.113217 0.073438 0.000000 2.119001 0.064622 0.000000 2.113217 -0.074022 0.000000 2.119001 -0.065206 0.000000 2.113217 -0.171725 0.000000 2.119001 -0.179590 0.000000 2.113217 0.171141 0.000000 2.119001 0.179006 0.000000 2.113217 0.073438 0.000000 2.119001 0.064622 0.000000 2.113217 
						-0.065206 0.009815 2.115847 -0.000292 0.009815 2.115847 -0.000292 0.000000 2.113217 -0.065206 0.000000 2.113217 -0.065206 0.000000 2.113217 -0.000292 0.000000 2.113217 -0.000292 -0.009815 2.115847 -0.065206 -0.009815 2.115847 -0.065206 -0.019630 2.132847 -0.000292 -0.019630 2.132847 -0.000292 -0.017000 2.123032 -0.065206 -0.017000 2.123032 -0.000292 0.000000 2.152477 -0.065206 0.000000 2.152477 -0.000292 0.009815 2.149847 -0.065206 0.009815 2.149847 -0.000292 0.017000 2.142662 -0.065206 0.017000 2.142662 -0.065206 0.017000 2.123032 -0.000292 0.017000 2.123032 -0.065206 0.019630 2.132847 -0.000292 0.019630 2.132847 -0.048952 -0.057225 2.132847 -0.047344 -0.058151 2.125924 -0.096122 -0.142807 2.125924 -0.097730 -0.141881 2.132847 0.073445 0.155200 2.132847 0.075052 0.154274 2.125924 0.026274 0.069617 2.125924 0.024667 0.070543 2.132847 -0.042953 -0.060681 2.144838 -0.047344 -0.058151 2.139770 -0.096122 -0.142807 2.139770 -0.091731 -0.145337 2.144838 0.079443 0.151744 2.144838 0.075052 0.154274 2.139770 0.026274 0.069617 2.139770 0.030665 0.067087 2.144838 0.042662 0.060175 2.144838 0.047053 0.057645 2.139770 0.095831 0.142301 2.139770 0.091440 0.144831 2.144838 -0.079735 -0.152250 2.144838 -0.075343 -0.154780 2.139770 -0.026565 -0.070123 2.139770 -0.030957 -0.067593 2.144838 -0.030957 -0.067593 2.120856 -0.026565 -0.070123 2.125924 -0.075343 -0.154780 2.125924 -0.079735 -0.152250 2.120856 0.091440 0.144831 2.120856 0.095831 0.142301 2.125924 0.047053 0.057645 2.125924 0.042662 0.060175 2.120856 -0.036955 -0.064137 2.146693 -0.085733 -0.148793 2.146693 0.085441 0.148288 2.146693 0.036663 0.063631 2.146693 -0.024958 -0.071049 2.132847 -0.073736 -0.155706 2.132847 0.097438 0.141375 2.132847 0.048660 0.056719 2.132847 -0.042953 -0.060681 2.120856 -0.091731 -0.145337 2.120856 
						0.079443 0.151744 2.120856 0.030665 0.067087 2.120856 -0.036955 -0.064137 2.119001 -0.085733 -0.148793 2.119001 0.085441 0.148288 2.119001 0.036663 0.063631 2.119001 -0.036955 -0.064137 2.119001 -0.085733 -0.148793 2.119001 0.085441 0.148288 2.119001 0.036663 0.063631 2.119001 0.074638 0.163589 2.123032 0.072359 0.164902 2.132847 0.095911 0.205777 2.132847 0.098190 0.204464 2.123032 -0.014875 0.008234 2.142662 0.017533 0.064480 2.142662 0.015254 0.065793 2.132847 -0.017154 0.009547 2.132847 -0.014875 0.008234 2.123032 0.017533 0.064480 2.123032 0.074638 0.163589 2.142662 0.098190 0.204464 2.142662 -0.127941 -0.187996 2.142662 -0.104389 -0.147121 2.142662 -0.106668 -0.145808 2.132847 -0.130219 -0.186683 2.132847 -0.127941 -0.187996 2.123032 -0.104389 -0.147121 2.123032 -0.098163 -0.150708 2.115847 -0.121715 -0.191583 2.115847 0.023758 0.060893 2.115847 -0.008650 0.004647 2.115847 0.104415 0.200877 2.115847 0.080863 0.160002 2.115847 -0.121715 -0.191583 2.149847 -0.098163 -0.150708 2.149847 -0.008650 0.004647 2.149847 0.023758 0.060893 2.149847 0.080863 0.160002 2.149847 0.104415 0.200877 2.149847 0.097872 0.150202 2.149847 0.121424 0.191077 2.149847 0.112920 0.195977 2.152477 0.089368 0.155102 2.152477 -0.000146 -0.000253 2.152477 0.032262 0.055993 2.152477 0.008358 -0.005153 2.149847 0.040766 0.051093 2.149847 -0.113211 -0.196483 2.152477 -0.089659 -0.155608 2.152477 -0.104707 -0.201383 2.149847 -0.081155 -0.160508 2.149847 0.097872 0.150202 2.115847 0.121424 0.191077 2.115847 0.127649 0.187490 2.123032 0.104097 0.146615 2.123032 0.014584 -0.008740 2.123032 0.046992 0.047506 2.123032 0.049271 0.046193 2.132847 0.016863 -0.010053 2.132847 0.129928 0.186177 2.132847 0.106376 0.145302 2.132847 0.008358 -0.005153 2.115847 0.040766 0.051093 2.115847 
						-0.098481 -0.204970 2.123032 -0.074929 -0.164095 2.123032 -0.072651 -0.165408 2.132847 -0.096203 -0.206283 2.132847 -0.104707 -0.201383 2.115847 -0.081155 -0.160508 2.115847 0.046992 0.047506 2.142662 0.014584 -0.008740 2.142662 0.127649 0.187490 2.142662 0.104097 0.146615 2.142662 -0.074929 -0.164095 2.142662 -0.098481 -0.204970 2.142662 -0.113211 -0.196483 2.113217 -0.089659 -0.155608 2.113217 -0.000146 -0.000253 2.113217 0.032262 0.055993 2.113217 0.089368 0.155102 2.113217 0.112920 0.195977 2.113217 0.032262 0.055993 2.113217 -0.000146 -0.000253 2.113217 0.112920 0.195977 2.113217 0.089368 0.155102 2.113217 -0.089659 -0.155608 2.113217 -0.113211 -0.196483 2.113217 0.014584 -0.008740 2.142662 0.008358 -0.005153 2.149847 -0.024050 -0.061399 2.149847 -0.017824 -0.064986 2.142662 -0.047344 -0.058151 2.125924 -0.048952 -0.057225 2.132847 -0.049562 -0.046699 2.132847 -0.047283 -0.048012 2.123032 -0.097730 -0.141881 2.132847 -0.096122 -0.142807 2.125924 -0.104389 -0.147121 2.123032 -0.106668 -0.145808 2.132847 0.075052 0.154274 2.125924 0.073445 0.155200 2.132847 0.072359 0.164902 2.132847 0.074638 0.163589 2.123032 0.024667 0.070543 2.132847 0.026274 0.069617 2.125924 0.017533 0.064480 2.123032 0.015254 0.065793 2.132847 -0.047344 -0.058151 2.139770 -0.042953 -0.060681 2.144838 -0.041058 -0.051599 2.149847 -0.047283 -0.048012 2.142662 -0.091731 -0.145337 2.144838 -0.096122 -0.142807 2.139770 -0.104389 -0.147121 2.142662 -0.098163 -0.150708 2.149847 0.075052 0.154274 2.139770 0.079443 0.151744 2.144838 0.080863 0.160002 2.149847 0.074638 0.163589 2.142662 0.030665 0.067087 2.144838 0.026274 0.069617 2.139770 0.017533 0.064480 2.142662 0.023758 0.060893 2.149847 0.047053 0.057645 2.139770 0.042662 0.060175 2.144838 0.040766 0.051093 2.149847 0.046992 0.047506 2.142662 
						0.091440 0.144831 2.144838 0.095831 0.142301 2.139770 0.104097 0.146615 2.142662 0.097872 0.150202 2.149847 -0.075343 -0.154780 2.139770 -0.079735 -0.152250 2.144838 -0.081155 -0.160508 2.149847 -0.074929 -0.164095 2.142662 -0.030957 -0.067593 2.144838 -0.026565 -0.070123 2.139770 -0.017824 -0.064986 2.142662 -0.024050 -0.061399 2.149847 -0.026565 -0.070123 2.125924 -0.030957 -0.067593 2.120856 -0.024050 -0.061399 2.115847 -0.017824 -0.064986 2.123032 -0.079735 -0.152250 2.120856 -0.075343 -0.154780 2.125924 -0.074929 -0.164095 2.123032 -0.081155 -0.160508 2.115847 0.095831 0.142301 2.125924 0.091440 0.144831 2.120856 0.097872 0.150202 2.115847 0.104097 0.146615 2.123032 0.042662 0.060175 2.120856 0.047053 0.057645 2.125924 0.046992 0.047506 2.123032 0.040766 0.051093 2.115847 -0.036955 -0.064137 2.146693 -0.032554 -0.056499 2.152477 -0.085733 -0.148793 2.146693 -0.089659 -0.155608 2.152477 0.085441 0.148288 2.146693 0.089368 0.155102 2.152477 0.036663 0.063631 2.146693 0.032262 0.055993 2.152477 -0.024958 -0.071049 2.132847 -0.015545 -0.066299 2.132847 -0.073736 -0.155706 2.132847 -0.072651 -0.165408 2.132847 0.097438 0.141375 2.132847 0.106376 0.145302 2.132847 0.048660 0.056719 2.132847 0.049271 0.046193 2.132847 -0.042953 -0.060681 2.120856 -0.041058 -0.051599 2.115847 -0.091731 -0.145337 2.120856 -0.098163 -0.150708 2.115847 0.079443 0.151744 2.120856 0.080863 0.160002 2.115847 0.030665 0.067087 2.120856 0.023758 0.060893 2.115847 -0.036955 -0.064137 2.119001 -0.032554 -0.056499 2.113217 -0.085733 -0.148793 2.119001 -0.089659 -0.155608 2.113217 0.085441 0.148288 2.119001 0.089368 0.155102 2.113217 0.036663 0.063631 2.119001 0.032262 0.055993 2.113217 -0.036955 -0.064137 2.119001 -0.032554 -0.056499 2.113217 -0.085733 -0.148793 2.119001 -0.089659 -0.155608 2.113217 
						0.085441 0.148288 2.119001 0.089368 0.155102 2.113217 0.036663 0.063631 2.119001 0.032262 0.055993 2.113217 -0.041058 -0.051599 2.115847 -0.008650 0.004647 2.115847 -0.000146 -0.000253 2.113217 -0.032554 -0.056499 2.113217 -0.032554 -0.056499 2.113217 -0.000146 -0.000253 2.113217 0.008358 -0.005153 2.115847 -0.024050 -0.061399 2.115847 -0.015545 -0.066299 2.132847 0.016863 -0.010053 2.132847 0.014584 -0.008740 2.123032 -0.017824 -0.064986 2.123032 -0.000146 -0.000253 2.152477 -0.032554 -0.056499 2.152477 -0.008650 0.004647 2.149847 -0.041058 -0.051599 2.149847 -0.014875 0.008234 2.142662 -0.047283 -0.048012 2.142662 -0.047283 -0.048012 2.123032 -0.014875 0.008234 2.123032 -0.049562 -0.046699 2.132847 -0.017154 0.009547 2.132847 0.025144 -0.070984 2.132847 0.026749 -0.070053 2.125924 0.075748 -0.154582 2.125924 0.074143 -0.155512 2.132847 -0.097808 0.141119 2.132847 -0.096203 0.142050 2.125924 -0.047204 0.057521 2.125924 -0.048808 0.056591 2.132847 0.031133 -0.067512 2.144838 0.026749 -0.070053 2.139770 0.075748 -0.154582 2.139770 0.080133 -0.152040 2.144838 -0.091819 0.144591 2.144838 -0.096203 0.142050 2.139770 -0.047204 0.057521 2.139770 -0.042819 0.060063 2.144838 -0.030841 0.067007 2.144838 -0.026456 0.069548 2.139770 -0.075455 0.154077 2.139770 -0.079840 0.151535 2.144838 0.092111 -0.145097 2.144838 0.096496 -0.142555 2.139770 0.047496 -0.058027 2.139770 0.043112 -0.060568 2.144838 0.043112 -0.060568 2.120856 0.047496 -0.058027 2.125924 0.096496 -0.142555 2.125924 0.092111 -0.145097 2.120856 -0.079840 0.151535 2.120856 -0.075455 0.154077 2.125924 -0.026456 0.069548 2.125924 -0.030841 0.067007 2.120856 0.037123 -0.064040 2.146693 0.086122 -0.148568 2.146693 -0.085829 0.148063 2.146693 -0.036830 0.063535 2.146693 0.049101 -0.057096 2.132847 0.098101 -0.141625 2.132847 
						-0.073851 0.155007 2.132847 -0.024851 0.070479 2.132847 0.031133 -0.067512 2.120856 0.080133 -0.152040 2.120856 -0.091819 0.144591 2.120856 -0.042819 0.060063 2.120856 0.037123 -0.064040 2.119001 0.086122 -0.148568 2.119001 -0.085829 0.148063 2.119001 -0.036830 0.063535 2.119001 0.037123 -0.064040 2.119001 0.086122 -0.148568 2.119001 -0.085829 0.148063 2.119001 -0.036830 0.063535 2.119001 -0.104481 0.146342 2.123032 -0.106756 0.145023 2.132847 -0.130415 0.185836 2.132847 -0.128140 0.187155 2.123032 -0.014561 -0.008778 2.142662 -0.047116 0.047382 2.142662 -0.049391 0.046064 2.132847 -0.016836 -0.010097 2.132847 -0.014561 -0.008778 2.123032 -0.047116 0.047382 2.123032 -0.104481 0.146342 2.142662 -0.128140 0.187155 2.142662 0.099018 -0.204712 2.142662 0.075359 -0.163898 2.142662 0.073084 -0.165217 2.132847 0.096742 -0.206031 2.132847 0.099018 -0.204712 2.123032 0.075359 -0.163898 2.123032 0.081575 -0.160295 2.115847 0.105234 -0.201108 2.115847 -0.040900 0.050986 2.115847 -0.008345 -0.005175 2.115847 -0.121924 0.190759 2.115847 -0.098265 0.149945 2.115847 0.105234 -0.201108 2.149847 0.081575 -0.160295 2.149847 -0.008345 -0.005175 2.149847 -0.040900 0.050986 2.149847 -0.098265 0.149945 2.149847 -0.121924 0.190759 2.149847 -0.081282 0.159789 2.149847 -0.104941 0.200603 2.149847 -0.113432 0.195681 2.152477 -0.089773 0.154867 2.152477 0.000146 -0.000253 2.152477 -0.032409 0.055908 2.152477 0.008638 0.004670 2.149847 -0.023917 0.060830 2.149847 0.113725 -0.196186 2.152477 0.090066 -0.155372 2.152477 0.122216 -0.191264 2.149847 0.098558 -0.150450 2.149847 -0.081282 0.159789 2.115847 -0.104941 0.200603 2.115847 -0.098725 0.204206 2.123032 -0.075066 0.163393 2.123032 0.014854 0.008273 2.123032 -0.017701 0.064434 2.123032 -0.015426 0.065752 2.132847 0.017129 0.009592 2.132847 
						-0.096450 0.205525 2.132847 -0.072791 0.164712 2.132847 0.008638 0.004670 2.115847 -0.023917 0.060830 2.115847 0.128432 -0.187661 2.123032 0.104774 -0.146847 2.123032 0.107049 -0.145528 2.132847 0.130708 -0.186342 2.132847 0.122216 -0.191264 2.115847 0.098558 -0.150450 2.115847 -0.017701 0.064434 2.142662 0.014854 0.008273 2.142662 -0.098725 0.204206 2.142662 -0.075066 0.163393 2.142662 0.104774 -0.146847 2.142662 0.128432 -0.187661 2.142662 0.113725 -0.196186 2.113217 0.090066 -0.155372 2.113217 0.000146 -0.000253 2.113217 -0.032409 0.055908 2.113217 -0.089773 0.154867 2.113217 -0.113432 0.195681 2.113217 -0.032409 0.055908 2.113217 0.000146 -0.000253 2.113217 -0.113432 0.195681 2.113217 -0.089773 0.154867 2.113217 0.090066 -0.155372 2.113217 0.113725 -0.196186 2.113217 0.014854 0.008273 2.142662 0.008638 0.004670 2.149847 0.041193 -0.051491 2.149847 0.047409 -0.047888 2.142662 0.026749 -0.070053 2.125924 0.025144 -0.070984 2.132847 0.015719 -0.066258 2.132847 0.017994 -0.064939 2.123032 0.074143 -0.155512 2.132847 0.075748 -0.154582 2.125924 0.075359 -0.163898 2.123032 0.073084 -0.165217 2.132847 -0.096203 0.142050 2.125924 -0.097808 0.141119 2.132847 -0.106756 0.145023 2.132847 -0.104481 0.146342 2.123032 -0.048808 0.056591 2.132847 -0.047204 0.057521 2.125924 -0.047116 0.047382 2.123032 -0.049391 0.046064 2.132847 0.026749 -0.070053 2.139770 0.031133 -0.067512 2.144838 0.024210 -0.061335 2.149847 0.017994 -0.064939 2.142662 0.080133 -0.152040 2.144838 0.075748 -0.154582 2.139770 0.075359 -0.163898 2.142662 0.081575 -0.160295 2.149847 -0.096203 0.142050 2.139770 -0.091819 0.144591 2.144838 -0.098265 0.149945 2.149847 -0.104481 0.146342 2.142662 -0.042819 0.060063 2.144838 -0.047204 0.057521 2.139770 -0.047116 0.047382 2.142662 -0.040900 0.050986 2.149847 
						-0.026456 0.069548 2.139770 -0.030841 0.067007 2.144838 -0.023917 0.060830 2.149847 -0.017701 0.064434 2.142662 -0.079840 0.151535 2.144838 -0.075455 0.154077 2.139770 -0.075066 0.163393 2.142662 -0.081282 0.159789 2.149847 0.096496 -0.142555 2.139770 0.092111 -0.145097 2.144838 0.098558 -0.150450 2.149847 0.104774 -0.146847 2.142662 0.043112 -0.060568 2.144838 0.047496 -0.058027 2.139770 0.047409 -0.047888 2.142662 0.041193 -0.051491 2.149847 0.047496 -0.058027 2.125924 0.043112 -0.060568 2.120856 0.041193 -0.051491 2.115847 0.047409 -0.047888 2.123032 0.092111 -0.145097 2.120856 0.096496 -0.142555 2.125924 0.104774 -0.146847 2.123032 0.098558 -0.150450 2.115847 -0.075455 0.154077 2.125924 -0.079840 0.151535 2.120856 -0.081282 0.159789 2.115847 -0.075066 0.163393 2.123032 -0.030841 0.067007 2.120856 -0.026456 0.069548 2.125924 -0.017701 0.064434 2.123032 -0.023917 0.060830 2.115847 0.037123 -0.064040 2.146693 0.032702 -0.056413 2.152477 0.086122 -0.148568 2.146693 0.090066 -0.155372 2.152477 -0.085829 0.148063 2.146693 -0.089773 0.154867 2.152477 -0.036830 0.063535 2.146693 -0.032409 0.055908 2.152477 0.049101 -0.057096 2.132847 0.049684 -0.046569 2.132847 0.098101 -0.141625 2.132847 0.107049 -0.145528 2.132847 -0.073851 0.155007 2.132847 -0.072791 0.164712 2.132847 -0.024851 0.070479 2.132847 -0.015426 0.065752 2.132847 0.031133 -0.067512 2.120856 0.024210 -0.061335 2.115847 0.080133 -0.152040 2.120856 0.081575 -0.160295 2.115847 -0.091819 0.144591 2.120856 -0.098265 0.149945 2.115847 -0.042819 0.060063 2.120856 -0.040900 0.050986 2.115847 0.037123 -0.064040 2.119001 0.032702 -0.056413 2.113217 0.086122 -0.148568 2.119001 0.090066 -0.155372 2.113217 -0.085829 0.148063 2.119001 -0.089773 0.154867 2.113217 -0.036830 0.063535 2.119001 -0.032409 0.055908 2.113217 
						0.037123 -0.064040 2.119001 0.032702 -0.056413 2.113217 0.086122 -0.148568 2.119001 0.090066 -0.155372 2.113217 -0.085829 0.148063 2.119001 -0.089773 0.154867 2.113217 -0.036830 0.063535 2.119001 -0.032409 0.055908 2.113217 0.024210 -0.061335 2.115847 -0.008345 -0.005175 2.115847 0.000146 -0.000253 2.113217 0.032702 -0.056413 2.113217 0.032702 -0.056413 2.113217 0.000146 -0.000253 2.113217 0.008638 0.004670 2.115847 0.041193 -0.051491 2.115847 0.049684 -0.046569 2.132847 0.017129 0.009592 2.132847 0.014854 0.008273 2.123032 0.047409 -0.047888 2.123032 0.000146 -0.000253 2.152477 0.032702 -0.056413 2.152477 -0.008345 -0.005175 2.149847 0.024210 -0.061335 2.149847 -0.014561 -0.008778 2.142662 0.017994 -0.064939 2.142662 0.017994 -0.064939 2.123032 -0.014561 -0.008778 2.123032 0.015719 -0.066258 2.132847 -0.016836 -0.010097 2.132847 0.026055 0.000000 2.154573 0.025167 0.006743 2.154573 0.022564 0.013027 2.154573 0.018424 0.018424 2.154573 0.013027 0.022564 2.154573 0.006743 0.025167 2.154573 0.000000 0.026055 2.154573 -0.006743 0.025167 2.154573 -0.013027 0.022564 2.154573 -0.018424 0.018424 2.154573 -0.022564 0.013027 2.154573 -0.025167 0.006743 2.154573 -0.026055 0.000000 2.154573 -0.025167 -0.006743 2.154573 -0.022564 -0.013027 2.154573 -0.018424 -0.018424 2.154573 -0.013027 -0.022564 2.154573 -0.006743 -0.025167 2.154573 0.000000 -0.026055 2.154573 0.006743 -0.025167 2.154573 0.013027 -0.022564 2.154573 0.018424 -0.018424 2.154573 0.022564 -0.013027 2.154573 0.025167 -0.006743 2.154573 0.040997 0.000000 2.156185 0.039600 0.010611 2.156185 0.035320 0.009464 2.160210 0.036566 0.000000 2.160210 0.036566 0.000000 2.105484 0.035320 0.009464 2.105484 0.039600 0.010611 2.109509 0.040997 0.000000 2.109509 0.035504 0.020498 2.156185 0.031667 0.018283 2.160210 
						0.031667 0.018283 2.105484 0.035504 0.020498 2.109509 0.028989 0.028989 2.156185 0.025856 0.025856 2.160210 0.025856 0.025856 2.105484 0.028989 0.028989 2.109509 0.020498 0.035504 2.156185 0.018283 0.031667 2.160210 0.018283 0.031667 2.105484 0.020498 0.035504 2.109509 0.010611 0.039600 2.156185 0.009464 0.035320 2.160210 0.009464 0.035320 2.105484 0.010611 0.039600 2.109509 0.000000 0.040996 2.156185 0.000000 0.036566 2.160210 0.000000 0.036566 2.105484 0.000000 0.040996 2.109509 -0.010611 0.039600 2.156185 -0.009464 0.035320 2.160210 -0.009464 0.035320 2.105484 -0.010611 0.039600 2.109509 -0.020498 0.035504 2.156185 -0.018283 0.031667 2.160210 -0.018283 0.031667 2.105484 -0.020498 0.035504 2.109509 -0.028989 0.028989 2.156185 -0.025856 0.025856 2.160210 -0.025856 0.025856 2.105484 -0.028989 0.028989 2.109509 -0.035504 0.020498 2.156185 -0.031667 0.018283 2.160210 -0.031667 0.018283 2.105484 -0.035504 0.020498 2.109509 -0.039600 0.010611 2.156185 -0.035320 0.009464 2.160210 -0.035320 0.009464 2.105484 -0.039600 0.010611 2.109509 -0.040996 0.000000 2.156185 -0.036566 0.000000 2.160210 -0.036566 0.000000 2.105484 -0.040996 0.000000 2.109509 -0.040996 0.000000 2.156185 -0.039600 -0.010611 2.156185 -0.035320 -0.009464 2.160210 -0.036566 0.000000 2.160210 -0.036566 0.000000 2.105484 -0.035320 -0.009464 2.105484 -0.039600 -0.010611 2.109509 -0.040996 0.000000 2.109509 -0.035504 -0.020498 2.156185 -0.031667 -0.018283 2.160210 -0.031667 -0.018283 2.105484 -0.035504 -0.020498 2.109509 -0.028989 -0.028989 2.156185 -0.025856 -0.025856 2.160210 -0.025856 -0.025856 2.105484 -0.028989 -0.028989 2.109509 -0.020498 -0.035504 2.156185 -0.018283 -0.031667 2.160210 -0.018283 -0.031667 2.105484 -0.020498 -0.035504 2.109509 -0.010611 -0.039600 2.156185 -0.009464 -0.035320 2.160210 
						-0.009464 -0.035320 2.105484 -0.010611 -0.039600 2.109509 0.000000 -0.040996 2.156185 0.000000 -0.036566 2.160210 0.000000 -0.036566 2.105484 0.000000 -0.040996 2.109509 0.010611 -0.039600 2.156185 0.009464 -0.035320 2.160210 0.009464 -0.035320 2.105484 0.010611 -0.039600 2.109509 0.020498 -0.035504 2.156185 0.018283 -0.031667 2.160210 0.018283 -0.031667 2.105484 0.020498 -0.035504 2.109509 0.028989 -0.028989 2.156185 0.025856 -0.025856 2.160210 0.025856 -0.025856 2.105484 0.028989 -0.028989 2.109509 0.035504 -0.020498 2.156185 0.031667 -0.018283 2.160210 0.031667 -0.018283 2.105484 0.035504 -0.020498 2.109509 0.039600 -0.010611 2.156185 0.035320 -0.009464 2.160210 0.035320 -0.009464 2.105484 0.039600 -0.010611 2.109509 0.036566 0.000000 2.160210 0.040997 0.000000 2.156185 0.040997 0.000000 2.109509 0.036566 0.000000 2.105484 0.030486 0.000000 2.160210 0.029447 0.007890 2.160210 0.025167 0.006743 2.156185 0.026055 0.000000 2.156185 0.026401 0.015243 2.160210 0.022564 0.013027 2.156185 0.021557 0.021557 2.160210 0.018424 0.018424 2.156185 0.015243 0.026401 2.160210 0.013027 0.022564 2.156185 0.007890 0.029447 2.160210 0.006743 0.025167 2.156185 0.000000 0.030486 2.160210 0.000000 0.026055 2.156185 -0.007890 0.029447 2.160210 -0.006743 0.025167 2.156185 -0.015243 0.026401 2.160210 -0.013027 0.022564 2.156185 -0.021557 0.021557 2.160210 -0.018424 0.018424 2.156185 -0.026401 0.015243 2.160210 -0.022564 0.013027 2.156185 -0.029447 0.007890 2.160210 -0.025167 0.006743 2.156185 -0.030486 0.000000 2.160210 -0.026055 0.000000 2.156185 -0.030486 0.000000 2.160210 -0.029447 -0.007890 2.160210 -0.025167 -0.006743 2.156185 -0.026055 0.000000 2.156185 -0.026401 -0.015243 2.160210 -0.022564 -0.013027 2.156185 -0.021557 -0.021557 2.160210 -0.018424 -0.018424 2.156185 
						-0.015243 -0.026401 2.160210 -0.013027 -0.022564 2.156185 -0.007890 -0.029447 2.160210 -0.006743 -0.025167 2.156185 0.000000 -0.030486 2.160210 0.000000 -0.026055 2.156185 0.007890 -0.029447 2.160210 0.006743 -0.025167 2.156185 0.015243 -0.026401 2.160210 0.013027 -0.022564 2.156185 0.021557 -0.021557 2.160210 0.018424 -0.018424 2.156185 0.026401 -0.015243 2.160210 0.022564 -0.013027 2.156185 0.029447 -0.007890 2.160210 0.025167 -0.006743 2.156185 0.026055 0.000000 2.156185 0.030486 0.000000 2.160210 0.026055 0.000000 2.156185 0.025167 0.006743 2.156185 0.025167 0.006743 2.154573 0.026055 0.000000 2.154573 0.030486 0.000000 2.160210 0.029447 -0.007890 2.160210 0.035320 -0.009464 2.160210 0.036566 0.000000 2.160210 0.029447 0.007890 2.160210 0.030486 0.000000 2.160210 0.036566 0.000000 2.160210 0.035320 0.009464 2.160210 0.025167 -0.006743 2.156185 0.026055 0.000000 2.156185 0.026055 0.000000 2.154573 0.025167 -0.006743 2.154573 0.022564 0.013027 2.156185 0.022564 0.013027 2.154573 0.026401 0.015243 2.160210 0.031667 0.018283 2.160210 0.018424 0.018424 2.156185 0.018424 0.018424 2.154573 0.021557 0.021557 2.160210 0.025856 0.025856 2.160210 0.013027 0.022564 2.156185 0.013027 0.022564 2.154573 0.015243 0.026401 2.160210 0.018283 0.031667 2.160210 0.006743 0.025167 2.156185 0.006743 0.025167 2.154573 0.007890 0.029447 2.160210 0.009464 0.035320 2.160210 0.000000 0.026055 2.156185 0.000000 0.026055 2.154573 0.000000 0.030486 2.160210 0.000000 0.036566 2.160210 -0.006743 0.025167 2.156185 -0.006743 0.025167 2.154573 -0.007890 0.029447 2.160210 -0.009464 0.035320 2.160210 -0.013027 0.022564 2.156185 -0.013027 0.022564 2.154573 -0.015243 0.026401 2.160210 -0.018283 0.031667 2.160210 -0.018424 0.018424 2.156185 -0.018424 0.018424 2.154573 
						-0.021557 0.021557 2.160210 -0.025856 0.025856 2.160210 -0.022564 0.013027 2.156185 -0.022564 0.013027 2.154573 -0.026401 0.015243 2.160210 -0.031667 0.018283 2.160210 -0.025167 0.006743 2.156185 -0.025167 0.006743 2.154573 -0.029447 0.007890 2.160210 -0.035320 0.009464 2.160210 -0.026055 0.000000 2.156185 -0.026055 0.000000 2.154573 -0.030486 0.000000 2.160210 -0.036566 0.000000 2.160210 -0.026055 0.000000 2.156185 -0.025167 -0.006743 2.156185 -0.025167 -0.006743 2.154573 -0.026055 0.000000 2.154573 -0.029447 -0.007890 2.160210 -0.030486 0.000000 2.160210 -0.036566 0.000000 2.160210 -0.035320 -0.009464 2.160210 -0.022564 -0.013027 2.156185 -0.022564 -0.013027 2.154573 -0.026401 -0.015243 2.160210 -0.031667 -0.018283 2.160210 -0.018424 -0.018424 2.156185 -0.018424 -0.018424 2.154573 -0.021557 -0.021557 2.160210 -0.025856 -0.025856 2.160210 -0.013027 -0.022564 2.156185 -0.013027 -0.022564 2.154573 -0.015243 -0.026401 2.160210 -0.018283 -0.031667 2.160210 -0.006743 -0.025167 2.156185 -0.006743 -0.025167 2.154573 -0.007890 -0.029447 2.160210 -0.009464 -0.035320 2.160210 0.000000 -0.026055 2.156185 0.000000 -0.026055 2.154573 0.000000 -0.030486 2.160210 0.000000 -0.036566 2.160210 0.006743 -0.025167 2.156185 0.006743 -0.025167 2.154573 0.007890 -0.029447 2.160210 0.009464 -0.035320 2.160210 0.013027 -0.022564 2.156185 0.013027 -0.022564 2.154573 0.015243 -0.026401 2.160210 0.018283 -0.031667 2.160210 0.018424 -0.018424 2.156185 0.018424 -0.018424 2.154573 0.021557 -0.021557 2.160210 0.025856 -0.025856 2.160210 0.022564 -0.013027 2.156185 0.022564 -0.013027 2.154573 0.026401 -0.015243 2.160210 0.031667 -0.018283 2.160210 0.039600 -0.010611 2.156185 0.039600 -0.010611 2.109509 0.040997 0.000000 2.109509 0.040997 0.000000 2.156185 0.040997 0.000000 2.156185 0.040997 0.000000 2.109509 
						0.039600 0.010611 2.109509 0.039600 0.010611 2.156185 0.035504 0.020498 2.109509 0.035504 0.020498 2.156185 0.028989 0.028989 2.109509 0.028989 0.028989 2.156185 0.020498 0.035504 2.109509 0.020498 0.035504 2.156185 0.010611 0.039600 2.109509 0.010611 0.039600 2.156185 0.000000 0.040996 2.109509 0.000000 0.040996 2.156185 -0.010611 0.039600 2.109509 -0.010611 0.039600 2.156185 -0.020498 0.035504 2.109509 -0.020498 0.035504 2.156185 -0.028989 0.028989 2.109509 -0.028989 0.028989 2.156185 -0.035504 0.020498 2.109509 -0.035504 0.020498 2.156185 -0.039600 0.010611 2.109509 -0.039600 0.010611 2.156185 -0.040996 0.000000 2.109509 -0.040996 0.000000 2.156185 -0.040996 0.000000 2.156185 -0.040996 0.000000 2.109509 -0.039600 -0.010611 2.109509 -0.039600 -0.010611 2.156185 -0.035504 -0.020498 2.109509 -0.035504 -0.020498 2.156185 -0.028989 -0.028989 2.109509 -0.028989 -0.028989 2.156185 -0.020498 -0.035504 2.109509 -0.020498 -0.035504 2.156185 -0.010611 -0.039600 2.109509 -0.010611 -0.039600 2.156185 0.000000 -0.040996 2.109509 0.000000 -0.040996 2.156185 0.010611 -0.039600 2.109509 0.010611 -0.039600 2.156185 0.020498 -0.035504 2.109509 0.020498 -0.035504 2.156185 0.028989 -0.028989 2.109509 0.028989 -0.028989 2.156185 0.035504 -0.020498 2.156185 0.035504 -0.020498 2.109509 -0.018026 -0.913144 1.044290 0.000000 -0.916729 1.044290 0.000000 -0.916729 1.883635 -0.018026 -0.913144 1.883635 0.018026 -0.826106 1.883635 0.000000 -0.822521 1.883635 0.000000 -0.822521 1.883635 0.018026 -0.825833 1.885007 0.033308 -0.836317 1.044290 0.018026 -0.826106 1.044290 0.018026 -0.826106 1.883635 0.033308 -0.836317 1.883635 -0.033308 -0.902933 1.044290 -0.033308 -0.902933 1.883635 0.043519 -0.851599 1.044290 0.043519 -0.851599 1.883635 -0.043518 -0.887651 1.044290 -0.043518 -0.887651 1.883635 
						0.047104 -0.869625 1.044290 0.047104 -0.869625 1.883635 -0.047104 -0.869625 1.044290 -0.047104 -0.869625 1.883635 0.043519 -0.887651 1.044290 0.043519 -0.887651 1.883635 -0.043518 -0.851599 1.044290 -0.043518 -0.851599 1.883635 0.033308 -0.902933 1.044290 0.033308 -0.902933 1.883635 -0.033308 -0.836317 1.044290 -0.033308 -0.836317 1.883635 0.018026 -0.913144 1.044290 0.018026 -0.913144 1.883635 -0.018026 -0.826106 1.044290 -0.018026 -0.826106 1.883635 0.000000 -0.822521 1.044290 0.000000 -0.822521 1.883635 0.000000 -0.822521 1.044290 0.000000 -0.822521 1.883635 0.026315 -0.806094 0.311644 0.000000 -0.800859 0.311644 0.000000 -0.810078 0.320686 0.022788 -0.814611 0.320686 0.048625 -0.821000 0.311644 0.042106 -0.827519 0.320686 0.063531 -0.843310 0.311644 0.055014 -0.846837 0.320686 0.068766 -0.869625 0.311644 0.059547 -0.869625 0.320686 0.063531 -0.895940 0.311644 0.055014 -0.892412 0.320686 0.048625 -0.918249 0.311644 0.042106 -0.911731 0.320686 0.026315 -0.933156 0.311644 0.022788 -0.924639 0.320686 0.000000 -0.938390 0.311644 0.000000 -0.929172 0.320686 -0.026315 -0.933156 0.311644 -0.022788 -0.924639 0.320686 -0.048625 -0.918249 0.311644 -0.042106 -0.911731 0.320686 -0.063531 -0.895940 0.311644 -0.055014 -0.892412 0.320686 -0.068766 -0.869625 0.311644 -0.059547 -0.869625 0.320686 -0.063531 -0.843310 0.311644 -0.055014 -0.846837 0.320686 -0.048625 -0.821000 0.311644 -0.042106 -0.827519 0.320686 -0.026315 -0.806094 0.311644 -0.022788 -0.814611 0.320686 0.000000 -0.800859 0.311644 0.000000 -0.810078 0.320686 0.000000 -0.822521 0.320686 0.018026 -0.826106 0.320686 0.022788 -0.814611 0.320686 0.000000 -0.810078 0.320686 0.000000 -0.800859 0.000000 0.000000 -0.800859 0.311644 0.026315 -0.806094 0.311644 0.026315 -0.806094 0.000000 0.048625 -0.821000 0.311644 0.048625 -0.821000 0.000000 
						0.033308 -0.836317 0.320686 0.042106 -0.827519 0.320686 -0.026315 -0.806094 0.000000 -0.026315 -0.806094 0.311644 0.000000 -0.800859 0.311644 0.000000 -0.800859 0.000000 -0.018026 -0.826106 0.320686 0.000000 -0.822521 0.320686 0.000000 -0.810078 0.320686 -0.022788 -0.814611 0.320686 0.063531 -0.843310 0.311644 0.063531 -0.843310 0.000000 0.043519 -0.851599 0.320686 0.055014 -0.846837 0.320686 0.068766 -0.869625 0.311644 0.068766 -0.869625 0.000000 0.047104 -0.869625 0.320686 0.059547 -0.869625 0.320686 0.063531 -0.895940 0.311644 0.063531 -0.895940 0.000000 0.043519 -0.887651 0.320686 0.055014 -0.892412 0.320686 0.048625 -0.918249 0.311644 0.048625 -0.918250 0.000000 0.033308 -0.902933 0.320686 0.042106 -0.911731 0.320686 0.026315 -0.933156 0.311644 0.026315 -0.933156 0.000000 0.018026 -0.913144 0.320686 0.022788 -0.924639 0.320686 0.000000 -0.938390 0.311644 0.000000 -0.938391 0.000000 0.000000 -0.916729 0.320686 0.000000 -0.929172 0.320686 -0.026315 -0.933156 0.311644 -0.026315 -0.933156 0.000000 -0.018026 -0.913144 0.320686 -0.022788 -0.924639 0.320686 -0.048625 -0.918249 0.311644 -0.048625 -0.918250 0.000000 -0.033308 -0.902933 0.320686 -0.042106 -0.911731 0.320686 -0.063531 -0.895940 0.311644 -0.063531 -0.895940 0.000000 -0.043519 -0.887651 0.320686 -0.055014 -0.892412 0.320686 -0.068766 -0.869625 0.311644 -0.068766 -0.869625 0.000000 -0.047104 -0.869625 0.320686 -0.059547 -0.869625 0.320686 -0.063531 -0.843310 0.311644 -0.063531 -0.843310 0.000000 -0.043519 -0.851599 0.320686 -0.055014 -0.846837 0.320686 -0.048625 -0.821000 0.311644 -0.048625 -0.821000 0.000000 -0.033308 -0.836317 0.320686 -0.042106 -0.827519 0.320686 -0.018026 -0.825833 1.885007 -0.033308 -0.835267 1.888915 -0.033308 -0.832277 1.893391 -0.018026 -0.825056 1.886170 0.000000 -0.822521 1.883635 -0.018026 -0.826106 1.883635 
						-0.018026 -0.825833 1.885007 0.000000 -0.822521 1.883635 -0.018026 -0.913144 1.883635 0.000000 -0.916729 1.883635 0.000000 -0.909558 1.919687 -0.018026 -0.906245 1.918315 0.033308 -0.836317 1.883635 0.033308 -0.835267 1.888915 -0.033308 -0.902933 1.883635 -0.033308 -0.896812 1.914407 0.043519 -0.851599 1.883635 0.043519 -0.849386 1.894763 -0.043518 -0.887651 1.883635 -0.043518 -0.882693 1.908559 0.047104 -0.869625 1.883635 0.047104 -0.866039 1.901661 -0.047104 -0.869625 1.883635 -0.047104 -0.866039 1.901661 0.043519 -0.887651 1.883635 0.043519 -0.882693 1.908559 -0.043518 -0.851599 1.883635 -0.043518 -0.849386 1.894763 0.033308 -0.902933 1.883635 0.033308 -0.896812 1.914407 -0.033308 -0.836317 1.883635 0.018026 -0.913144 1.883635 0.018026 -0.906245 1.918315 0.043519 -0.868575 1.929689 0.047104 -0.855829 1.916943 0.047104 -0.840547 1.927154 0.043519 -0.847445 1.943807 0.018026 -0.886601 1.947715 0.000000 -0.889136 1.950250 0.000000 -0.822521 1.883635 0.000000 -0.822521 1.883635 0.018026 -0.825056 1.886170 0.000000 -0.822521 1.883635 -0.018026 -0.886601 1.947715 0.018026 -0.825056 1.886170 0.033308 -0.832277 1.893391 -0.033308 -0.879381 1.940495 0.043519 -0.843082 1.904197 -0.043518 -0.868575 1.929689 -0.047104 -0.855829 1.916943 -0.043518 -0.843082 1.904197 0.033308 -0.879381 1.940495 -0.033308 -0.853293 1.957926 -0.018026 -0.857201 1.967360 -0.018026 -0.822521 1.974258 -0.033308 -0.822521 1.964047 -0.047104 -0.840547 1.927154 -0.043518 -0.833649 1.910500 0.033308 -0.853293 1.957926 -0.033308 -0.827801 1.896381 0.018026 -0.857201 1.967360 -0.018026 -0.823893 1.886948 0.000000 -0.858573 1.970672 0.000000 -0.822521 1.883635 0.000000 -0.822521 1.883635 0.018026 -0.823893 1.886948 0.000000 -0.822521 1.883635 -0.018026 -0.823893 1.886948 0.000000 -0.822521 1.883635 0.018026 -0.823893 1.886948 
						0.033308 -0.827801 1.896381 0.043519 -0.833649 1.910500 -0.043518 -0.847445 1.943807 -0.018026 -0.822521 1.887221 -0.033308 -0.822521 1.897432 -0.033308 -0.670508 1.897432 -0.018026 -0.670508 1.887221 0.033308 -0.822521 1.897432 0.043519 -0.822521 1.912713 -0.043518 -0.822521 1.948765 0.047104 -0.822521 1.930739 -0.047104 -0.822521 1.930739 0.043519 -0.822521 1.948765 -0.043518 -0.822521 1.912713 0.033308 -0.822521 1.964047 0.018026 -0.822521 1.974258 0.000000 -0.822521 1.977843 0.000000 -0.822521 1.883635 0.000000 -0.822521 1.883635 0.018026 -0.822521 1.887221 0.000000 -0.822521 1.883635 -0.018026 -0.822521 1.887221 0.000000 -0.822521 1.883635 0.018026 -0.822521 1.887221 -0.043518 -0.670508 1.912713 -0.047104 -0.670508 1.930739 -0.047104 -0.652482 1.927154 -0.043518 -0.659380 1.910500 0.018026 -0.670508 1.974258 0.000000 -0.670508 1.977844 0.000000 -0.822521 1.883635 0.000000 -0.670508 1.883635 0.018026 -0.670508 1.887221 0.000000 -0.822521 1.883635 0.000000 -0.670508 1.883635 -0.018026 -0.670508 1.974258 0.033308 -0.670508 1.897432 -0.033308 -0.670508 1.964047 0.043519 -0.670508 1.912713 -0.043518 -0.670508 1.948765 0.047104 -0.670508 1.930739 0.043519 -0.670508 1.948765 0.033308 -0.670508 1.964047 0.043519 -0.659380 1.910500 0.033308 -0.665228 1.896381 0.033308 -0.660752 1.893391 0.043519 -0.649946 1.904196 0.043519 -0.645584 1.943807 0.033308 -0.639736 1.957926 -0.033308 -0.665228 1.896381 0.018026 -0.635828 1.967360 -0.018026 -0.669136 1.886948 0.000000 -0.634456 1.970672 0.000000 -0.670508 1.883635 0.000000 -0.670508 1.883635 0.018026 -0.669136 1.886948 0.000000 -0.670508 1.883635 0.000000 -0.670508 1.883635 -0.018026 -0.635828 1.967360 0.018026 -0.669136 1.886948 -0.033308 -0.639736 1.957926 -0.043518 -0.645584 1.943807 0.047104 -0.652482 1.927154 0.000000 -0.603893 1.950250 
						0.018026 -0.606428 1.947715 0.018026 -0.586783 1.918315 0.000000 -0.583471 1.919687 -0.033308 -0.613648 1.940495 -0.043518 -0.624454 1.929689 0.047104 -0.637200 1.916943 -0.047104 -0.637200 1.916943 0.043519 -0.624454 1.929689 -0.043518 -0.649946 1.904196 0.033308 -0.613648 1.940495 -0.033308 -0.660752 1.893391 -0.018026 -0.667973 1.886170 0.000000 -0.670508 1.883635 0.000000 -0.670508 1.883635 0.018026 -0.667973 1.886170 0.000000 -0.670508 1.883635 -0.018026 -0.667973 1.886170 0.000000 -0.670508 1.883635 -0.018026 -0.606428 1.947715 0.018026 -0.667973 1.886170 -0.043518 -0.643643 1.894762 -0.047104 -0.626989 1.901661 -0.047104 -0.623404 1.883635 -0.043518 -0.641430 1.883635 0.000000 -0.670508 1.883635 0.000000 -0.670508 1.883635 0.018026 -0.667195 1.885007 -0.018026 -0.667195 1.885007 0.000000 -0.670508 1.883635 -0.018026 -0.586783 1.918315 0.018026 -0.667195 1.885007 0.033308 -0.657761 1.888914 -0.033308 -0.596217 1.914407 0.043519 -0.643643 1.894762 -0.043518 -0.610335 1.908559 0.047104 -0.626989 1.901661 0.043519 -0.610335 1.908559 0.033308 -0.596217 1.914407 -0.033308 -0.657761 1.888914 -0.043518 -0.605378 1.883635 -0.033308 -0.590096 1.883635 -0.033308 -0.590096 1.739982 -0.043518 -0.605378 1.739982 0.043519 -0.605378 1.883635 0.033308 -0.590096 1.883635 -0.033308 -0.656711 1.883634 0.018026 -0.579885 1.883635 -0.018026 -0.666922 1.883635 0.000000 -0.576300 1.883635 0.000000 -0.670508 1.883635 0.000000 -0.670508 1.883635 0.018026 -0.666922 1.883635 0.000000 -0.670508 1.883635 -0.018026 -0.579885 1.883635 0.033308 -0.656711 1.883634 -0.033308 -0.590096 1.883635 0.043519 -0.641430 1.883635 -0.043518 -0.605378 1.883635 0.047104 -0.623404 1.883635 0.047104 -0.623404 1.883635 0.043519 -0.641430 1.883635 0.043519 -0.641430 1.739982 0.047104 -0.623404 1.739982 -0.047104 -0.623404 1.883635 
						-0.047104 -0.623404 1.739982 0.043519 -0.605378 1.883635 0.043519 -0.605378 1.739982 -0.043518 -0.641430 1.883635 -0.043518 -0.641430 1.739982 0.033308 -0.590096 1.883635 0.033308 -0.590096 1.739982 -0.033308 -0.656711 1.883634 -0.033308 -0.656711 1.739981 0.018026 -0.579885 1.883635 0.018026 -0.579885 1.739982 -0.018026 -0.666922 1.883635 -0.018026 -0.666922 1.739982 0.000000 -0.576300 1.883635 0.000000 -0.576300 1.739982 0.018026 -0.666922 1.883635 0.000000 -0.670508 1.883635 0.000000 -0.670508 1.739982 0.018026 -0.666922 1.739982 0.000000 -0.670508 1.883635 0.000000 -0.670508 1.739982 -0.018026 -0.579885 1.883635 -0.018026 -0.579885 1.739982 0.033308 -0.656711 1.883634 0.033308 -0.656711 1.739981 0.000000 -0.822521 0.320686 -0.018026 -0.826106 0.320686 -0.018026 -0.826106 1.160031 0.000000 -0.822521 1.160031 0.018026 -0.826106 1.044290 0.021275 -0.818262 1.044290 0.039312 -0.830314 1.044290 0.033308 -0.836317 1.044290 0.018026 -0.826106 0.320686 0.000000 -0.822521 0.320686 0.000000 -0.822521 1.160031 0.018026 -0.826106 1.160031 0.018026 -0.826106 1.160031 0.021275 -0.818262 1.160031 0.000000 -0.814030 1.160031 0.000000 -0.822521 1.160031 0.000000 -0.916729 0.320686 0.018026 -0.913144 0.320686 0.018026 -0.913144 1.160031 0.000000 -0.916729 1.160031 -0.047104 -0.869625 1.044290 -0.055595 -0.869625 1.044290 -0.051363 -0.848350 1.044290 -0.043518 -0.851599 1.044290 -0.033308 -0.836317 0.320686 -0.033308 -0.836317 1.160031 0.033308 -0.836317 1.160031 0.039312 -0.830314 1.160031 0.033308 -0.902933 0.320686 0.033308 -0.902933 1.160031 -0.018026 -0.826106 1.044290 -0.021275 -0.818262 1.044290 0.000000 -0.814030 1.044290 0.000000 -0.822521 1.044290 -0.043519 -0.851599 0.320686 -0.043519 -0.851599 1.160031 -0.043519 -0.851599 1.160031 -0.051363 -0.848350 1.160031 -0.055595 -0.869625 1.160031 
						-0.047104 -0.869625 1.160031 0.043519 -0.887651 0.320686 0.043519 -0.887651 1.160031 -0.018026 -0.913144 1.044290 -0.021275 -0.920988 1.044290 -0.039311 -0.908936 1.044290 -0.033308 -0.902933 1.044290 -0.047104 -0.869625 0.320686 -0.047104 -0.869625 1.160031 0.000000 -0.822521 1.160031 0.000000 -0.814030 1.160031 -0.021275 -0.818262 1.160031 -0.018026 -0.826106 1.160031 0.047104 -0.869625 0.320686 0.047104 -0.869625 1.160031 0.043519 -0.887651 1.044290 0.051363 -0.890900 1.044290 0.039312 -0.908936 1.044290 0.033308 -0.902933 1.044290 -0.043519 -0.887651 0.320686 -0.043519 -0.887651 1.160031 -0.033308 -0.902933 1.160031 -0.039311 -0.908936 1.160031 -0.021275 -0.920988 1.160031 -0.018026 -0.913144 1.160031 0.043519 -0.851599 0.320686 0.043519 -0.851599 1.160031 0.033308 -0.902933 1.160031 0.039312 -0.908936 1.160031 0.051363 -0.890900 1.160031 0.043519 -0.887651 1.160031 -0.033308 -0.902933 0.320686 -0.033308 -0.902933 1.160031 0.051363 -0.848350 1.044290 0.043519 -0.851599 1.044290 0.033308 -0.836317 0.320686 0.033308 -0.836317 1.160031 -0.039311 -0.830314 1.044290 -0.033308 -0.836317 1.044290 -0.018026 -0.913144 0.320686 -0.018026 -0.913144 1.160031 0.043519 -0.851599 1.160031 0.051363 -0.848350 1.160031 -0.033308 -0.836317 1.160031 -0.039311 -0.830314 1.160031 -0.051363 -0.890900 1.044290 -0.043518 -0.887651 1.044290 0.000000 -0.814030 1.053526 0.000000 -0.744556 1.053526 0.012216 -0.746986 1.053526 0.012216 -0.816460 1.053526 0.012216 -0.816460 1.053526 0.012216 -0.746986 1.053526 0.012216 -0.746986 1.150795 0.012216 -0.816460 1.150795 0.000000 -0.925220 1.160031 0.000000 -0.925220 1.044290 0.021275 -0.920988 1.044290 0.021275 -0.920988 1.160031 -0.021275 -0.818262 1.160031 -0.021275 -0.818262 1.044290 -0.039311 -0.830314 1.044290 -0.039311 -0.830314 1.160031 0.039312 -0.908936 1.044290 
						0.039312 -0.908936 1.160031 -0.051363 -0.848350 1.044290 -0.051363 -0.848350 1.160031 0.051363 -0.890900 1.044290 0.051363 -0.890900 1.160031 -0.055595 -0.869625 1.044290 -0.055595 -0.869625 1.160031 0.055595 -0.869625 1.044290 0.055595 -0.869625 1.160031 -0.051363 -0.890900 1.044290 -0.051363 -0.890900 1.160031 0.051363 -0.848350 1.044290 0.051363 -0.848350 1.160031 -0.039311 -0.908936 1.044290 -0.039311 -0.908936 1.160031 0.039312 -0.830314 1.044290 0.039312 -0.830314 1.160031 -0.021275 -0.920988 1.044290 -0.021275 -0.920988 1.160031 0.021275 -0.818262 1.044290 0.021275 -0.818262 1.160031 0.055595 -0.869625 1.160031 0.047104 -0.869625 1.160031 0.000000 -0.822521 1.044290 0.000000 -0.814030 1.044290 0.000000 -0.925220 1.160031 0.000000 -0.916729 1.160031 0.047104 -0.869625 1.044290 0.055595 -0.869625 1.044290 0.021275 -0.920988 1.160031 0.018026 -0.913144 1.160031 0.000000 -0.916729 1.044290 0.000000 -0.925220 1.044290 -0.051363 -0.890900 1.160031 -0.043519 -0.887651 1.160031 0.018026 -0.913144 1.044290 0.021275 -0.920988 1.044290 0.012216 -0.816460 1.150795 0.012216 -0.816460 1.053526 -0.012216 -0.816460 1.053526 -0.012216 -0.816460 1.150795 0.000000 -0.814030 1.160031 0.000000 -0.814030 1.150795 0.000000 -0.814030 1.053526 0.000000 -0.814030 1.044290 0.000000 -0.814030 1.150795 0.000000 -0.814030 1.160031 0.000000 -0.814030 1.044290 0.000000 -0.814030 1.053526 -0.012216 -0.816460 1.053526 -0.012216 -0.746986 1.053526 0.000000 -0.744556 1.053526 0.000000 -0.814030 1.053526 -0.012216 -0.816460 1.150795 -0.012216 -0.746986 1.150795 -0.012216 -0.746986 1.053526 -0.012216 -0.816460 1.053526 0.012216 -0.816460 1.150795 0.012216 -0.746986 1.150795 0.000000 -0.744556 1.150795 0.000000 -0.814030 1.150795 -0.012216 -0.746986 1.150795 -0.012216 -0.816460 1.150795 -1.004470 -0.088919 0.699953 
						-0.967638 -0.096246 0.699953 -0.967638 -0.096246 0.986694 -1.004469 -0.088919 0.986694 -0.899582 0.068056 0.699953 -0.930806 0.088919 0.699953 -0.930806 0.088919 0.986694 -0.899582 0.068056 0.986694 -1.035694 -0.068056 0.699953 -1.035694 -0.068056 0.986694 -0.878719 0.036832 0.699953 -0.878718 0.036832 0.986694 -1.056557 -0.036832 0.699953 -1.056557 -0.036832 0.986694 -0.871392 0.000000 0.699953 -0.871392 0.000000 0.986694 -1.063884 0.000000 0.699953 -1.063883 0.000000 0.986694 -0.878719 -0.036832 0.699953 -0.871392 0.000000 0.699953 -0.871392 0.000000 0.986694 -0.878718 -0.036832 0.986694 -1.056557 0.036832 0.699953 -1.056557 0.036832 0.986694 -0.899582 -0.068056 0.699953 -0.899582 -0.068056 0.986694 -1.035694 0.068056 0.699953 -1.035694 0.068056 0.986694 -0.930806 -0.088919 0.699953 -0.930806 -0.088919 0.986694 -1.004470 0.088919 0.699953 -1.004469 0.088919 0.986694 -0.967638 0.096246 0.699953 -0.967638 0.096246 0.986694 -0.921832 0.110586 0.690911 -0.967638 0.119697 0.690911 -0.967638 0.112470 0.699953 -0.924597 0.103909 0.699953 -0.882999 0.084639 0.690911 -0.888110 0.079528 0.699953 -0.857052 0.045806 0.690911 -0.863729 0.043040 0.699953 -0.847941 0.000000 0.690911 -0.855168 0.000000 0.699953 -0.857052 -0.045806 0.690911 -0.847941 0.000000 0.690911 -0.855168 0.000000 0.699953 -0.863729 -0.043040 0.699953 -0.882999 -0.084639 0.690911 -0.888110 -0.079528 0.699953 -0.921832 -0.110586 0.690911 -0.924597 -0.103909 0.699953 -0.967638 -0.119697 0.690911 -0.967638 -0.112470 0.699953 -1.013444 -0.110586 0.690911 -1.010678 -0.103909 0.699953 -1.052277 -0.084639 0.690911 -1.047166 -0.079528 0.699953 -1.078224 -0.045806 0.690911 -1.071547 -0.043040 0.699953 -1.087335 0.000000 0.690911 -1.080108 0.000000 0.699953 -1.078224 0.045806 0.690911 -1.071547 0.043040 0.699953 -1.052277 0.084639 0.690911 
						-1.047166 0.079528 0.699953 -1.013444 0.110586 0.690911 -1.010678 0.103909 0.699953 -0.967638 0.096246 0.699953 -0.930806 0.088919 0.699953 -0.924597 0.103909 0.699953 -0.967638 0.112470 0.699953 -0.967638 0.119697 0.000000 -0.967638 0.119697 0.690911 -0.921832 0.110586 0.690911 -0.921832 0.110586 0.000000 -0.882999 0.084639 0.690911 -0.882999 0.084639 0.000000 -0.899582 0.068056 0.699953 -0.888110 0.079528 0.699953 -1.013444 0.110586 0.000000 -1.013444 0.110586 0.690911 -1.004470 0.088919 0.699953 -1.010678 0.103909 0.699953 -0.857052 0.045806 0.690911 -0.857052 0.045806 0.000000 -0.878719 0.036832 0.699953 -0.863729 0.043040 0.699953 -0.847941 0.000000 0.690911 -0.847941 0.000000 0.000000 -0.871392 0.000000 0.699953 -0.855168 0.000000 0.699953 -0.847941 0.000000 0.000000 -0.847941 0.000000 0.690911 -0.857052 -0.045806 0.690911 -0.857052 -0.045806 0.000000 -0.871392 0.000000 0.699953 -0.878719 -0.036832 0.699953 -0.863729 -0.043040 0.699953 -0.855168 0.000000 0.699953 -0.882999 -0.084639 0.690911 -0.882999 -0.084639 0.000000 -0.899582 -0.068056 0.699953 -0.888110 -0.079528 0.699953 -0.921832 -0.110586 0.690911 -0.921832 -0.110586 0.000000 -0.930806 -0.088919 0.699953 -0.924597 -0.103909 0.699953 -0.967638 -0.119697 0.690911 -0.967638 -0.119697 0.000000 -0.967638 -0.096246 0.699953 -0.967638 -0.112470 0.699953 -1.013444 -0.110586 0.690911 -1.013444 -0.110586 0.000000 -1.004470 -0.088919 0.699953 -1.010678 -0.103909 0.699953 -1.052277 -0.084639 0.690911 -1.052277 -0.084639 0.000000 -1.035694 -0.068056 0.699953 -1.047166 -0.079528 0.699953 -1.078224 -0.045806 0.690911 -1.078224 -0.045806 0.000000 -1.056557 -0.036832 0.699953 -1.071547 -0.043040 0.699953 -1.087335 0.000000 0.690911 -1.087335 0.000000 0.000000 -1.063884 0.000000 0.699953 -1.080108 0.000000 0.699953 -1.078224 0.045806 0.690911 
						-1.078224 0.045806 0.000000 -1.056557 0.036832 0.699953 -1.071547 0.043040 0.699953 -1.052277 0.084639 0.690911 -1.052277 0.084639 0.000000 -1.035694 0.068056 0.699953 -1.047166 0.079528 0.699953 -0.960311 0.096246 1.023526 -0.926283 0.088919 1.009431 -0.994339 0.088919 1.037621 -0.960311 -0.096246 1.023526 -0.994339 -0.088919 1.037621 -0.897436 0.068056 0.997482 -1.023187 -0.068056 1.049570 -0.878161 0.036832 0.989498 -1.042462 -0.036832 1.057554 -0.871392 0.000000 0.986694 -1.049231 0.000000 1.060358 -0.871392 0.000000 0.986694 -0.878161 -0.036832 0.989498 -1.042462 0.036832 1.057554 -0.897436 -0.068056 0.997482 -1.023187 0.068056 1.049570 -0.926283 -0.088919 1.009431 -0.987571 0.068056 1.102873 -0.965492 0.088919 1.080794 -0.913404 -0.088919 1.028706 -0.939448 -0.096246 1.054750 -0.939448 0.096246 1.054750 -0.913404 0.088919 1.028706 -0.965492 -0.088919 1.080794 -0.891325 0.068056 1.006628 -0.987571 -0.068056 1.102873 -0.876572 0.036832 0.991875 -1.002323 -0.036832 1.117626 -0.871392 0.000000 0.986694 -0.871392 0.000000 0.986694 -1.007504 0.000000 1.122806 -0.871392 0.000000 0.986694 -0.871392 0.000000 0.986694 -0.876572 -0.036832 0.991875 -1.002323 0.036832 1.117626 -0.876572 -0.036832 0.991875 -0.891325 -0.068056 1.006628 -0.871392 0.000000 0.986694 -0.871392 0.000000 0.986695 -0.874196 -0.036832 0.993463 -0.945055 0.000000 1.164533 -0.942252 0.036832 1.157765 -0.874196 -0.036832 0.993463 -0.882180 -0.068056 1.012738 -0.934267 0.068056 1.138489 -0.894129 -0.088919 1.041586 -0.922318 0.088919 1.109642 -0.908224 -0.096246 1.075614 -0.908224 0.096246 1.075614 -0.894129 0.088919 1.041586 -0.922318 -0.088919 1.109642 -0.882180 0.068056 1.012738 -0.934267 -0.068056 1.138489 -0.874196 0.036832 0.993463 -0.942252 -0.036832 1.157765 -0.871392 0.000000 0.986694 -0.871392 0.000000 0.986695 
						-0.871392 -0.088919 1.119772 -0.871392 -0.068056 1.150996 -0.871392 0.068056 1.014884 -0.871392 0.036832 0.994021 -0.871392 -0.036832 1.171860 -0.871392 0.000000 0.986695 -0.871392 0.000000 0.986695 -0.871392 0.000000 1.179186 -0.871392 0.000000 0.986695 -0.871392 0.000000 0.986695 -0.871392 -0.036832 0.994021 -0.871392 0.036832 1.171860 -0.871392 -0.036832 0.994021 -0.871392 -0.068056 1.014884 -0.871392 0.068056 1.150996 -0.871392 -0.088919 1.046109 -0.871392 0.088919 1.119772 -0.871392 -0.096246 1.082940 -0.871392 0.096246 1.082940 -0.871392 0.088919 1.046109 -0.781481 0.036832 0.994021 -0.781481 0.000000 0.986695 -0.781481 -0.068056 1.150996 -0.781481 -0.036832 1.171860 -0.781481 0.068056 1.014884 -0.781481 -0.088919 1.119772 -0.781481 0.088919 1.046109 -0.781481 -0.096246 1.082940 -0.781481 0.088919 1.119772 -0.781481 0.096246 1.082940 -0.781481 -0.088919 1.046109 -0.781481 0.068056 1.150996 -0.781481 -0.068056 1.014884 -0.781481 0.036832 1.171860 -0.781481 -0.036832 0.994021 -0.781481 0.000000 1.179186 -0.871392 0.000000 0.986695 -0.781481 0.000000 0.986695 -0.772121 -0.054554 1.214644 -0.772121 0.000000 1.225496 -0.781481 0.000000 1.219197 -0.781481 -0.052122 1.208775 -0.772121 0.000000 0.940384 -0.772121 -0.054554 0.951236 -0.781481 -0.052122 0.957105 -0.781481 0.000000 0.946683 -0.772121 0.054554 1.214644 -0.781481 0.052122 1.208775 -0.772121 -0.100802 0.982138 -0.781481 -0.096178 0.986762 -0.772121 0.100802 1.183742 -0.781481 0.096178 1.179118 -0.772121 -0.131704 1.028386 -0.781481 -0.125453 1.030976 -0.772121 0.131704 1.137494 -0.781481 0.125453 1.134905 -0.772121 -0.142556 1.082940 -0.781481 -0.135688 1.082940 -0.772121 0.142556 1.082940 -0.772121 0.131704 1.028386 -0.781481 0.125453 1.030976 -0.781481 0.135688 1.082940 -0.772121 -0.131704 1.137494 -0.781481 -0.125453 1.134905 
						-0.772121 0.100802 0.982138 -0.781481 0.096178 0.986762 -0.772121 -0.100802 1.183742 -0.781481 -0.096178 1.179118 -0.772121 0.054554 0.951236 -0.781481 0.052122 0.957105 -0.772121 0.000000 0.940384 -0.781481 0.000000 0.946683 -0.781481 0.000000 0.986695 -0.781481 0.036832 0.994021 -0.781481 0.052122 0.957105 -0.781481 0.000000 0.946683 -0.772121 0.000000 0.940384 -0.772121 0.054554 0.951236 -0.549445 0.054554 0.951236 -0.549445 0.000000 0.940384 -0.781481 0.068056 1.014884 -0.781481 0.096178 0.986762 -0.772121 0.100802 0.982138 -0.549445 0.100802 0.982138 -0.781481 -0.036832 1.171860 -0.781481 -0.068056 1.150996 -0.781481 -0.096178 1.179118 -0.781481 -0.052122 1.208775 -0.772121 -0.054554 1.214644 -0.772121 -0.100802 1.183742 -0.549445 -0.100802 1.183742 -0.549445 -0.054554 1.214644 -0.781481 -0.088919 1.119772 -0.781481 -0.125453 1.134905 -0.772121 -0.131704 1.137494 -0.549445 -0.131704 1.137494 -0.781481 0.088919 1.046109 -0.781481 0.125453 1.030976 -0.772121 0.131704 1.028386 -0.549445 0.131704 1.028386 -0.781481 -0.096246 1.082940 -0.781481 -0.135688 1.082940 -0.772121 -0.142556 1.082940 -0.549445 -0.142556 1.082940 -0.781481 0.096246 1.082940 -0.781481 0.135688 1.082940 -0.772121 0.142556 1.082940 -0.549445 0.142556 1.082940 -0.781481 0.088919 1.119772 -0.781481 0.125453 1.134905 -0.772121 0.131704 1.137494 -0.549445 0.131704 1.137494 -0.781481 -0.088919 1.046109 -0.781481 -0.125453 1.030976 -0.772121 -0.131704 1.028386 -0.549445 -0.131704 1.028386 -0.781481 0.068056 1.150996 -0.781481 0.096178 1.179118 -0.772121 0.100802 1.183742 -0.549445 0.100802 1.183742 -0.781481 -0.068056 1.014884 -0.781481 -0.096178 0.986762 -0.772121 -0.100802 0.982138 -0.549445 -0.100802 0.982138 -0.781481 0.036832 1.171860 -0.781481 0.052122 1.208775 -0.772121 0.054554 1.214644 -0.549445 0.054554 1.214644 
						-0.781481 -0.036832 0.994021 -0.781481 -0.052122 0.957105 -0.772121 -0.054554 0.951236 -0.549445 -0.054554 0.951236 -0.781481 0.000000 1.179186 -0.781481 0.000000 1.219197 -0.772121 0.000000 1.225496 -0.549445 0.000000 1.225496 -0.781481 0.000000 0.986695 -0.781481 0.000000 0.946683 -0.772121 0.000000 0.940384 -0.549445 0.000000 0.940384 
					</float_array>
					<technique_common>
						<accessor count="3852" offset="0" source="#meshId0-positions-array" stride="3">
							<param name="X" type="float" />
							<param name="Y" type="float" />
							<param name="Z" type="float" />
						</accessor>
					</technique_common>
				</source>
				<source id="meshId0-normals" name="meshId0-normals">
					<float_array id="meshId0-normals-array" count="11556"> 
						0.000000 1.000000 -0.000000 0.000000 1.000000 -0.000000 0.195090 0.980785 -0.000000 0.195090 0.980785 -0.000000 0.382683 0.923880 -0.000000 0.382683 0.923880 -0.000000 0.555570 0.831470 -0.000000 0.555570 0.831470 -0.000000 0.707107 0.707107 -0.000000 0.707107 0.707107 -0.000000 0.831470 0.555570 0.000000 0.831470 0.555570 0.000000 0.923879 0.382684 0.000000 0.923879 0.382684 0.000000 0.980785 0.195091 -0.000000 0.980785 0.195091 -0.000000 1.000000 0.000000 0.000000 1.000000 0.000000 0.000000 1.000000 0.000000 0.000000 1.000000 0.000000 0.000000 0.980785 -0.195091 0.000000 0.980785 -0.195091 0.000000 0.923879 -0.382684 0.000000 0.923879 -0.382684 0.000000 0.831470 -0.555570 0.000000 0.831470 -0.555570 0.000000 0.707107 -0.707107 0.000000 0.707107 -0.707107 0.000000 0.555570 -0.831470 0.000000 0.555570 -0.831470 0.000000 0.382683 -0.923880 0.000000 0.382683 -0.923880 0.000000 0.195090 -0.980785 0.000000 0.195090 -0.980785 0.000000 0.000000 -1.000000 0.000000 0.000000 -1.000000 0.000000 -0.195090 -0.980785 0.000000 -0.195090 -0.980785 0.000000 -0.382683 -0.923880 0.000000 -0.382683 -0.923880 0.000000 -0.555570 -0.831470 0.000000 -0.555570 -0.831470 0.000000 -0.707107 -0.707107 0.000000 -0.707107 -0.707107 0.000000 -0.831470 -0.555570 0.000000 -0.831470 -0.555570 0.000000 -0.923879 -0.382684 0.000000 -0.923879 -0.382684 0.000000 -0.980785 -0.195091 0.000000 -0.980785 -0.195091 0.000000 -1.000000 0.000000 0.000000 -1.000000 0.000000 0.000000 -1.000000 0.000000 0.000000 -1.000000 0.000000 0.000000 -0.980785 0.195091 -0.000000 -0.980785 0.195091 -0.000000 -0.923879 0.382684 0.000000 -0.923879 0.382684 0.000000 -0.831470 0.555570 0.000000 -0.831470 0.555570 0.000000 -0.707107 0.707107 -0.000000 -0.707107 0.707107 -0.000000 -0.555570 0.831470 -0.000000 -0.555570 0.831470 -0.000000 
						-0.382683 0.923880 -0.000000 -0.382683 0.923880 -0.000000 -0.000001 -0.000000 -1.000000 0.000000 -0.000000 -1.000000 0.000000 -0.000000 -1.000000 -0.000001 -0.000000 -1.000000 -0.195090 0.980785 -0.000000 -0.195090 0.980785 -0.000000 -0.000000 -0.000000 -1.000000 -0.000000 -0.000000 -1.000000 -0.000000 -0.000000 -1.000000 -0.000000 -0.000000 -1.000000 -0.000000 -0.000000 -1.000000 -0.000000 -0.000000 -1.000000 -0.000000 -0.000000 -1.000000 -0.000000 -0.000000 -1.000000 -0.000000 -0.000000 -1.000000 -0.000000 -0.000000 -1.000000 -0.000000 -0.000000 -1.000000 -0.000000 -0.000000 -1.000000 -0.000000 -0.000000 -1.000000 -0.000000 -0.000000 -1.000000 -0.000000 -0.000000 -1.000000 -0.000000 -0.000000 -1.000000 -0.000000 -0.000000 -1.000000 -0.000000 -0.000000 -1.000000 -0.000000 -0.000000 -1.000000 -0.000000 -0.000000 -1.000000 -0.000000 -0.000000 -1.000000 -0.000000 -0.000000 -1.000000 -0.000000 -0.000000 -1.000000 -0.000000 -0.000000 -1.000000 -0.000000 -0.000000 -1.000000 -0.000000 -0.000000 -1.000000 -0.000000 -0.000000 -1.000000 -0.000000 -0.000000 -1.000000 -0.000000 -0.000000 -1.000000 -0.000000 -0.000000 -1.000000 -0.000000 -0.000000 -1.000000 -0.000000 -0.000000 -1.000000 -0.195090 0.980785 -0.000000 -0.195090 0.980785 -0.000000 0.000000 1.000000 -0.000000 0.000000 1.000000 -0.000000 -0.382683 0.923880 -0.000000 -0.382683 0.923880 -0.000000 -0.555570 0.831470 0.000000 -0.555570 0.831470 0.000000 -0.707107 0.707107 -0.000000 -0.707107 0.707107 -0.000000 -0.831470 0.555570 0.000000 -0.831470 0.555570 0.000000 -0.923880 0.382683 -0.000000 -0.923880 0.382683 -0.000000 -0.980785 0.195090 -0.000000 -0.980785 0.195090 -0.000000 -1.000000 0.000000 0.000000 -1.000000 0.000000 0.000000 -0.980785 -0.195090 0.000000 -0.980785 -0.195090 0.000000 -1.000000 0.000000 0.000000 -1.000000 0.000000 0.000000 -0.923880 -0.382683 0.000000 -0.923880 -0.382683 0.000000 
						-0.831470 -0.555570 0.000000 -0.831470 -0.555570 0.000000 -0.707107 -0.707107 0.000000 -0.707107 -0.707107 0.000000 -0.555570 -0.831470 0.000000 -0.555570 -0.831470 0.000000 -0.382683 -0.923880 0.000000 -0.382683 -0.923880 0.000000 -0.195090 -0.980785 0.000000 -0.195090 -0.980785 0.000000 0.000000 -1.000000 0.000000 0.000000 -1.000000 0.000000 0.195090 -0.980785 0.000000 0.195090 -0.980785 0.000000 0.382683 -0.923880 0.000000 0.382683 -0.923880 0.000000 0.555570 -0.831470 0.000000 0.555570 -0.831470 0.000000 0.707107 -0.707107 0.000000 0.707107 -0.707107 0.000000 0.831470 -0.555570 0.000000 0.831470 -0.555570 0.000000 0.923880 -0.382683 0.000000 0.923880 -0.382683 0.000000 0.980785 -0.195090 0.000000 0.980785 -0.195090 0.000000 1.000000 0.000000 0.000000 1.000000 0.000000 0.000000 0.980785 0.195090 -0.000000 0.980785 0.195090 -0.000000 1.000000 0.000000 0.000000 1.000000 0.000000 0.000000 0.923880 0.382683 -0.000000 0.923880 0.382683 -0.000000 0.831470 0.555570 0.000000 0.831470 0.555570 0.000000 0.707107 0.707107 -0.000000 0.707107 0.707107 -0.000000 0.555570 0.831470 0.000000 0.555570 0.831470 0.000000 0.382683 0.923880 -0.000000 0.382683 0.923880 -0.000000 0.195090 0.980785 -0.000000 0.195090 0.980785 -0.000000 -0.138507 0.696322 -0.704238 -0.000000 0.709964 -0.704238 -0.000000 0.709964 -0.704238 -0.138507 0.696322 -0.704238 -0.271691 0.655922 -0.704237 -0.271691 0.655922 -0.704238 -0.394435 0.590314 -0.704237 -0.394435 0.590314 -0.704238 -0.502018 0.502021 -0.704239 -0.502018 0.502021 -0.704239 -0.590314 0.394435 -0.704238 -0.590313 0.394435 -0.704238 -0.655923 0.271691 -0.704237 -0.655923 0.271691 -0.704237 -0.696321 0.138507 -0.704239 -0.696321 0.138507 -0.704239 -0.709963 -0.000000 -0.704239 -0.709963 -0.000000 -0.704239 -0.696322 -0.138507 -0.704239 -0.709963 -0.000000 -0.704239 
						-0.709963 -0.000000 -0.704239 -0.696322 -0.138508 -0.704239 -0.655923 -0.271691 -0.704236 -0.655923 -0.271691 -0.704236 -0.590314 -0.394435 -0.704238 -0.590314 -0.394435 -0.704238 -0.502018 -0.502021 -0.704239 -0.502018 -0.502021 -0.704239 -0.394435 -0.590314 -0.704237 -0.394435 -0.590314 -0.704237 -0.271691 -0.655922 -0.704237 -0.271691 -0.655922 -0.704237 -0.138506 -0.696322 -0.704238 -0.138506 -0.696322 -0.704238 0.000000 -0.709964 -0.704238 0.000000 -0.709964 -0.704238 0.138507 -0.696322 -0.704238 0.138507 -0.696322 -0.704238 0.271691 -0.655922 -0.704237 0.271691 -0.655922 -0.704237 0.394435 -0.590314 -0.704237 0.394435 -0.590314 -0.704237 0.502018 -0.502021 -0.704239 0.502018 -0.502021 -0.704239 0.590314 -0.394435 -0.704238 0.590313 -0.394435 -0.704238 0.655923 -0.271691 -0.704237 0.655923 -0.271691 -0.704237 0.696321 -0.138507 -0.704239 0.696321 -0.138507 -0.704239 0.709963 -0.000000 -0.704239 0.709963 -0.000000 -0.704239 0.696322 0.138507 -0.704239 0.709963 -0.000000 -0.704239 0.709963 -0.000000 -0.704239 0.696322 0.138507 -0.704239 0.655923 0.271691 -0.704236 0.655923 0.271691 -0.704236 0.590314 0.394435 -0.704238 0.590314 0.394435 -0.704238 0.502018 0.502021 -0.704239 0.502018 0.502021 -0.704239 0.394435 0.590314 -0.704237 0.394435 0.590314 -0.704238 0.271691 0.655922 -0.704237 0.271691 0.655922 -0.704238 0.138506 0.696322 -0.704238 0.138506 0.696322 -0.704238 -0.138507 0.696322 0.704238 0.000000 0.709964 0.704238 0.000000 0.709964 0.704238 -0.138507 0.696322 0.704238 -0.271692 0.655922 0.704238 -0.271692 0.655922 0.704237 -0.394434 0.590314 0.704238 -0.394434 0.590314 0.704238 -0.502019 0.502020 0.704239 -0.502019 0.502020 0.704239 -0.590314 0.394435 0.704238 -0.590314 0.394435 0.704238 -0.655922 0.271692 0.704238 -0.655922 0.271692 0.704238 -0.696323 0.138507 0.704238 -0.696323 0.138507 0.704238 
						-0.709965 0.000000 0.704237 -0.709965 0.000000 0.704237 -0.696323 -0.138507 0.704238 -0.709965 0.000000 0.704237 -0.709965 0.000000 0.704237 -0.696323 -0.138507 0.704238 -0.655922 -0.271692 0.704237 -0.655922 -0.271692 0.704237 -0.590314 -0.394435 0.704238 -0.590314 -0.394435 0.704238 -0.502021 -0.502020 0.704238 -0.502021 -0.502020 0.704238 -0.394436 -0.590314 0.704237 -0.394436 -0.590314 0.704237 -0.271691 -0.655922 0.704238 -0.271691 -0.655922 0.704237 -0.138507 -0.696322 0.704238 -0.138507 -0.696322 0.704238 0.000000 -0.709964 0.704238 0.000000 -0.709964 0.704238 0.138507 -0.696322 0.704238 0.138507 -0.696322 0.704238 0.271691 -0.655922 0.704237 0.271692 -0.655922 0.704237 0.394434 -0.590314 0.704238 0.394434 -0.590314 0.704238 0.502019 -0.502020 0.704239 0.502019 -0.502020 0.704239 0.590314 -0.394435 0.704238 0.590314 -0.394435 0.704238 0.655922 -0.271692 0.704238 0.655922 -0.271692 0.704238 0.696323 -0.138507 0.704238 0.696323 -0.138507 0.704237 0.709965 0.000000 0.704237 0.709965 0.000000 0.704237 0.696323 0.138507 0.704238 0.709965 0.000000 0.704237 0.709965 0.000000 0.704237 0.696323 0.138507 0.704238 0.655922 0.271692 0.704238 0.655922 0.271692 0.704237 0.590314 0.394435 0.704238 0.590314 0.394435 0.704238 0.502021 0.502020 0.704238 0.502021 0.502020 0.704238 0.394436 0.590314 0.704237 0.394436 0.590314 0.704237 0.271691 0.655922 0.704237 0.271691 0.655922 0.704237 0.138507 0.696322 0.704238 0.138507 0.696322 0.704238 0.000000 1.000000 -0.000000 0.000000 1.000000 -0.000000 0.195090 0.980785 -0.000000 0.195090 0.980785 -0.000000 0.382683 0.923880 -0.000000 0.382683 0.923880 -0.000000 0.000000 0.000000 1.000000 0.000000 0.000000 1.000000 0.000000 0.000000 1.000000 0.000000 0.000000 1.000000 0.000000 0.000000 1.000000 0.000000 0.000000 1.000000 
						0.000001 -0.000000 -1.000000 0.000001 -0.000000 -1.000000 0.000001 -0.000000 -1.000000 0.000001 -0.000000 -1.000000 0.000000 -0.000000 -1.000000 -0.000000 -0.000000 -1.000000 0.555570 0.831470 0.000000 0.555570 0.831470 0.000000 -0.000002 0.000000 1.000000 -0.000002 0.000000 1.000000 0.000001 -0.000000 -1.000000 0.000001 -0.000000 -1.000000 0.000000 0.000000 1.000000 0.000000 0.000000 1.000000 0.707107 0.707107 0.000000 0.707107 0.707107 0.000000 0.000003 -0.000000 -1.000000 0.000003 -0.000000 -1.000000 0.000000 0.000000 1.000000 -0.000000 0.000000 1.000000 0.831470 0.555570 -0.000000 0.831470 0.555570 -0.000000 0.000002 -0.000000 -1.000000 0.000002 -0.000000 -1.000000 -0.000002 0.000000 1.000000 -0.000002 0.000000 1.000000 0.923880 0.382683 -0.000000 0.923880 0.382683 -0.000000 0.000000 -0.000000 -1.000000 0.000000 -0.000000 -1.000000 0.000002 0.000000 1.000000 0.000002 0.000000 1.000000 0.980785 0.195090 -0.000000 0.980785 0.195090 -0.000000 0.000000 -0.000000 -1.000000 0.000000 -0.000000 -1.000000 0.000004 0.000000 1.000000 0.000004 0.000000 1.000000 1.000000 0.000000 0.000000 1.000000 0.000000 0.000000 0.000000 -0.000000 -1.000000 0.000000 -0.000000 -1.000000 0.000004 0.000000 1.000000 0.000002 0.000000 1.000000 0.000002 0.000000 1.000000 0.000004 0.000000 1.000000 1.000000 0.000000 0.000000 1.000000 0.000000 0.000000 0.980785 -0.195090 0.000000 0.980785 -0.195090 0.000000 0.000000 -0.000000 -1.000000 0.000000 -0.000000 -1.000000 0.000000 -0.000000 -1.000000 0.000000 -0.000000 -1.000000 -0.000002 0.000000 1.000000 -0.000002 0.000000 1.000000 0.923880 -0.382683 0.000000 0.923880 -0.382683 0.000000 0.000000 -0.000000 -1.000000 0.000000 -0.000000 -1.000000 0.000000 0.000000 1.000000 -0.000000 0.000000 1.000000 0.831470 -0.555570 0.000000 0.831470 -0.555570 0.000000 
						0.000002 -0.000000 -1.000000 0.000002 -0.000000 -1.000000 0.000000 0.000000 1.000000 0.000000 0.000000 1.000000 0.707107 -0.707107 0.000000 0.707107 -0.707107 0.000000 0.000003 -0.000000 -1.000000 0.000003 -0.000000 -1.000000 -0.000002 0.000000 1.000000 -0.000002 0.000000 1.000000 0.555570 -0.831470 0.000000 0.555570 -0.831470 0.000000 0.000001 -0.000000 -1.000000 0.000001 -0.000000 -1.000000 0.000000 0.000000 1.000000 0.000000 0.000000 1.000000 0.382683 -0.923880 0.000000 0.382683 -0.923880 0.000000 0.000001 -0.000000 -1.000000 0.000001 -0.000000 -1.000000 0.000000 0.000000 1.000000 0.000000 0.000000 1.000000 0.195090 -0.980785 0.000000 0.195090 -0.980785 0.000000 0.000001 -0.000000 -1.000000 0.000001 -0.000000 -1.000000 0.000000 0.000000 1.000000 0.000000 0.000000 1.000000 0.000000 -1.000000 0.000000 0.000000 -1.000000 0.000000 0.000000 -0.000000 -1.000000 -0.000000 -0.000000 -1.000000 -0.195090 -0.980785 0.000000 -0.195090 -0.980785 0.000000 0.000000 0.000000 1.000000 0.000000 0.000000 1.000000 -0.000001 -0.000000 -1.000000 -0.000001 -0.000000 -1.000000 -0.382683 -0.923880 0.000000 -0.382683 -0.923880 0.000000 0.000000 0.000000 1.000000 0.000000 0.000000 1.000000 -0.000001 -0.000000 -1.000000 -0.000001 -0.000000 -1.000000 -0.555570 -0.831470 0.000000 -0.555570 -0.831470 0.000000 0.000002 0.000000 1.000000 0.000002 0.000000 1.000000 -0.000001 -0.000000 -1.000000 -0.000001 -0.000000 -1.000000 -0.707107 -0.707107 0.000000 -0.707107 -0.707107 0.000000 0.000000 0.000000 1.000000 0.000000 0.000000 1.000000 -0.000003 -0.000000 -1.000000 -0.000003 -0.000000 -1.000000 -0.831470 -0.555570 0.000000 -0.831470 -0.555570 0.000000 -0.000000 0.000000 1.000000 0.000000 0.000000 1.000000 -0.000002 -0.000000 -1.000000 -0.000002 -0.000000 -1.000000 -0.923880 -0.382683 0.000000 -0.923880 -0.382683 0.000000 
						0.000002 0.000000 1.000000 0.000002 0.000000 1.000000 0.000000 -0.000000 -1.000000 0.000000 -0.000000 -1.000000 -0.980785 -0.195090 0.000000 -0.980785 -0.195090 0.000000 -0.000002 0.000000 1.000000 -0.000002 0.000000 1.000000 0.000000 -0.000000 -1.000000 0.000000 -0.000000 -1.000000 -1.000000 0.000000 0.000000 -1.000000 0.000000 0.000000 -0.000004 0.000000 1.000000 -0.000004 0.000000 1.000000 0.000000 -0.000000 -1.000000 0.000000 -0.000000 -1.000000 -1.000000 0.000000 0.000000 -1.000000 0.000000 0.000000 -0.980785 0.195090 -0.000000 -0.980785 0.195090 -0.000000 -0.000004 0.000000 1.000000 -0.000002 0.000000 1.000000 -0.000002 0.000000 1.000000 -0.000004 0.000000 1.000000 0.000000 -0.000000 -1.000000 0.000000 -0.000000 -1.000000 0.000000 -0.000000 -1.000000 0.000000 -0.000000 -1.000000 -0.923880 0.382683 -0.000000 -0.923880 0.382683 -0.000000 0.000002 0.000000 1.000000 0.000002 0.000000 1.000000 0.000000 -0.000000 -1.000000 0.000000 -0.000000 -1.000000 -0.831470 0.555570 -0.000000 -0.831470 0.555570 -0.000000 -0.000000 0.000000 1.000000 0.000000 0.000000 1.000000 -0.000002 -0.000000 -1.000000 -0.000002 -0.000000 -1.000000 -0.707107 0.707107 0.000000 -0.707107 0.707107 0.000000 0.000000 0.000000 1.000000 0.000000 0.000000 1.000000 -0.000003 -0.000000 -1.000000 -0.000003 -0.000000 -1.000000 -0.555570 0.831470 0.000000 -0.555570 0.831470 0.000000 0.000002 0.000000 1.000000 0.000002 0.000000 1.000000 -0.000001 -0.000000 -1.000000 -0.000001 -0.000000 -1.000000 -0.382683 0.923880 -0.000000 -0.382683 0.923880 -0.000000 0.000000 0.000000 1.000000 0.000000 0.000000 1.000000 -0.000001 -0.000000 -1.000000 -0.000001 -0.000000 -1.000000 0.000000 0.000000 1.000000 0.000000 0.000000 1.000000 -0.195090 0.980785 -0.000000 -0.195090 0.980785 -0.000000 -0.000001 -0.000000 -1.000000 -0.000001 -0.000000 -1.000000 
						-0.141109 0.709403 0.690533 0.000000 0.723300 0.690534 0.000000 0.723300 0.690534 -0.141109 0.709403 0.690533 -0.276795 0.668244 0.690533 -0.276794 0.668244 0.690533 -0.401844 0.601403 0.690533 -0.401844 0.601403 0.690533 -0.511451 0.511451 0.690533 -0.511451 0.511451 0.690533 -0.601402 0.401843 0.690535 -0.601402 0.401843 0.690535 -0.668240 0.276795 0.690536 -0.668241 0.276795 0.690536 -0.709402 0.141109 0.690534 -0.709402 0.141109 0.690534 -0.723302 0.000000 0.690532 -0.723302 0.000000 0.690532 -0.709402 -0.141109 0.690534 -0.723302 0.000000 0.690532 -0.723302 0.000000 0.690532 -0.709402 -0.141109 0.690534 -0.668240 -0.276795 0.690536 -0.668241 -0.276795 0.690536 -0.601402 -0.401843 0.690535 -0.601402 -0.401843 0.690535 -0.511451 -0.511451 0.690533 -0.511451 -0.511451 0.690533 -0.401844 -0.601403 0.690533 -0.401844 -0.601403 0.690533 -0.276794 -0.668242 0.690534 -0.276794 -0.668242 0.690534 -0.141109 -0.709402 0.690534 -0.141109 -0.709402 0.690534 -0.000000 -0.723300 0.690534 -0.000000 -0.723300 0.690534 0.141109 -0.709403 0.690533 0.141109 -0.709403 0.690533 0.276795 -0.668244 0.690533 0.276794 -0.668244 0.690533 0.401844 -0.601403 0.690533 0.401844 -0.601403 0.690533 0.511451 -0.511451 0.690533 0.511451 -0.511451 0.690533 0.601402 -0.401843 0.690535 0.601402 -0.401843 0.690535 0.668240 -0.276795 0.690536 0.668241 -0.276795 0.690536 0.709402 -0.141109 0.690534 0.709402 -0.141109 0.690534 0.723302 0.000000 0.690532 0.723302 0.000000 0.690532 0.709402 0.141109 0.690534 0.723302 0.000000 0.690532 0.723302 0.000000 0.690532 0.709402 0.141109 0.690534 0.668240 0.276795 0.690536 0.668241 0.276795 0.690536 0.601402 0.401843 0.690535 0.601402 0.401843 0.690535 0.511451 0.511451 0.690533 0.511451 0.511451 0.690533 0.401844 0.601403 0.690533 0.401844 0.601403 0.690533 
						0.276794 0.668242 0.690534 0.276794 0.668242 0.690534 0.141109 0.709402 0.690534 0.141109 0.709402 0.690534 0.000000 1.000000 -0.000000 0.000000 1.000000 -0.000000 0.195090 0.980785 0.000000 0.195090 0.980785 0.000000 0.382683 0.923880 -0.000000 0.382683 0.923880 -0.000000 0.000000 0.000000 1.000000 0.000000 0.000000 1.000000 0.000000 0.000000 1.000000 0.000000 0.000000 1.000000 0.000000 0.000000 1.000000 0.000000 0.000000 1.000000 0.555570 0.831470 -0.000000 0.555570 0.831470 -0.000000 0.000000 0.000000 1.000000 0.000000 0.000000 1.000000 0.707107 0.707107 -0.000000 0.707107 0.707107 -0.000000 0.000000 0.000000 1.000000 0.000000 0.000000 1.000000 0.831470 0.555570 -0.000000 0.831470 0.555570 -0.000000 0.000000 0.000000 1.000000 0.000000 0.000000 1.000000 0.000000 0.000000 1.000000 0.000000 0.000000 1.000000 0.923880 0.382683 -0.000000 0.923880 0.382683 -0.000000 0.000000 0.000000 1.000000 0.000000 0.000000 1.000000 0.980785 0.195090 0.000000 0.980785 0.195090 0.000000 0.000000 0.000000 1.000000 0.000000 0.000000 1.000000 1.000000 0.000000 0.000000 1.000000 0.000000 0.000000 0.000000 0.000000 1.000000 0.000000 0.000000 1.000000 0.000000 0.000000 1.000000 0.000000 0.000000 1.000000 1.000000 0.000000 0.000000 1.000000 0.000000 0.000000 0.980785 -0.195090 0.000000 0.980785 -0.195090 0.000000 0.000000 0.000000 1.000000 0.000000 0.000000 1.000000 0.923880 -0.382683 0.000000 0.923880 -0.382683 0.000000 0.000000 0.000000 1.000000 0.000000 0.000000 1.000000 0.831470 -0.555570 0.000000 0.831470 -0.555570 0.000000 0.000000 0.000000 1.000000 0.000000 0.000000 1.000000 0.707107 -0.707107 0.000000 0.707107 -0.707107 0.000000 0.000000 0.000000 1.000000 0.000000 0.000000 1.000000 0.555570 -0.831470 0.000000 0.555570 -0.831470 0.000000 
						0.000000 0.000000 1.000000 0.000000 0.000000 1.000000 0.382683 -0.923880 0.000000 0.382683 -0.923880 0.000000 -0.000000 0.000000 1.000000 -0.000000 0.000000 1.000000 0.195090 -0.980785 0.000000 0.195090 -0.980785 0.000000 -0.000000 0.000000 1.000000 -0.000000 0.000000 1.000000 0.000000 -1.000000 0.000000 0.000000 -1.000000 0.000000 0.000000 0.000000 1.000000 0.000000 0.000000 1.000000 -0.195090 -0.980785 0.000000 -0.195090 -0.980785 0.000000 0.000000 0.000000 1.000000 0.000000 0.000000 1.000000 -0.382683 -0.923880 0.000000 -0.382683 -0.923880 0.000000 0.000000 0.000000 1.000000 0.000000 0.000000 1.000000 -0.555570 -0.831470 0.000000 -0.555570 -0.831470 0.000000 -0.707107 -0.707107 0.000000 -0.707107 -0.707107 0.000000 0.000000 0.000000 1.000000 0.000000 0.000000 1.000000 -0.831470 -0.555570 0.000000 -0.831470 -0.555570 0.000000 0.000000 0.000000 1.000000 0.000000 0.000000 1.000000 -0.923880 -0.382683 0.000000 -0.923880 -0.382683 0.000000 0.000000 0.000000 1.000000 0.000000 0.000000 1.000000 -0.980785 -0.195090 0.000000 -0.980785 -0.195090 0.000000 0.000000 0.000000 1.000000 0.000000 0.000000 1.000000 -1.000000 0.000000 0.000000 -1.000000 0.000000 0.000000 0.000000 0.000000 1.000000 0.000000 0.000000 1.000000 -1.000000 0.000000 0.000000 -1.000000 0.000000 0.000000 -0.980785 0.195090 0.000000 -0.980785 0.195090 0.000000 0.000000 0.000000 1.000000 0.000000 0.000000 1.000000 0.000000 0.000000 1.000000 0.000000 0.000000 1.000000 -0.923880 0.382683 -0.000000 -0.923880 0.382683 -0.000000 0.000000 0.000000 1.000000 0.000000 0.000000 1.000000 -0.831470 0.555570 -0.000000 -0.831470 0.555570 -0.000000 0.000000 0.000000 1.000000 0.000000 0.000000 1.000000 -0.707107 0.707107 -0.000000 -0.707107 0.707107 -0.000000 0.000000 0.000000 1.000000 0.000000 0.000000 1.000000 
						-0.555570 0.831470 -0.000000 -0.555570 0.831470 -0.000000 -0.000000 0.000000 1.000000 -0.000000 0.000000 1.000000 -0.382683 0.923880 -0.000000 -0.382683 0.923880 -0.000000 -0.000000 0.000000 1.000000 -0.000000 0.000000 1.000000 -0.195090 0.980785 0.000000 -0.195090 0.980785 0.000000 0.000000 0.000000 1.000000 0.000000 0.000000 1.000000 0.000001 -0.000000 -1.000000 0.000000 -0.000000 -1.000000 0.000000 -0.000000 -1.000000 0.000001 -0.000000 -1.000000 0.000001 -0.000000 -1.000000 0.000001 -0.000000 -1.000000 0.000001 -0.000000 -1.000000 0.000001 -0.000000 -1.000000 0.000001 -0.000000 -1.000000 0.000001 -0.000000 -1.000000 0.000001 -0.000000 -1.000000 0.000001 -0.000000 -1.000000 -0.000001 -0.000000 -1.000000 -0.000001 -0.000000 -1.000000 -0.000001 -0.000000 -1.000000 -0.000001 -0.000000 -1.000000 -0.000000 -0.000000 -1.000000 -0.000001 -0.000000 -1.000000 -0.000001 -0.000000 -1.000000 -0.000000 -0.000000 -1.000000 -0.000000 -0.000000 -1.000000 -0.000000 -0.000000 -1.000000 0.000000 -0.000000 -1.000000 0.000000 -0.000000 -1.000000 -0.000000 -0.000000 -1.000000 -0.000000 -0.000000 -1.000000 0.000000 -0.000000 -1.000000 0.000000 -0.000000 -1.000000 0.000000 -0.000000 -1.000000 0.000000 -0.000000 -1.000000 0.000000 -0.000000 -1.000000 0.000000 -0.000000 -1.000000 0.000000 -0.000000 -1.000000 -0.000000 -0.000000 -1.000000 -0.000000 -0.000000 -1.000000 -0.000000 -0.000000 -1.000000 -0.000000 -0.000000 -1.000000 0.000000 -0.000000 -1.000000 0.000000 -0.000000 -1.000000 -0.000000 -0.000000 -1.000000 0.000000 -0.000000 -1.000000 0.000000 -0.000000 -1.000000 0.000000 -0.000000 -1.000000 0.000000 -0.000000 -1.000000 0.000000 -0.000000 -1.000000 0.000000 -0.000000 -1.000000 -0.000001 -0.000000 -1.000000 -0.000001 -0.000000 -1.000000 -0.000001 -0.000000 -1.000000 -0.000001 -0.000000 -1.000000 -0.000001 -0.000000 -1.000000 -0.000001 -0.000000 -1.000000 
						0.000001 -0.000000 -1.000000 0.000001 -0.000000 -1.000000 0.000001 -0.000000 -1.000000 0.000001 -0.000000 -1.000000 0.000001 -0.000000 -1.000000 0.000001 -0.000000 -1.000000 -0.000001 -0.000000 -1.000000 -0.000001 -0.000000 -1.000000 0.000000 -0.000000 -1.000000 0.000000 -0.000000 -1.000000 0.000000 -0.000000 -1.000000 0.000000 -0.000000 -1.000000 0.125847 0.632675 0.764124 0.000000 0.645070 0.764124 0.000000 0.645070 0.764124 0.125847 0.632675 0.764124 0.246856 0.595966 0.764124 0.246856 0.595966 0.764125 0.358380 0.536356 0.764125 0.358380 0.536356 0.764125 0.456132 0.456133 0.764124 0.456133 0.456133 0.764124 0.536356 0.358381 0.764124 0.536356 0.358381 0.764124 0.595968 0.246857 0.764123 0.595968 0.246857 0.764123 0.632676 0.125847 0.764123 0.632676 0.125847 0.764123 0.645070 -0.000000 0.764123 0.645070 -0.000000 0.764123 0.632674 -0.125847 0.764124 0.632674 -0.125847 0.764124 0.595966 -0.246857 0.764125 0.595966 -0.246857 0.764125 0.536355 -0.358381 0.764125 0.536354 -0.358382 0.764125 0.456132 -0.456133 0.764124 0.456133 -0.456133 0.764124 0.358381 -0.536355 0.764124 0.358381 -0.536355 0.764124 0.246857 -0.595966 0.764124 0.246857 -0.595966 0.764124 0.125847 -0.632675 0.764124 0.125847 -0.632675 0.764124 0.000000 -0.645070 0.764124 0.000000 -0.645070 0.764124 -0.125847 -0.632675 0.764124 -0.125847 -0.632675 0.764124 -0.246856 -0.595966 0.764124 -0.246856 -0.595966 0.764124 -0.358380 -0.536356 0.764125 -0.358380 -0.536356 0.764125 -0.456132 -0.456133 0.764124 -0.456132 -0.456133 0.764124 -0.536355 -0.358382 0.764125 -0.536355 -0.358381 0.764125 -0.595965 -0.246858 0.764125 -0.595965 -0.246858 0.764125 -0.632673 -0.125847 0.764125 -0.632673 -0.125847 0.764125 -0.645071 0.000000 0.764123 -0.645070 0.000000 0.764123 -0.632674 0.125847 0.764124 -0.632674 0.125847 0.764124 
						-0.595967 0.246857 0.764124 -0.595967 0.246857 0.764124 -0.536356 0.358381 0.764124 -0.536356 0.358381 0.764124 -0.456132 0.456133 0.764124 -0.456132 0.456133 0.764124 -0.358381 0.536355 0.764124 -0.358381 0.536355 0.764124 -0.246857 0.595966 0.764124 -0.246857 0.595966 0.764124 -0.125847 0.632675 0.764124 -0.125847 0.632675 0.764124 0.193173 0.971142 0.139886 0.000000 0.990168 0.139886 -0.000000 0.990168 0.139886 0.193173 0.971142 0.139886 0.000000 0.000000 1.000000 0.000000 0.000000 1.000000 0.000000 0.000000 1.000000 0.000000 0.000000 1.000000 0.000000 0.000000 1.000000 0.000000 0.000000 1.000000 0.000000 0.000000 1.000000 0.000000 0.000000 1.000000 0.000000 0.000000 1.000000 0.000000 0.000000 1.000000 0.000000 0.000000 1.000000 0.000000 0.000000 1.000000 0.000000 0.000000 1.000000 0.000000 0.000000 1.000000 0.000000 0.000000 1.000000 0.000000 0.000000 1.000000 0.000000 0.000000 1.000000 0.000000 0.000000 1.000000 0.000000 0.000000 1.000000 0.000000 0.000000 1.000000 0.000000 0.000000 1.000000 0.000000 0.000000 1.000000 0.000000 0.000000 1.000000 0.000000 0.000000 1.000000 0.000000 0.000000 1.000000 0.000000 0.000000 1.000000 0.000000 0.000000 1.000000 0.000000 0.000000 1.000000 0.000000 0.000000 1.000000 0.000000 0.000000 1.000000 0.000000 0.000000 1.000000 0.000000 0.000000 1.000000 -0.193173 0.971142 0.139886 -0.193173 0.971142 0.139886 0.378921 0.914795 0.139886 0.378921 0.914795 0.139886 0.550108 0.823294 0.139886 0.550108 0.823294 0.139886 0.700154 0.700155 0.139886 0.700154 0.700155 0.139886 0.823294 0.550108 0.139886 0.823294 0.550108 0.139886 0.914796 0.378920 0.139886 0.914796 0.378921 0.139886 0.971142 0.193173 0.139886 0.971142 0.193173 0.139886 0.990168 0.000000 0.139886 0.990168 0.000000 0.139886 
						0.971142 -0.193173 0.139886 0.971142 -0.193173 0.139886 0.914796 -0.378920 0.139886 0.914796 -0.378920 0.139886 0.823294 -0.550108 0.139886 0.823294 -0.550108 0.139886 0.700154 -0.700155 0.139886 0.700154 -0.700155 0.139886 0.550107 -0.823295 0.139886 0.550107 -0.823295 0.139886 0.378921 -0.914796 0.139886 0.378920 -0.914796 0.139886 0.193173 -0.971142 0.139886 0.193173 -0.971142 0.139886 0.000000 -0.990168 0.139886 -0.000000 -0.990168 0.139886 -0.193173 -0.971142 0.139886 -0.193173 -0.971142 0.139886 -0.378921 -0.914795 0.139885 -0.378921 -0.914795 0.139885 -0.550108 -0.823294 0.139885 -0.550108 -0.823294 0.139885 -0.700154 -0.700154 0.139885 -0.700154 -0.700154 0.139885 -0.823294 -0.550108 0.139885 -0.823294 -0.550108 0.139885 -0.914796 -0.378921 0.139885 -0.914796 -0.378921 0.139885 -0.971142 -0.193173 0.139886 -0.971142 -0.193173 0.139886 -0.990168 0.000000 0.139886 -0.990168 0.000000 0.139886 -0.971142 0.193172 0.139885 -0.971142 0.193172 0.139885 -0.914796 0.378921 0.139885 -0.914796 0.378921 0.139885 -0.823294 0.550108 0.139885 -0.823294 0.550108 0.139885 -0.700154 0.700155 0.139885 -0.700154 0.700155 0.139885 -0.550107 0.823295 0.139885 -0.550107 0.823295 0.139885 -0.378921 0.914796 0.139885 -0.378921 0.914796 0.139885 0.165901 0.834039 0.526170 0.000000 0.850380 0.526169 0.000000 0.850380 0.526169 0.165901 0.834039 0.526170 0.325425 0.785647 0.526173 0.325426 0.785647 0.526173 0.472444 0.707065 0.526171 0.472444 0.707065 0.526171 0.601310 0.601310 0.526169 0.601310 0.601310 0.526169 0.707066 0.472444 0.526169 0.707066 0.472444 0.526169 0.785651 0.325424 0.526167 0.785651 0.325424 0.526167 0.834044 0.165899 0.526164 0.834043 0.165899 0.526164 0.850383 0.000000 0.526165 0.850383 0.000000 0.526165 0.834041 -0.165900 0.526167 0.850383 0.000000 0.526165 
						0.850383 0.000000 0.526165 0.834041 -0.165901 0.526167 0.785649 -0.325425 0.526170 0.785649 -0.325425 0.526169 0.707066 -0.472444 0.526169 0.707066 -0.472444 0.526169 0.601310 -0.601310 0.526169 0.601310 -0.601310 0.526169 0.472444 -0.707065 0.526171 0.472444 -0.707065 0.526171 0.325426 -0.785647 0.526173 0.325426 -0.785647 0.526173 0.165901 -0.834039 0.526170 0.165901 -0.834039 0.526170 -0.000000 -0.850380 0.526169 -0.000000 -0.850380 0.526169 -0.165901 -0.834039 0.526170 -0.165901 -0.834039 0.526170 -0.325426 -0.785647 0.526173 -0.325426 -0.785647 0.526173 -0.472444 -0.707065 0.526171 -0.472444 -0.707065 0.526171 -0.601310 -0.601310 0.526169 -0.601310 -0.601310 0.526169 -0.707066 -0.472444 0.526169 -0.707066 -0.472444 0.526169 -0.785651 -0.325424 0.526167 -0.785651 -0.325424 0.526167 -0.834043 -0.165899 0.526164 -0.834044 -0.165899 0.526164 -0.850383 0.000000 0.526165 -0.850383 0.000000 0.526165 -0.834042 0.165900 0.526167 -0.850383 0.000000 0.526165 -0.850383 0.000000 0.526165 -0.834041 0.165901 0.526167 -0.785649 0.325425 0.526170 -0.785649 0.325425 0.526170 -0.707066 0.472444 0.526169 -0.707066 0.472444 0.526169 -0.601310 0.601310 0.526169 -0.601310 0.601310 0.526169 -0.472444 0.707065 0.526171 -0.472444 0.707065 0.526171 -0.325425 0.785647 0.526173 -0.325426 0.785647 0.526173 -0.165901 0.834040 0.526170 -0.165901 0.834040 0.526170 0.195090 0.980785 0.000000 0.000000 1.000000 -0.000000 0.000000 1.000000 -0.000000 0.195090 0.980785 0.000000 -0.195090 0.980785 0.000000 -0.195090 0.980785 0.000000 0.382683 0.923880 -0.000000 0.382683 0.923880 -0.000000 0.555570 0.831469 -0.000000 0.555570 0.831469 -0.000000 0.707107 0.707107 0.000000 0.707107 0.707107 0.000000 0.831470 0.555570 -0.000000 0.831470 0.555570 -0.000000 0.923880 0.382683 0.000000 0.923880 0.382683 0.000000 
						0.980785 0.195090 -0.000000 0.980785 0.195090 -0.000000 1.000000 0.000000 0.000000 1.000000 0.000000 0.000000 0.980785 -0.195090 0.000000 1.000000 0.000000 0.000000 1.000000 0.000000 0.000000 0.980785 -0.195090 0.000000 0.923880 -0.382683 0.000000 0.923880 -0.382683 0.000000 0.831470 -0.555570 0.000000 0.831470 -0.555570 0.000000 0.707107 -0.707107 0.000000 0.707107 -0.707107 0.000000 0.555570 -0.831469 0.000000 0.555570 -0.831469 0.000000 0.382683 -0.923880 0.000000 0.382683 -0.923880 0.000000 0.195090 -0.980785 0.000000 0.195090 -0.980785 0.000000 0.000000 -1.000000 0.000000 0.000000 -1.000000 0.000000 -0.195090 -0.980785 0.000000 -0.195090 -0.980785 0.000000 -0.382683 -0.923880 0.000000 -0.382683 -0.923880 0.000000 -0.555570 -0.831469 0.000000 -0.555570 -0.831469 0.000000 -0.707107 -0.707107 0.000000 -0.707107 -0.707107 0.000000 -0.831470 -0.555570 0.000000 -0.831470 -0.555570 0.000000 -0.923880 -0.382683 0.000000 -0.923880 -0.382683 0.000000 -0.980785 -0.195090 0.000000 -0.980785 -0.195090 0.000000 -1.000000 0.000000 0.000000 -1.000000 0.000000 0.000000 -0.980785 0.195090 -0.000000 -1.000000 0.000000 0.000000 -1.000000 0.000000 0.000000 -0.980785 0.195090 -0.000000 -0.923880 0.382683 0.000000 -0.923880 0.382683 0.000000 -0.831470 0.555570 -0.000000 -0.831470 0.555570 -0.000000 -0.707107 0.707107 0.000000 -0.707107 0.707107 0.000000 -0.555570 0.831469 -0.000000 -0.555570 0.831469 -0.000000 -0.382683 0.923880 -0.000000 -0.382683 0.923880 -0.000000 0.089726 0.451080 0.887962 0.000000 0.459917 0.887962 0.000000 0.459917 0.887962 0.089726 0.451080 0.887962 -0.089726 0.451080 0.887962 -0.089726 0.451080 0.887962 0.176002 0.424908 0.887962 0.176002 0.424908 0.887962 0.255516 0.382407 0.887962 0.255516 0.382407 0.887962 0.325210 0.325210 0.887962 0.325210 0.325210 0.887962 
						0.382407 0.255516 0.887962 0.382407 0.255516 0.887962 0.424908 0.176003 0.887962 0.424908 0.176003 0.887962 0.451080 0.089726 0.887962 0.451080 0.089726 0.887962 0.459917 -0.000000 0.887962 0.459917 -0.000000 0.887962 0.451080 -0.089726 0.887962 0.451080 -0.089726 0.887962 0.424908 -0.176003 0.887962 0.424908 -0.176003 0.887962 0.382407 -0.255516 0.887962 0.382407 -0.255516 0.887962 0.325210 -0.325210 0.887962 0.325210 -0.325210 0.887962 0.255516 -0.382407 0.887962 0.255516 -0.382407 0.887962 0.176002 -0.424908 0.887962 0.176002 -0.424908 0.887962 0.089726 -0.451080 0.887962 0.089726 -0.451080 0.887962 0.000000 -0.459917 0.887962 0.000000 -0.459917 0.887962 -0.089726 -0.451080 0.887962 -0.089726 -0.451080 0.887962 -0.176002 -0.424908 0.887962 -0.176002 -0.424908 0.887962 -0.255516 -0.382407 0.887962 -0.255516 -0.382407 0.887962 -0.325210 -0.325210 0.887962 -0.325210 -0.325210 0.887962 -0.382407 -0.255516 0.887962 -0.382407 -0.255516 0.887962 -0.424908 -0.176003 0.887962 -0.424908 -0.176003 0.887962 -0.451080 -0.089726 0.887962 -0.451080 -0.089726 0.887962 -0.459917 -0.000000 0.887962 -0.459917 -0.000000 0.887962 -0.451080 0.089726 0.887962 -0.451080 0.089726 0.887962 -0.424908 0.176003 0.887962 -0.424908 0.176003 0.887962 -0.382407 0.255516 0.887962 -0.382407 0.255516 0.887962 -0.325210 0.325210 0.887962 -0.325210 0.325210 0.887962 -0.255516 0.382407 0.887962 -0.255516 0.382407 0.887962 -0.176002 0.424908 0.887962 -0.176002 0.424908 0.887962 0.166789 0.838503 0.518743 0.000000 0.854930 0.518743 0.000000 0.854930 0.518743 0.166789 0.838503 0.518743 0.327167 0.789852 0.518744 0.327167 0.789852 0.518744 0.474973 0.710848 0.518744 0.474973 0.710848 0.518744 0.604526 0.604527 0.518744 0.604526 0.604527 0.518744 0.710848 0.474973 0.518744 0.710848 0.474973 0.518744 
						0.789853 0.327167 0.518744 0.789853 0.327167 0.518744 0.838501 0.166789 0.518747 0.838501 0.166789 0.518747 0.854927 0.000000 0.518748 0.854927 0.000000 0.518748 0.838503 -0.166788 0.518744 0.838503 -0.166788 0.518744 0.789853 -0.327167 0.518744 0.789853 -0.327167 0.518744 0.710848 -0.474973 0.518744 0.710848 -0.474973 0.518744 0.604528 -0.604526 0.518743 0.604528 -0.604526 0.518743 0.474974 -0.710848 0.518743 0.474974 -0.710848 0.518743 0.327166 -0.789852 0.518745 0.327166 -0.789852 0.518745 0.166788 -0.838502 0.518744 0.166788 -0.838502 0.518745 -0.000000 -0.854930 0.518743 -0.000000 -0.854930 0.518743 -0.166789 -0.838503 0.518743 -0.166789 -0.838503 0.518743 -0.327167 -0.789852 0.518744 -0.327167 -0.789852 0.518744 -0.474973 -0.710848 0.518744 -0.474973 -0.710848 0.518745 -0.604527 -0.604527 0.518744 -0.604527 -0.604527 0.518744 -0.710849 -0.474973 0.518744 -0.710849 -0.474973 0.518744 -0.789853 -0.327167 0.518743 -0.789853 -0.327167 0.518743 -0.838503 -0.166788 0.518743 -0.838503 -0.166788 0.518743 -0.854928 0.000000 0.518747 -0.854928 0.000000 0.518747 -0.838501 0.166789 0.518746 -0.838501 0.166789 0.518746 -0.789853 0.327167 0.518743 -0.789853 0.327167 0.518743 -0.710849 0.474973 0.518744 -0.710849 0.474973 0.518744 -0.604529 0.604525 0.518743 -0.604529 0.604525 0.518743 -0.474974 0.710848 0.518744 -0.474974 0.710848 0.518744 -0.327166 0.789853 0.518744 -0.327166 0.789853 0.518744 -0.166789 0.838503 0.518743 -0.166789 0.838503 0.518743 -0.000001 -0.515086 0.857139 -0.100491 -0.505189 0.857138 -0.100491 -0.505190 0.857138 -0.000001 -0.515086 0.857139 -0.197116 -0.475879 0.857137 -0.197116 -0.475879 0.857137 -0.286166 -0.428278 0.857139 -0.286166 -0.428277 0.857139 -0.364219 -0.364218 0.857140 -0.364219 -0.364218 0.857140 -0.428274 -0.286166 0.857141 -0.428274 -0.286166 0.857141 
						-0.475875 -0.197115 0.857140 -0.475875 -0.197115 0.857140 -0.505182 -0.100489 0.857142 -0.505182 -0.100489 0.857142 -0.515073 0.000000 0.857146 -0.515073 0.000000 0.857146 -0.515073 0.000000 0.857146 -0.505182 0.100489 0.857142 -0.505182 0.100489 0.857142 -0.515073 0.000000 0.857146 -0.475875 0.197115 0.857140 -0.475875 0.197115 0.857140 -0.428274 0.286166 0.857141 -0.428274 0.286166 0.857141 -0.364219 0.364218 0.857140 -0.364219 0.364218 0.857140 -0.286166 0.428278 0.857139 -0.286166 0.428278 0.857139 -0.197116 0.475879 0.857137 -0.197116 0.475879 0.857137 -0.100490 0.505190 0.857138 -0.100490 0.505190 0.857138 0.000001 0.515086 0.857139 0.000001 0.515086 0.857139 0.100491 0.505190 0.857138 0.100491 0.505190 0.857138 0.197116 0.475879 0.857137 0.197116 0.475879 0.857137 0.286166 0.428278 0.857139 0.286166 0.428278 0.857139 0.364219 0.364218 0.857140 0.364219 0.364218 0.857140 0.428274 0.286166 0.857141 0.428274 0.286166 0.857141 0.475875 0.197115 0.857140 0.475875 0.197115 0.857140 0.505182 0.100489 0.857142 0.505182 0.100489 0.857142 0.515073 0.000000 0.857146 0.515073 0.000000 0.857146 0.515073 0.000000 0.857146 0.505182 -0.100489 0.857142 0.505182 -0.100489 0.857142 0.515073 0.000000 0.857146 0.475875 -0.197115 0.857140 0.475875 -0.197115 0.857140 0.428274 -0.286166 0.857141 0.428274 -0.286166 0.857141 0.364219 -0.364218 0.857140 0.364219 -0.364218 0.857140 0.286166 -0.428278 0.857139 0.286166 -0.428277 0.857139 0.197116 -0.475879 0.857137 0.197116 -0.475879 0.857137 0.100490 -0.505190 0.857138 0.100490 -0.505190 0.857138 0.000000 1.000000 -0.000000 0.195091 0.980785 -0.000000 0.195091 0.980785 -0.000000 0.000000 1.000000 -0.000000 -0.000000 0.463830 0.885924 -0.090489 0.454917 0.885924 -0.090489 0.454917 0.885924 -0.000000 0.463830 0.885924 
						0.090487 0.454917 0.885925 0.090487 0.454917 0.885925 -0.195091 0.980785 -0.000000 -0.195091 0.980785 -0.000000 0.382684 0.923879 -0.000000 0.382684 0.923879 -0.000000 0.177498 0.428523 0.885925 0.177498 0.428523 0.885925 0.555570 0.831470 -0.000000 0.555570 0.831470 -0.000000 0.257685 0.385661 0.885925 0.257685 0.385661 0.885925 0.707107 0.707107 -0.000000 0.707107 0.707107 -0.000000 0.327975 0.327978 0.885925 0.327975 0.327978 0.885925 0.831470 0.555570 0.000000 0.831470 0.555570 0.000000 0.385663 0.257690 0.885923 0.385663 0.257690 0.885923 0.923880 0.382683 -0.000000 0.923880 0.382683 -0.000000 0.428525 0.177500 0.885923 0.428525 0.177500 0.885923 0.980785 0.195091 -0.000000 0.980785 0.195091 -0.000000 0.454920 0.090489 0.885923 0.454920 0.090489 0.885923 1.000000 0.000000 0.000000 1.000000 0.000000 0.000000 0.463832 -0.000000 0.885923 0.463832 -0.000000 0.885923 0.980785 -0.195090 0.000000 0.980785 -0.195090 0.000000 0.454920 -0.090489 0.885923 0.454920 -0.090489 0.885923 0.923880 -0.382683 0.000000 0.923880 -0.382683 0.000000 0.428524 -0.177500 0.885924 0.428525 -0.177500 0.885924 0.831470 -0.555570 0.000000 0.831470 -0.555570 0.000000 0.385660 -0.257690 0.885924 0.385660 -0.257690 0.885924 0.707107 -0.707107 0.000000 0.707107 -0.707107 0.000000 0.327975 -0.327978 0.885925 0.327975 -0.327978 0.885925 0.555570 -0.831470 0.000000 0.555570 -0.831470 0.000000 0.257689 -0.385661 0.885925 0.257689 -0.385661 0.885925 0.382682 -0.923880 0.000000 0.382682 -0.923880 0.000000 0.177499 -0.428523 0.885924 0.177500 -0.428523 0.885924 0.195090 -0.980785 0.000000 0.195090 -0.980785 0.000000 0.090489 -0.454917 0.885924 0.090489 -0.454917 0.885924 0.000000 -1.000000 0.000000 0.000000 -1.000000 0.000000 -0.000000 -0.463830 0.885924 -0.000000 -0.463830 0.885924 
						-0.195091 -0.980785 0.000000 -0.195091 -0.980785 0.000000 -0.090487 -0.454917 0.885925 -0.090487 -0.454917 0.885925 -0.382684 -0.923879 0.000000 -0.382684 -0.923879 0.000000 -0.177498 -0.428522 0.885925 -0.177498 -0.428522 0.885925 -0.555570 -0.831469 0.000000 -0.555570 -0.831469 0.000000 -0.257685 -0.385661 0.885926 -0.257685 -0.385661 0.885926 -0.707107 -0.707106 0.000000 -0.707107 -0.707106 0.000000 -0.327975 -0.327978 0.885925 -0.327975 -0.327978 0.885925 -0.831469 -0.555571 0.000000 -0.831469 -0.555571 0.000000 -0.385663 -0.257690 0.885923 -0.385663 -0.257690 0.885923 -0.923879 -0.382685 0.000000 -0.923879 -0.382685 0.000000 -0.428524 -0.177500 0.885924 -0.428524 -0.177500 0.885924 -0.980785 -0.195091 0.000000 -0.980785 -0.195091 0.000000 -0.454920 -0.090489 0.885923 -0.454920 -0.090489 0.885923 -1.000000 0.000000 0.000000 -1.000000 0.000000 0.000000 -0.463832 -0.000000 0.885923 -0.463832 -0.000000 0.885923 -0.980785 0.195091 -0.000000 -0.980785 0.195091 -0.000000 -0.454920 0.090489 0.885923 -0.454920 0.090489 0.885923 -0.923879 0.382685 -0.000000 -0.923879 0.382685 -0.000000 -0.428524 0.177500 0.885924 -0.428524 0.177500 0.885924 -0.831469 0.555571 -0.000000 -0.831469 0.555571 -0.000000 -0.385660 0.257690 0.885924 -0.385660 0.257690 0.885924 -0.707107 0.707106 -0.000000 -0.707107 0.707106 -0.000000 -0.327975 0.327978 0.885925 -0.327975 0.327978 0.885925 -0.555570 0.831469 -0.000000 -0.555570 0.831469 -0.000000 -0.257688 0.385660 0.885925 -0.257689 0.385660 0.885925 -0.382684 0.923879 -0.000000 -0.382684 0.923879 -0.000000 -0.177499 0.428522 0.885925 -0.177499 0.428522 0.885925 -0.195091 -0.980785 0.000000 0.000000 -1.000000 0.000000 0.000000 -1.000000 0.000000 -0.195091 -0.980785 0.000000 0.000000 0.463829 0.885925 0.090490 0.454917 0.885924 0.090490 0.454917 0.885924 0.000000 0.463829 0.885925 
						0.195091 -0.980785 0.000000 0.195091 -0.980785 0.000000 -0.090490 0.454917 0.885924 -0.090490 0.454917 0.885924 0.177499 0.428522 0.885925 0.177499 0.428522 0.885925 -0.382684 -0.923879 0.000000 -0.382684 -0.923879 0.000000 0.257689 0.385660 0.885925 0.257689 0.385660 0.885925 -0.555570 -0.831469 0.000000 -0.555570 -0.831469 0.000000 0.327979 0.327977 0.885924 0.327979 0.327977 0.885924 -0.707107 -0.707106 0.000000 -0.707107 -0.707106 0.000000 0.385660 0.257690 0.885924 0.385660 0.257690 0.885924 -0.831470 -0.555570 0.000000 -0.831470 -0.555570 0.000000 0.428523 0.177500 0.885924 0.428523 0.177500 0.885924 -0.923880 -0.382683 0.000000 -0.923880 -0.382683 0.000000 0.454916 0.090489 0.885925 0.454916 0.090489 0.885925 -0.980785 -0.195091 0.000000 -0.980785 -0.195091 0.000000 -1.000000 0.000000 0.000000 -1.000000 0.000000 0.000000 0.463824 0.000000 0.885927 0.463824 0.000000 0.885927 -0.980785 0.195091 -0.000000 -1.000000 0.000000 0.000000 -1.000000 0.000000 0.000000 -0.980785 0.195091 -0.000000 0.463824 0.000000 0.885927 0.454916 -0.090489 0.885925 0.454916 -0.090489 0.885925 0.463824 0.000000 0.885927 0.428523 -0.177500 0.885924 0.428523 -0.177500 0.885924 -0.923880 0.382683 0.000000 -0.923880 0.382683 0.000000 0.385660 -0.257690 0.885924 0.385660 -0.257690 0.885924 -0.831470 0.555570 0.000000 -0.831470 0.555570 0.000000 0.327979 -0.327977 0.885924 0.327979 -0.327977 0.885924 -0.707107 0.707106 -0.000000 -0.707107 0.707106 -0.000000 0.257692 -0.385659 0.885924 0.257692 -0.385659 0.885924 -0.555570 0.831469 -0.000000 -0.555570 0.831469 -0.000000 0.177502 -0.428522 0.885924 0.177502 -0.428522 0.885924 -0.382684 0.923879 -0.000000 -0.382684 0.923879 -0.000000 0.090490 -0.454917 0.885924 0.090490 -0.454917 0.885924 -0.195091 0.980785 -0.000000 -0.195091 0.980785 -0.000000 
						-0.000000 -0.463829 0.885925 -0.000000 -0.463829 0.885925 0.000000 1.000000 -0.000000 0.000000 1.000000 -0.000000 -0.090490 -0.454917 0.885924 -0.090490 -0.454917 0.885924 0.195091 0.980785 -0.000000 0.195091 0.980785 -0.000000 -0.177499 -0.428522 0.885925 -0.177499 -0.428522 0.885925 0.382684 0.923879 -0.000000 0.382684 0.923879 -0.000000 -0.257689 -0.385660 0.885925 -0.257689 -0.385660 0.885925 0.555570 0.831469 -0.000000 0.555570 0.831469 -0.000000 -0.327979 -0.327977 0.885924 -0.327979 -0.327977 0.885924 0.707107 0.707106 -0.000000 0.707107 0.707106 -0.000000 -0.385660 -0.257690 0.885924 -0.385660 -0.257690 0.885924 0.831470 0.555570 0.000000 0.831470 0.555570 0.000000 -0.428523 -0.177500 0.885924 -0.428523 -0.177500 0.885924 0.923880 0.382683 0.000000 0.923880 0.382683 0.000000 -0.454916 -0.090489 0.885925 -0.454916 -0.090489 0.885925 0.980785 0.195091 -0.000000 0.980785 0.195091 -0.000000 -0.463824 0.000000 0.885927 -0.463824 0.000000 0.885927 1.000000 0.000000 0.000000 1.000000 0.000000 0.000000 -0.463824 0.000000 0.885927 -0.454916 0.090489 0.885925 -0.454916 0.090489 0.885925 -0.463824 0.000000 0.885927 0.980785 -0.195091 0.000000 1.000000 0.000000 0.000000 1.000000 0.000000 0.000000 0.980785 -0.195091 0.000000 -0.428523 0.177500 0.885924 -0.428523 0.177500 0.885924 0.923880 -0.382683 0.000000 0.923880 -0.382683 0.000000 -0.385660 0.257690 0.885924 -0.385660 0.257690 0.885924 0.831470 -0.555570 0.000000 0.831470 -0.555570 0.000000 -0.327979 0.327977 0.885924 -0.327979 0.327977 0.885924 0.707107 -0.707106 0.000000 0.707107 -0.707106 0.000000 -0.257692 0.385659 0.885924 -0.257692 0.385659 0.885924 0.555570 -0.831469 0.000000 0.555570 -0.831469 0.000000 -0.177502 0.428522 0.885924 -0.177502 0.428522 0.885924 0.382684 -0.923879 0.000000 0.382684 -0.923879 0.000000 
						1.000000 -0.000000 -0.000001 0.965926 0.258820 -0.000000 0.841526 0.225487 0.490908 0.871212 -0.000000 0.490906 0.498245 0.133505 0.856696 0.515825 0.000000 0.856694 0.020817 0.005579 0.999768 0.021558 0.000000 0.999768 -0.467026 -0.125140 0.875344 -0.483501 -0.000000 0.875344 -0.831125 -0.222699 0.509544 -0.860444 0.000000 0.509544 -0.965926 -0.258820 -0.000001 -1.000000 0.000000 0.000001 -0.831125 -0.222700 -0.509545 -0.860445 -0.000000 -0.509544 -0.467029 -0.125139 -0.875342 -0.483504 -0.000000 -0.875342 0.020820 0.005579 -0.999768 0.021553 -0.000000 -0.999768 0.021553 -0.000000 -0.999768 0.020820 0.005579 -0.999768 0.498245 0.133505 -0.856696 0.515820 0.000000 -0.856697 0.841524 0.225487 -0.490910 0.871210 0.000001 -0.490910 0.866024 0.500002 0.000001 0.754491 0.435607 0.490908 0.446716 0.257911 0.856695 0.018667 0.010777 0.999768 -0.418725 -0.241751 0.875343 -0.745166 -0.430223 0.509544 -0.866025 -0.500001 -0.000000 -0.745165 -0.430223 -0.509546 -0.418726 -0.241751 -0.875343 0.018664 0.010777 -0.999768 0.018664 0.010777 -0.999768 0.446716 0.257911 -0.856695 0.754491 0.435606 -0.490908 0.707106 0.707107 -0.000000 0.616039 0.616040 0.490908 0.364743 0.364742 0.856695 0.015240 0.015241 0.999768 -0.341889 -0.341888 0.875343 -0.608423 -0.608428 0.509546 -0.707106 -0.707107 0.000000 -0.608425 -0.608427 -0.509545 -0.341888 -0.341888 -0.875343 0.015243 0.015241 -0.999768 0.015243 0.015241 -0.999768 0.364747 0.364740 -0.856694 0.616041 0.616039 -0.490906 0.500001 0.866025 0.000000 0.435604 0.754492 0.490908 0.257908 0.446716 0.856696 0.010778 0.018666 0.999768 -0.241747 -0.418726 0.875344 -0.430219 -0.745167 0.509546 -0.500001 -0.866025 -0.000000 -0.430223 -0.745166 -0.509544 -0.241753 -0.418725 -0.875343 0.010780 0.018666 -0.999768 0.010780 0.018666 -0.999768 0.257916 0.446715 -0.856694 
						0.435608 0.754491 -0.490907 0.500001 0.866025 0.000000 0.258821 0.965925 0.000000 0.225485 0.841526 0.490908 0.435604 0.754492 0.490908 0.133503 0.498246 0.856696 0.257908 0.446716 0.856696 0.005581 0.020819 0.999768 0.010778 0.018666 0.999768 -0.125136 -0.467028 0.875344 -0.241747 -0.418726 0.875344 -0.222699 -0.831126 0.509544 -0.430219 -0.745167 0.509546 -0.258819 -0.965926 0.000000 -0.500001 -0.866025 -0.000000 -0.222700 -0.831125 -0.509544 -0.430223 -0.745166 -0.509544 -0.125140 -0.467027 -0.875343 -0.241753 -0.418725 -0.875343 0.005579 0.020819 -0.999768 0.010780 0.018666 -0.999768 0.010780 0.018666 -0.999768 0.005579 0.020819 -0.999768 0.133503 0.498246 -0.856696 0.257916 0.446715 -0.856694 0.225486 0.841526 -0.490908 0.435608 0.754491 -0.490907 0.000000 1.000000 0.000000 -0.000000 0.871211 0.490908 0.000001 0.515822 0.856696 0.000000 0.021554 0.999768 -0.000001 -0.483502 0.875343 -0.000000 -0.860445 0.509544 0.000000 -1.000000 -0.000000 -0.000000 -0.860445 -0.509544 0.000001 -0.483503 -0.875343 -0.000000 0.021554 -0.999768 -0.000000 0.021554 -0.999768 -0.000001 0.515822 -0.856696 -0.000000 0.871211 -0.490908 -0.258822 0.965925 0.000000 -0.225486 0.841526 0.490908 -0.133503 0.498246 0.856696 -0.005579 0.020819 0.999768 0.125140 -0.467027 0.875343 0.222700 -0.831126 0.509544 0.258818 -0.965926 -0.000000 0.222699 -0.831126 -0.509544 0.125141 -0.467028 -0.875343 -0.005579 0.020819 -0.999768 -0.005579 0.020819 -0.999768 -0.133504 0.498246 -0.856696 -0.225487 0.841525 -0.490908 -0.500002 0.866024 0.000000 -0.435607 0.754491 0.490907 -0.257912 0.446715 0.856695 -0.010775 0.018666 0.999768 0.241753 -0.418725 0.875343 0.430221 -0.745168 0.509544 0.500001 -0.866025 0.000001 0.430221 -0.745167 -0.509545 0.241748 -0.418726 -0.875344 -0.010778 0.018666 -0.999768 -0.010778 0.018666 -0.999768 
						-0.257914 0.446715 -0.856695 -0.435609 0.754490 -0.490907 -0.707107 0.707106 0.000001 -0.616041 0.616039 0.490906 -0.364743 0.364741 0.856695 -0.015235 0.015241 0.999768 0.341889 -0.341888 0.875343 0.608423 -0.608428 0.509546 0.707108 -0.707106 0.000000 0.608425 -0.608426 -0.509545 0.341886 -0.341888 -0.875344 -0.015237 0.015241 -0.999768 -0.015237 0.015241 -0.999768 -0.364741 0.364741 -0.856696 -0.616042 0.616038 -0.490907 -0.866026 0.499999 0.000001 -0.754491 0.435606 0.490908 -0.446714 0.257911 0.856696 -0.018662 0.010777 0.999768 0.418726 -0.241751 0.875343 0.745166 -0.430223 0.509545 0.866025 -0.500000 -0.000001 0.745167 -0.430223 -0.509544 0.418725 -0.241751 -0.875343 -0.018661 0.010777 -0.999768 -0.018661 0.010777 -0.999768 -0.446712 0.257912 -0.856697 -0.754493 0.435604 -0.490907 -0.965926 0.258819 -0.000000 -0.841527 0.225486 0.490906 -0.498247 0.133505 0.856695 -0.020817 0.005579 0.999768 0.467028 -0.125139 0.875343 0.831126 -0.222699 0.509543 0.965926 -0.258819 0.000001 0.831126 -0.222699 -0.509543 0.467028 -0.125139 -0.875343 -0.020820 0.005579 -0.999768 -0.020820 0.005579 -0.999768 -0.498246 0.133504 -0.856696 -0.841525 0.225486 -0.490909 -1.000000 0.000001 -0.000001 -0.871212 -0.000000 0.490907 -0.515822 -0.000001 0.856696 -0.021555 0.000000 0.999768 0.483500 -0.000000 0.875344 0.860445 -0.000000 0.509543 1.000000 -0.000000 0.000002 0.860445 -0.000000 -0.509543 0.483504 0.000000 -0.875342 -0.021558 -0.000000 -0.999768 -0.021558 -0.000000 -0.999768 -0.515824 0.000000 -0.856694 -0.871210 0.000000 -0.490911 -0.965926 -0.258818 -0.000001 -0.841525 -0.225486 0.490909 -0.498242 -0.133505 0.856698 -0.020820 -0.005578 0.999768 0.467026 0.125139 0.875344 0.831126 0.222699 0.509543 0.965926 0.258820 0.000001 0.831125 0.222700 -0.509544 0.467029 0.125139 -0.875342 -0.020820 -0.005578 -0.999768 
						-0.020820 -0.005578 -0.999768 -0.498249 -0.133504 -0.856694 -0.841526 -0.225486 -0.490908 -0.866025 -0.500000 0.000000 -0.754491 -0.435606 0.490908 -0.446717 -0.257911 0.856695 -0.018667 -0.010777 0.999768 0.418726 0.241751 0.875343 0.745167 0.430223 0.509544 0.866025 0.500001 -0.000000 0.745167 0.430222 -0.509544 0.418728 0.241751 -0.875342 -0.018664 -0.010777 -0.999768 -0.018664 -0.010777 -0.999768 -0.446717 -0.257911 -0.856695 -0.754492 -0.435605 -0.490907 -0.707106 -0.707108 0.000000 -0.616039 -0.616040 0.490908 -0.364747 -0.364741 0.856693 -0.015243 -0.015241 0.999768 0.341891 0.341887 0.875342 0.608423 0.608428 0.509545 0.707106 0.707108 0.000001 0.608427 0.608426 -0.509544 0.341888 0.341888 -0.875343 -0.015240 -0.015241 -0.999768 -0.015240 -0.015241 -0.999768 -0.364745 -0.364741 -0.856694 -0.616042 -0.616038 -0.490906 -0.500000 -0.866025 -0.000000 -0.435607 -0.754491 0.490907 -0.257916 -0.446715 0.856694 -0.010781 -0.018666 0.999768 0.241752 0.418725 0.875343 0.430220 0.745168 0.509545 0.499999 0.866026 0.000000 0.430222 0.745167 -0.509545 0.241749 0.418725 -0.875344 -0.010777 -0.018666 -0.999768 -0.010777 -0.018666 -0.999768 -0.257914 -0.446715 -0.856695 -0.435608 -0.754491 -0.490907 -0.500000 -0.866025 -0.000000 -0.258820 -0.965926 -0.000000 -0.225487 -0.841526 0.490908 -0.435607 -0.754491 0.490907 -0.133507 -0.498246 0.856695 -0.257916 -0.446715 0.856694 -0.005583 -0.020819 0.999768 -0.010781 -0.018666 0.999768 0.125139 0.467027 0.875343 0.241752 0.418725 0.875343 0.222700 0.831125 0.509544 0.430220 0.745168 0.509545 0.258819 0.965926 0.000000 0.499999 0.866026 0.000000 0.222699 0.831126 -0.509544 0.430222 0.745167 -0.509545 0.125139 0.467027 -0.875343 0.241749 0.418725 -0.875344 -0.005579 -0.020819 -0.999768 -0.010777 -0.018666 -0.999768 -0.010777 -0.018666 -0.999768 -0.005579 -0.020819 -0.999768 
						-0.133504 -0.498246 -0.856696 -0.257914 -0.446715 -0.856695 -0.225486 -0.841526 -0.490908 -0.435608 -0.754491 -0.490907 0.000000 -1.000000 0.000000 0.000000 -0.871211 0.490908 -0.000001 -0.515822 0.856696 -0.000002 -0.021554 0.999768 0.000000 0.483502 0.875343 0.000001 0.860444 0.509544 0.000001 1.000000 -0.000000 0.000001 0.860444 -0.509544 0.000001 0.483502 -0.875343 -0.000000 -0.021554 -0.999768 -0.000000 -0.021554 -0.999768 -0.000001 -0.515822 -0.856696 0.000000 -0.871211 -0.490908 0.258820 -0.965926 0.000000 0.225485 -0.841526 0.490908 0.133505 -0.498246 0.856696 0.005578 -0.020819 0.999768 -0.125141 0.467027 0.875343 -0.222700 0.831125 0.509545 -0.258818 0.965926 -0.000000 -0.222696 0.831126 -0.509545 -0.125138 0.467027 -0.875343 0.005579 -0.020819 -0.999768 0.005579 -0.020819 -0.999768 0.133503 -0.498246 -0.856696 0.225486 -0.841526 -0.490908 0.500000 -0.866025 0.000000 0.435606 -0.754491 0.490907 0.257911 -0.446715 0.856696 0.010775 -0.018666 0.999768 -0.241752 0.418725 0.875343 -0.430223 0.745166 0.509544 -0.499999 0.866026 -0.000000 -0.430218 0.745168 -0.509545 -0.241750 0.418726 -0.875343 0.010778 -0.018666 -0.999768 0.010778 -0.018666 -0.999768 0.257910 -0.446716 -0.856696 0.435604 -0.754492 -0.490908 0.707107 -0.707106 0.000000 0.616041 -0.616039 0.490907 0.364741 -0.364741 0.856696 0.015237 -0.015241 0.999768 -0.341886 0.341888 0.875344 -0.608425 0.608427 0.509546 -0.707108 0.707106 -0.000000 -0.608425 0.608427 -0.509545 -0.341888 0.341888 -0.875343 0.015238 -0.015241 -0.999768 0.015238 -0.015241 -0.999768 0.364739 -0.364742 -0.856697 0.616039 -0.616040 -0.490908 0.866026 -0.500000 0.000000 0.754491 -0.435606 0.490908 0.446714 -0.257911 0.856696 0.018664 -0.010777 0.999768 -0.418723 0.241752 0.875344 -0.745166 0.430223 0.509545 -0.866026 0.499999 0.000000 -0.745167 0.430222 -0.509544 
						-0.418725 0.241751 -0.875343 0.018667 -0.010777 -0.999768 0.018667 -0.010777 -0.999768 0.446716 -0.257911 -0.856695 0.754491 -0.435606 -0.490908 0.965926 -0.258819 0.000000 0.841526 -0.225486 0.490908 0.498247 -0.133505 0.856695 0.020822 -0.005579 0.999768 -0.467026 0.125140 0.875344 -0.831126 0.222699 0.509543 -0.965926 0.258819 0.000001 -0.831127 0.222699 -0.509543 -0.467028 0.125139 -0.875343 0.020820 -0.005578 -0.999768 0.020820 -0.005578 -0.999768 0.498247 -0.133505 -0.856695 0.841526 -0.225486 -0.490908 0.000000 1.000000 0.000004 0.000000 0.866025 -0.500001 0.000000 0.866025 -0.500001 0.000000 1.000000 0.000004 0.000000 1.000000 0.000004 0.000000 0.866025 -0.500001 0.000000 0.866025 -0.500001 0.000000 1.000000 0.000004 0.000000 0.500004 0.866023 0.000000 0.866029 0.499994 0.000000 0.866029 0.499994 0.000000 0.500004 0.866023 0.000000 0.500004 0.866023 0.000000 0.866029 0.499994 0.000000 0.866029 0.499994 0.000000 0.500004 0.866023 0.000000 -0.500004 0.866023 0.000000 -0.866029 0.499994 0.000000 -0.866029 0.499994 0.000000 -0.500004 0.866023 0.000000 -0.500004 0.866023 0.000000 -0.866029 0.499994 0.000000 -0.866029 0.499994 0.000000 -0.500004 0.866023 0.000000 -0.499994 -0.866029 0.000000 -0.866025 -0.500001 0.000000 -0.866025 -0.500001 0.000000 -0.499994 -0.866029 0.000000 -0.499994 -0.866029 0.000000 -0.866025 -0.500001 0.000000 -0.866025 -0.500001 0.000000 -0.499994 -0.866029 0.000000 0.000000 1.000000 0.000000 0.000000 1.000000 0.000000 0.000000 1.000000 0.000000 0.000000 1.000000 0.000000 -1.000000 0.000004 0.000000 -1.000000 0.000004 0.000000 -1.000000 0.000004 0.000000 -1.000000 0.000004 0.000000 0.499993 -0.866029 0.000000 0.499993 -0.866029 0.000000 0.499993 -0.866029 0.000000 0.499993 -0.866029 0.000000 0.000000 -1.000000 0.000000 0.000000 -1.000000 
						0.000000 0.000000 -1.000000 0.000000 0.000000 -1.000000 0.000000 0.000000 -1.000000 0.000000 0.000000 -1.000000 0.000000 0.000000 -1.000000 0.000000 0.000000 -1.000000 0.000000 0.866025 -0.500001 0.000000 1.000000 -0.000003 0.000000 1.000000 -0.000003 0.000000 0.866025 -0.500001 0.000000 0.866026 0.499998 0.000000 0.866026 0.499998 0.000000 1.000000 -0.000003 0.000000 1.000000 -0.000003 0.000000 0.866025 -0.500001 0.000000 0.866025 -0.500001 0.000000 0.866026 0.499998 0.000000 0.866026 0.499998 0.000000 0.866026 0.499998 0.000000 0.866026 0.499998 0.000000 1.000000 -0.000003 0.000000 1.000000 -0.000003 0.000000 0.866025 -0.500001 0.000000 0.866025 -0.500001 0.000000 0.500006 -0.866022 0.000000 0.500006 -0.866022 0.000000 0.500006 -0.866022 0.000000 0.500006 -0.866022 0.000000 0.500006 -0.866022 0.000000 0.500006 -0.866022 0.000000 0.499996 0.866028 0.000000 0.499996 0.866028 0.000000 0.499996 0.866028 0.000000 0.499996 0.866028 0.000000 0.499996 0.866028 0.000000 0.499996 0.866028 0.000000 -0.499996 0.866028 0.000000 -0.499996 0.866028 0.000000 0.000000 1.000000 0.000000 0.000000 1.000000 0.000000 0.000000 1.000000 0.000000 0.000000 1.000000 0.000000 -0.499996 0.866028 0.000000 -0.499996 0.866028 0.000000 0.000000 1.000000 0.000000 0.000000 1.000000 0.000000 -0.499996 0.866028 0.000000 -0.499996 0.866028 0.000000 -0.500006 -0.866022 0.000000 -0.500006 -0.866022 0.000000 -0.866025 -0.500000 0.000000 -0.866025 -0.500000 0.000000 -0.866025 -0.500001 0.000000 -0.866025 -0.500000 0.000000 -1.000000 -0.000003 0.000000 -1.000000 -0.000003 0.000000 -1.000000 -0.000003 0.000000 -1.000000 -0.000003 0.000000 -0.500006 -0.866022 0.000000 -0.500006 -0.866022 0.000000 -0.866025 -0.500000 0.000000 -0.866025 -0.500000 0.000000 -1.000000 -0.000003 0.000000 -1.000000 -0.000003 
						0.000000 -0.500006 -0.866022 0.000000 -0.500006 -0.866022 0.000000 -0.866027 0.499998 0.000000 -0.866027 0.499998 0.000000 -0.866027 0.499998 0.000000 -0.866027 0.499998 0.000000 -0.866027 0.499998 0.000000 -0.866027 0.499998 0.000000 0.000000 -1.000000 0.000000 0.000000 -1.000000 0.000000 0.000000 -1.000000 0.000000 0.000000 -1.000000 0.000000 0.000000 -1.000000 0.000000 0.000000 -1.000000 0.000000 0.000000 -1.000000 0.000000 0.000000 -1.000000 0.000000 0.000000 -1.000000 0.000000 0.000000 -1.000000 0.000000 0.000000 -1.000000 0.000000 0.000000 -1.000000 0.000000 -0.866027 0.499998 0.000000 -0.499996 0.866028 0.000000 -0.499996 0.866028 0.000000 -0.866027 0.499998 -0.548568 0.724086 -0.418057 -0.548580 0.836098 0.000000 -0.548580 0.836098 0.000000 -0.548568 0.724089 -0.418053 0.592485 0.805581 -0.000001 0.592469 0.697661 -0.402802 0.592469 0.697664 -0.402797 0.592485 0.805581 -0.000001 -0.592471 0.697661 -0.402801 -0.592483 0.805583 0.000000 -0.592483 0.805583 0.000000 -0.592471 0.697663 -0.402796 0.548583 0.836096 -0.000001 0.548567 0.724087 -0.418058 0.548567 0.724090 -0.418053 0.548583 0.836096 -0.000001 -0.548573 0.724089 0.418046 -0.548570 0.418053 0.724088 -0.548570 0.418051 0.724088 -0.548573 0.724085 0.418052 0.592480 0.402792 0.697658 0.592487 0.697656 0.402785 0.592487 0.697652 0.402791 0.592480 0.402790 0.697659 -0.592475 0.697663 0.402790 -0.592472 0.402796 0.697662 -0.592472 0.402795 0.697663 -0.592475 0.697659 0.402796 0.548578 0.418049 0.724084 0.548585 0.724083 0.418042 0.548585 0.724079 0.418048 0.548578 0.418048 0.724085 0.548577 -0.724087 0.418044 0.548581 -0.418050 0.724081 0.548581 -0.418048 0.724081 0.548577 -0.724083 0.418050 -0.592487 -0.402790 0.697652 -0.592485 -0.697658 0.402785 -0.592485 -0.697654 0.402791 -0.592487 -0.402789 0.697653 
						0.592479 -0.697661 0.402788 0.592484 -0.402792 0.697655 0.592484 -0.402791 0.697655 0.592479 -0.697657 0.402794 -0.548585 -0.418048 0.724079 -0.548582 -0.724084 0.418042 -0.548582 -0.724081 0.418048 -0.548585 -0.418047 0.724080 -0.548574 -0.724083 -0.418055 -0.548566 -0.418053 -0.724090 -0.548566 -0.418055 -0.724089 -0.548574 -0.724086 -0.418051 0.592469 -0.402797 -0.697664 0.592473 -0.697659 -0.402799 0.592473 -0.697662 -0.402795 0.592469 -0.402798 -0.697664 -0.592476 -0.697657 -0.402798 -0.592469 -0.402797 -0.697664 -0.592469 -0.402798 -0.697664 -0.592476 -0.697660 -0.402794 0.548567 -0.418053 -0.724090 0.548571 -0.724086 -0.418056 0.548571 -0.724088 -0.418051 0.548567 -0.418055 -0.724089 -0.548578 0.000001 0.836100 -0.548578 0.000001 0.836100 0.592480 0.000002 0.805585 0.592480 0.000002 0.805585 -0.592480 0.000002 0.805585 -0.592480 0.000002 0.805585 0.548578 0.000001 0.836099 0.548578 0.000001 0.836099 -0.548584 -0.836095 0.000000 -0.548584 -0.836095 0.000000 0.592481 -0.805584 -0.000000 0.592481 -0.805584 -0.000000 -0.592487 -0.805580 0.000000 -0.592487 -0.805580 0.000000 0.548579 -0.836099 -0.000000 0.548579 -0.836099 -0.000000 -0.548570 0.418054 -0.724087 -0.548570 0.418055 -0.724086 0.592473 0.402797 -0.697661 0.592472 0.402798 -0.697660 -0.592472 0.402797 -0.697661 -0.592472 0.402798 -0.697660 0.548570 0.418054 -0.724087 0.548570 0.418055 -0.724086 -0.548578 -0.000001 -0.836100 -0.548578 -0.000001 -0.836100 0.592480 -0.000002 -0.805585 0.592480 -0.000002 -0.805585 -0.592480 -0.000002 -0.805585 -0.592480 -0.000002 -0.805585 0.548578 -0.000001 -0.836100 0.548578 -0.000001 -0.836100 -0.548578 -0.000001 -0.836100 -0.548578 -0.000001 -0.836100 0.592480 -0.000002 -0.805585 0.592480 -0.000002 -0.805585 -0.592480 -0.000002 -0.805585 -0.592480 -0.000002 -0.805585 0.548578 -0.000001 -0.836100 0.548578 -0.000001 -0.836100 
						0.000000 0.500005 -0.866022 0.000000 0.500006 -0.866022 0.000000 0.000000 -1.000000 0.000000 0.000000 -1.000000 0.000000 0.000000 -1.000000 0.000000 0.000000 -1.000000 0.000000 -0.500006 -0.866022 0.000000 -0.500006 -0.866022 0.000000 -1.000000 -0.000003 0.000000 -1.000000 -0.000003 0.000000 -0.866025 -0.500001 0.000000 -0.866025 -0.500001 0.000000 0.000000 1.000000 0.000000 0.000000 1.000000 0.000000 0.499996 0.866028 0.000000 0.499996 0.866028 0.000000 0.866026 0.499998 0.000000 0.866026 0.499998 0.000000 0.866025 -0.500001 0.000000 0.866025 -0.500001 0.000000 1.000000 -0.000003 0.000000 1.000000 -0.000003 -0.866461 0.499246 0.000007 -0.750381 0.432354 -0.499998 -0.750381 0.432354 -0.499998 -0.866460 0.499246 0.000007 -0.866460 0.499246 0.000007 -0.750381 0.432355 -0.499998 -0.750381 0.432355 -0.499998 -0.866460 0.499246 0.000007 -0.433236 0.249622 0.866023 -0.750384 0.432359 0.499990 -0.750384 0.432359 0.499990 -0.433236 0.249622 0.866023 -0.433237 0.249623 0.866022 -0.750379 0.432362 0.499994 -0.750379 0.432362 0.499994 -0.433237 0.249623 0.866022 0.433234 -0.249624 0.866023 0.750384 -0.432357 0.499992 0.750384 -0.432357 0.499992 0.433234 -0.249624 0.866023 0.433227 -0.249626 0.866026 0.750380 -0.432358 0.499997 0.750380 -0.432358 0.499997 0.433227 -0.249626 0.866026 0.433229 -0.249617 -0.866028 0.750380 -0.432358 -0.499997 0.750379 -0.432358 -0.499997 0.433229 -0.249617 -0.866028 0.433225 -0.249618 -0.866029 0.750379 -0.432358 -0.499998 0.750379 -0.432358 -0.499998 0.433226 -0.249618 -0.866029 0.000007 0.000000 1.000000 0.000006 0.000000 1.000000 -0.000002 -0.000000 1.000000 -0.000002 -0.000000 1.000000 0.866462 -0.499243 0.000000 0.866462 -0.499243 0.000000 0.866462 -0.499243 0.000002 0.866462 -0.499243 0.000002 -0.433230 0.249618 -0.866027 -0.433230 0.249618 -0.866027 
						-0.433221 0.249619 -0.866031 -0.433221 0.249619 -0.866031 -0.000006 -0.000000 -1.000000 -0.000007 0.000000 -1.000000 0.000003 0.000000 -1.000000 0.000003 0.000000 -1.000000 -0.000006 -0.000000 -1.000000 -0.000007 0.000000 -1.000000 0.000003 0.000000 -1.000000 0.000003 0.000000 -1.000000 -0.750375 0.432360 -0.500003 -0.866461 0.499246 -0.000003 -0.866461 0.499246 -0.000003 -0.750375 0.432360 -0.500003 -0.750380 0.432358 0.499996 -0.750378 0.432360 0.499998 -0.866460 0.499246 -0.000002 -0.866462 0.499244 -0.000002 -0.750376 0.432358 -0.500002 -0.750376 0.432358 -0.500003 -0.750377 0.432360 0.500000 -0.750377 0.432360 0.500000 -0.750381 0.432358 0.499996 -0.750381 0.432358 0.499996 -0.866460 0.499246 -0.000003 -0.866460 0.499246 -0.000003 -0.750375 0.432360 -0.500003 -0.750375 0.432360 -0.500003 -0.433235 0.249625 -0.866022 -0.433235 0.249625 -0.866022 -0.433227 0.249626 -0.866026 -0.433229 0.249626 -0.866025 -0.433235 0.249625 -0.866022 -0.433235 0.249625 -0.866022 -0.433227 0.249619 0.866028 -0.433227 0.249619 0.866028 -0.433228 0.249619 0.866027 -0.433226 0.249620 0.866028 -0.433229 0.249620 0.866027 -0.433229 0.249620 0.866027 0.433230 -0.249620 0.866026 0.433230 -0.249620 0.866026 -0.000000 0.000000 1.000000 0.000000 -0.000000 1.000000 -0.000000 0.000000 1.000000 -0.000000 0.000000 1.000000 0.433226 -0.249620 0.866028 0.433225 -0.249620 0.866029 -0.000000 0.000000 1.000000 -0.000000 0.000000 1.000000 0.433229 -0.249619 0.866027 0.433229 -0.249619 0.866027 0.433241 -0.249624 -0.866020 0.433241 -0.249624 -0.866020 0.750380 -0.432356 -0.499997 0.750380 -0.432356 -0.499998 0.750378 -0.432357 -0.499999 0.750380 -0.432355 -0.499998 0.866463 -0.499241 -0.000002 0.866461 -0.499244 -0.000003 0.866462 -0.499244 -0.000003 0.866462 -0.499244 -0.000003 0.433238 -0.249624 -0.866021 0.433236 -0.249625 -0.866022 
						0.750380 -0.432356 -0.499998 0.750380 -0.432356 -0.499998 0.866461 -0.499244 -0.000002 0.866461 -0.499244 -0.000002 0.433241 -0.249624 -0.866020 0.433241 -0.249624 -0.866020 0.750379 -0.432358 0.499998 0.750380 -0.432358 0.499997 0.750378 -0.432359 0.499998 0.750378 -0.432359 0.499998 0.750382 -0.432357 0.499995 0.750382 -0.432357 0.499995 -0.000000 0.000000 -1.000000 -0.000000 0.000000 -1.000000 0.000005 0.000000 -1.000000 0.000005 0.000000 -1.000000 0.000000 -0.000000 -1.000000 -0.000000 0.000000 -1.000000 0.000005 0.000000 -1.000000 0.000005 0.000000 -1.000000 -0.000000 0.000000 -1.000000 0.000000 -0.000000 -1.000000 -0.000000 0.000000 -1.000000 -0.000000 0.000000 -1.000000 0.750380 -0.432358 0.499997 0.433226 -0.249620 0.866028 0.433228 -0.249619 0.866028 0.750381 -0.432357 0.499996 -0.901265 -0.113818 -0.418051 -0.998322 -0.057900 0.000001 -0.998322 -0.057900 0.000001 -0.901267 -0.113817 -0.418047 -0.402221 0.915543 0.000000 -0.308708 0.861657 -0.402798 -0.308711 0.861658 -0.402793 -0.402221 0.915543 0.000000 -0.900283 -0.165052 -0.402800 -0.993801 -0.111174 -0.000003 -0.993801 -0.111174 -0.000003 -0.900286 -0.165050 -0.402796 -0.450578 0.892737 -0.000000 -0.353526 0.836809 -0.418055 -0.353528 0.836811 -0.418050 -0.450578 0.892737 -0.000000 -0.901265 -0.113829 0.418048 -0.636101 -0.266617 0.724079 -0.636100 -0.266617 0.724080 -0.901262 -0.113831 0.418054 -0.053197 0.714458 0.697653 -0.308692 0.861668 0.402786 -0.308689 0.861667 0.402792 -0.053196 0.714457 0.697654 -0.900288 -0.165060 0.402785 -0.644796 -0.312275 0.697655 -0.644795 -0.312276 0.697655 -0.900285 -0.165062 0.402791 -0.088331 0.684035 0.724081 -0.353512 0.836821 0.418044 -0.353509 0.836819 0.418050 -0.088330 0.684035 0.724082 0.901267 0.113829 0.418043 0.636093 0.266620 0.724085 0.636092 0.266621 0.724086 0.901264 0.113830 0.418049 
						0.053189 -0.714458 0.697654 0.308694 -0.861667 0.402787 0.308690 -0.861666 0.402793 0.053188 -0.714457 0.697655 0.900288 0.165061 0.402785 0.644799 0.312274 0.697652 0.644798 0.312275 0.697653 0.900285 0.165063 0.402792 0.088344 -0.684034 0.724080 0.353518 -0.836818 0.418043 0.353515 -0.836816 0.418049 0.088343 -0.684034 0.724081 0.353526 -0.836809 -0.418055 0.088345 -0.684025 -0.724089 0.088347 -0.684026 -0.724088 0.353528 -0.836810 -0.418051 0.644796 0.312260 -0.697662 0.900283 0.165053 -0.402801 0.900285 0.165051 -0.402796 0.644797 0.312259 -0.697661 0.308711 -0.861656 -0.402799 0.053212 -0.714447 -0.697663 0.053213 -0.714448 -0.697663 0.308713 -0.861657 -0.402794 0.636093 0.266605 -0.724091 0.901262 0.113820 -0.418056 0.901265 0.113818 -0.418052 0.636094 0.266605 -0.724090 -0.273881 -0.475322 0.836097 -0.273881 -0.475322 0.836097 0.295799 0.513362 0.805582 0.295799 0.513362 0.805582 -0.295800 -0.513362 0.805582 -0.295800 -0.513362 0.805582 0.273877 0.475323 0.836098 0.273877 0.475323 0.836098 0.450582 -0.892735 -0.000001 0.450582 -0.892735 -0.000001 0.993801 0.111173 -0.000003 0.993801 0.111173 -0.000003 0.402224 -0.915541 -0.000000 0.402224 -0.915541 -0.000000 0.998322 0.057900 -0.000002 0.998322 0.057900 -0.000002 -0.636093 -0.266605 -0.724091 -0.636094 -0.266605 -0.724090 -0.053209 0.714448 -0.697662 -0.053211 0.714449 -0.697661 -0.644797 -0.312259 -0.697661 -0.644798 -0.312259 -0.697660 -0.088350 0.684025 -0.724089 -0.088352 0.684025 -0.724088 -0.273879 -0.475316 -0.836101 -0.273879 -0.475316 -0.836101 0.295801 0.513355 -0.805586 0.295801 0.513355 -0.805586 -0.295801 -0.513355 -0.805586 -0.295801 -0.513355 -0.805586 0.273878 0.475316 -0.836101 0.273878 0.475317 -0.836101 -0.273879 -0.475316 -0.836101 -0.273879 -0.475316 -0.836101 0.295801 0.513355 -0.805586 0.295801 0.513355 -0.805586 
						-0.295801 -0.513355 -0.805586 -0.295801 -0.513355 -0.805586 0.273878 0.475316 -0.836101 0.273878 0.475317 -0.836101 -0.433232 0.249626 -0.866024 -0.433229 0.249626 -0.866025 0.000005 0.000000 -1.000000 0.000005 0.000000 -1.000000 0.000005 0.000000 -1.000000 0.000005 0.000000 -1.000000 0.433238 -0.249624 -0.866021 0.433241 -0.249624 -0.866020 0.866460 -0.499246 -0.000005 0.866461 -0.499244 -0.000003 0.750378 -0.432357 -0.499999 0.750376 -0.432360 -0.500001 -0.000000 0.000000 1.000000 -0.000000 0.000000 1.000000 -0.433228 0.249619 0.866027 -0.433230 0.249619 0.866027 -0.750380 0.432358 0.499996 -0.750383 0.432356 0.499994 -0.750377 0.432357 -0.500002 -0.750376 0.432358 -0.500002 -0.866463 0.499242 -0.000002 -0.866462 0.499244 -0.000002 -0.865151 -0.501511 0.000005 -0.749245 -0.434319 -0.499998 -0.749245 -0.434319 -0.499998 -0.865152 -0.501511 0.000005 -0.865152 -0.501511 0.000007 -0.749244 -0.434319 -0.500000 -0.749244 -0.434319 -0.500000 -0.865151 -0.501511 0.000007 -0.432578 -0.250758 0.866023 -0.749243 -0.434324 0.499997 -0.749243 -0.434324 0.499997 -0.432578 -0.250758 0.866023 -0.432582 -0.250757 0.866022 -0.749245 -0.434325 0.499995 -0.749245 -0.434325 0.499995 -0.432583 -0.250757 0.866022 0.432572 0.250758 0.866026 0.749245 0.434322 0.499995 0.749246 0.434322 0.499995 0.432572 0.250758 0.866026 0.432575 0.250757 0.866025 0.749244 0.434326 0.499995 0.749244 0.434326 0.499995 0.432575 0.250758 0.866025 0.432567 0.250752 -0.866031 0.749245 0.434319 -0.499999 0.749245 0.434319 -0.499999 0.432567 0.250752 -0.866031 0.432566 0.250753 -0.866031 0.749240 0.434324 -0.500002 0.749240 0.434324 -0.500002 0.432566 0.250753 -0.866031 -0.000008 0.000000 1.000000 -0.000008 0.000000 1.000000 -0.000008 0.000000 1.000000 -0.000008 0.000000 1.000000 0.865151 0.501512 0.000007 0.865151 0.501512 0.000007 
						0.865150 0.501512 0.000002 0.865150 0.501512 0.000002 -0.432576 -0.250751 -0.866027 -0.432576 -0.250751 -0.866027 -0.432571 -0.250752 -0.866029 -0.432571 -0.250752 -0.866029 -0.000007 0.000000 -1.000000 -0.000007 0.000000 -1.000000 -0.000007 0.000000 -1.000000 -0.000007 0.000000 -1.000000 -0.000007 0.000000 -1.000000 -0.000007 0.000000 -1.000000 -0.000007 0.000000 -1.000000 -0.000007 0.000000 -1.000000 -0.749242 -0.434321 -0.500003 -0.865153 -0.501507 -0.000002 -0.865153 -0.501507 -0.000002 -0.749242 -0.434321 -0.500002 -0.749245 -0.434320 0.499998 -0.749248 -0.434318 0.499996 -0.865152 -0.501510 -0.000006 -0.865152 -0.501509 -0.000004 -0.749244 -0.434320 -0.500000 -0.749242 -0.434322 -0.500001 -0.749242 -0.434323 0.500000 -0.749242 -0.434323 0.500000 -0.749242 -0.434323 0.500000 -0.749242 -0.434323 0.500000 -0.865153 -0.501507 -0.000003 -0.865153 -0.501507 -0.000003 -0.749242 -0.434321 -0.500003 -0.749242 -0.434321 -0.500002 -0.432577 -0.250759 -0.866024 -0.432577 -0.250759 -0.866024 -0.432581 -0.250758 -0.866022 -0.432581 -0.250758 -0.866022 -0.432577 -0.250759 -0.866024 -0.432577 -0.250759 -0.866024 -0.432571 -0.250754 0.866028 -0.432571 -0.250754 0.866028 -0.432574 -0.250753 0.866027 -0.432576 -0.250753 0.866026 -0.432571 -0.250754 0.866028 -0.432571 -0.250754 0.866028 0.432578 0.250753 0.866025 0.432578 0.250753 0.866025 0.000008 -0.000000 1.000000 0.000007 -0.000000 1.000000 -0.000003 0.000000 1.000000 -0.000000 -0.000000 1.000000 0.432573 0.250753 0.866028 0.432574 0.250753 0.866027 0.000008 -0.000000 1.000000 0.000008 -0.000000 1.000000 0.432578 0.250753 0.866025 0.432578 0.250753 0.866025 0.432577 0.250759 -0.866024 0.432577 0.250759 -0.866024 0.749242 0.434321 -0.500003 0.749242 0.434321 -0.500003 0.749244 0.434320 -0.499999 0.749244 0.434320 -0.499999 0.865153 0.501508 -0.000005 0.865152 0.501510 -0.000003 
						0.865153 0.501508 -0.000002 0.865153 0.501508 -0.000002 0.432581 0.250758 -0.866022 0.432576 0.250758 -0.866024 0.749241 0.434321 -0.500003 0.749241 0.434321 -0.500003 0.865153 0.501508 -0.000002 0.865153 0.501508 -0.000002 0.432577 0.250759 -0.866024 0.432577 0.250759 -0.866024 0.749246 0.434320 0.499997 0.749245 0.434321 0.499998 0.749242 0.434323 0.500000 0.749242 0.434323 0.500000 0.749242 0.434322 0.500000 0.749242 0.434322 0.500000 -0.000000 -0.000000 -1.000000 0.000000 0.000000 -1.000000 -0.000000 -0.000000 -1.000000 -0.000006 0.000000 -1.000000 -0.000000 -0.000000 -1.000000 -0.000000 -0.000000 -1.000000 -0.000006 0.000000 -1.000000 -0.000000 -0.000000 -1.000000 -0.000000 -0.000000 -1.000000 -0.000000 -0.000000 -1.000000 0.000000 0.000000 -1.000000 -0.000000 -0.000000 -1.000000 0.749245 0.434321 0.499998 0.432573 0.250753 0.866028 0.432571 0.250753 0.866028 0.749244 0.434323 0.499998 -0.351337 -0.837731 -0.418054 -0.448241 -0.893913 -0.000001 -0.448241 -0.893913 -0.000001 -0.351339 -0.837732 -0.418049 -0.994089 0.108572 -0.000001 -0.900714 0.162693 -0.402797 -0.900716 0.162691 -0.402792 -0.994089 0.108572 -0.000001 -0.306450 -0.862463 -0.402798 -0.399822 -0.916593 -0.000000 -0.399822 -0.916593 -0.000001 -0.306453 -0.862464 -0.402793 -0.998470 0.055288 0.000002 -0.901559 0.111459 -0.418052 -0.901562 0.111458 -0.418048 -0.998470 0.055288 0.000002 -0.351323 -0.837742 0.418044 -0.086547 -0.684264 0.724081 -0.086547 -0.684263 0.724081 -0.351320 -0.837740 0.418050 -0.645609 0.310587 0.697657 -0.900715 0.162704 0.402789 -0.900712 0.162706 0.402795 -0.645608 0.310587 0.697657 -0.306450 -0.862469 0.402784 -0.051336 -0.714595 0.697653 -0.051335 -0.714594 0.697653 -0.306447 -0.862467 0.402791 -0.636793 0.264953 0.724082 -0.901563 0.111468 0.418041 -0.901560 0.111470 0.418047 -0.636792 0.264954 0.724082 
						0.351321 0.837743 0.418044 0.086545 0.684264 0.724081 0.086544 0.684263 0.724081 0.351319 0.837741 0.418050 0.645609 -0.310586 0.697657 0.900715 -0.162705 0.402789 0.900712 -0.162707 0.402795 0.645608 -0.310587 0.697657 0.306449 0.862469 0.402785 0.051331 0.714593 0.697655 0.051330 0.714592 0.697655 0.306446 0.862467 0.402792 0.636792 -0.264953 0.724083 0.901561 -0.111469 0.418046 0.901558 -0.111471 0.418052 0.636791 -0.264953 0.724084 0.901558 -0.111459 -0.418055 0.636789 -0.264939 -0.724091 0.636790 -0.264938 -0.724090 0.901560 -0.111458 -0.418051 0.051345 0.714584 -0.697663 0.306450 0.862463 -0.402798 0.306453 0.862464 -0.402793 0.051347 0.714584 -0.697662 0.900714 -0.162694 -0.402796 0.645611 -0.310571 -0.697662 0.645612 -0.310570 -0.697661 0.900716 -0.162693 -0.402792 0.086567 0.684253 -0.724088 0.351339 0.837730 -0.418054 0.351341 0.837731 -0.418050 0.086568 0.684254 -0.724087 0.275117 -0.474605 0.836099 0.275117 -0.474605 0.836099 -0.297139 0.512585 0.805584 -0.297139 0.512585 0.805584 0.297139 -0.512586 0.805583 0.297139 -0.512586 0.805583 -0.275118 0.474604 0.836099 -0.275118 0.474604 0.836099 0.998471 -0.055286 0.000001 0.998471 -0.055286 0.000001 0.399826 0.916591 -0.000001 0.399826 0.916591 -0.000001 0.994088 -0.108574 -0.000001 0.994088 -0.108574 -0.000001 0.448241 0.893913 -0.000000 0.448241 0.893913 -0.000000 -0.086564 -0.684253 -0.724088 -0.086565 -0.684254 -0.724087 -0.645611 0.310571 -0.697662 -0.645613 0.310570 -0.697661 -0.051345 -0.714585 -0.697662 -0.051347 -0.714586 -0.697661 -0.636788 0.264940 -0.724091 -0.636789 0.264939 -0.724090 0.275123 -0.474598 -0.836101 0.275123 -0.474598 -0.836101 -0.297136 0.512579 -0.805589 -0.297136 0.512579 -0.805589 0.297136 -0.512580 -0.805588 0.297136 -0.512580 -0.805588 -0.275114 0.474599 -0.836103 -0.275114 0.474599 -0.836103 
						0.275123 -0.474598 -0.836101 0.275123 -0.474598 -0.836101 -0.297136 0.512579 -0.805589 -0.297136 0.512579 -0.805589 0.297136 -0.512580 -0.805588 0.297136 -0.512580 -0.805588 -0.275114 0.474599 -0.836103 -0.275114 0.474599 -0.836103 -0.432581 -0.250758 -0.866022 -0.432581 -0.250758 -0.866022 -0.000000 -0.000000 -1.000000 0.000005 -0.000000 -1.000000 0.000005 -0.000000 -1.000000 -0.000000 -0.000000 -1.000000 0.432581 0.250758 -0.866022 0.432586 0.250758 -0.866019 0.865150 0.501513 -0.000002 0.865152 0.501510 -0.000003 0.749244 0.434320 -0.499999 0.749244 0.434320 -0.499999 -0.000003 0.000000 1.000000 -0.000006 0.000000 1.000000 -0.432574 -0.250753 0.866027 -0.432572 -0.250754 0.866028 -0.749245 -0.434320 0.499998 -0.749243 -0.434322 0.500000 -0.749246 -0.434318 -0.499999 -0.749244 -0.434320 -0.500000 -0.865153 -0.501508 -0.000002 -0.865152 -0.501509 -0.000004 0.000001 0.000000 1.000000 0.000001 0.000000 1.000000 0.000001 0.000000 1.000000 0.000001 0.000000 1.000000 0.000001 0.000000 1.000000 0.000001 0.000000 1.000000 0.000001 0.000000 1.000000 0.000001 0.000000 1.000000 0.000001 0.000000 1.000000 0.000001 0.000000 1.000000 0.000001 0.000000 1.000000 0.000001 0.000000 1.000000 0.000001 0.000000 1.000000 0.000001 0.000000 1.000000 0.000001 0.000000 1.000000 0.000001 0.000000 1.000000 0.000001 0.000000 1.000000 0.000001 0.000000 1.000000 0.000001 0.000000 1.000000 0.000001 0.000000 1.000000 0.000001 0.000000 1.000000 0.000001 0.000000 1.000000 0.000001 0.000000 1.000000 0.000001 0.000000 1.000000 0.672351 -0.000000 0.740232 0.649450 0.174014 0.740225 0.649450 0.174014 0.740225 0.672351 -0.000000 0.740232 0.672343 -0.000001 -0.740240 0.649441 0.174017 -0.740233 0.649441 0.174017 -0.740233 0.672343 -0.000001 -0.740240 0.582283 0.336173 0.740226 0.582283 0.336173 0.740226 
						0.582273 0.336175 -0.740232 0.582273 0.336175 -0.740232 0.475430 0.475422 0.740230 0.475430 0.475422 0.740230 0.475418 0.475426 -0.740235 0.475418 0.475426 -0.740235 0.336183 0.582271 0.740231 0.336183 0.582271 0.740231 0.336169 0.582274 -0.740235 0.336169 0.582274 -0.740235 0.174023 0.649440 0.740233 0.174023 0.649440 0.740233 0.174023 0.649440 -0.740233 0.174023 0.649440 -0.740233 -0.000000 0.672350 0.740233 -0.000000 0.672350 0.740233 0.000004 0.672350 -0.740233 0.000004 0.672350 -0.740233 -0.174023 0.649440 0.740232 -0.174023 0.649440 0.740232 -0.174019 0.649441 -0.740233 -0.174019 0.649441 -0.740233 -0.336176 0.582273 0.740233 -0.336176 0.582273 0.740233 -0.336176 0.582273 -0.740233 -0.336176 0.582273 -0.740233 -0.475424 0.475424 0.740233 -0.475424 0.475424 0.740233 -0.475424 0.475424 -0.740233 -0.475424 0.475424 -0.740233 -0.582274 0.336175 0.740232 -0.582274 0.336175 0.740232 -0.582284 0.336173 -0.740226 -0.582284 0.336173 -0.740226 -0.649432 0.174018 0.740240 -0.649432 0.174018 0.740240 -0.649441 0.174015 -0.740233 -0.649441 0.174015 -0.740233 -0.672343 0.000001 0.740240 -0.672343 0.000001 0.740240 -0.672343 0.000001 -0.740240 -0.672343 0.000001 -0.740240 -0.672343 0.000001 0.740240 -0.649450 -0.174014 0.740225 -0.649450 -0.174014 0.740225 -0.672343 0.000001 0.740240 -0.672343 0.000001 -0.740240 -0.649450 -0.174014 -0.740225 -0.649450 -0.174014 -0.740225 -0.672343 0.000001 -0.740240 -0.582284 -0.336172 0.740226 -0.582284 -0.336172 0.740226 -0.582284 -0.336172 -0.740226 -0.582284 -0.336172 -0.740226 -0.475417 -0.475426 0.740236 -0.475417 -0.475426 0.740236 -0.475423 -0.475424 -0.740233 -0.475423 -0.475424 -0.740233 -0.336176 -0.582272 0.740233 -0.336176 -0.582272 0.740233 -0.336176 -0.582272 -0.740233 -0.336176 -0.582272 -0.740233 -0.174027 -0.649440 0.740232 -0.174027 -0.649440 0.740232 
						-0.174023 -0.649440 -0.740232 -0.174023 -0.649440 -0.740232 0.000002 -0.672350 0.740233 0.000002 -0.672350 0.740233 0.000002 -0.672350 -0.740233 0.000002 -0.672350 -0.740233 0.174021 -0.649440 0.740232 0.174021 -0.649440 0.740233 0.174017 -0.649441 -0.740233 0.174017 -0.649441 -0.740233 0.336169 -0.582274 0.740235 0.336169 -0.582274 0.740235 0.336156 -0.582277 -0.740238 0.336156 -0.582277 -0.740238 0.475417 -0.475426 0.740236 0.475417 -0.475426 0.740236 0.475411 -0.475428 -0.740238 0.475411 -0.475428 -0.740238 0.582273 -0.336175 0.740233 0.582273 -0.336175 0.740233 0.582283 -0.336173 -0.740226 0.582283 -0.336173 -0.740226 0.649441 -0.174017 0.740233 0.649441 -0.174017 0.740233 0.649441 -0.174015 -0.740233 0.649441 -0.174015 -0.740233 0.672351 -0.000000 0.740232 0.672351 -0.000000 0.740232 0.672343 -0.000001 -0.740240 0.672343 -0.000001 -0.740240 -0.672342 0.000002 0.740240 -0.649455 -0.174014 0.740222 -0.649455 -0.174014 0.740222 -0.672342 0.000002 0.740240 -0.582283 -0.336172 0.740226 -0.582283 -0.336172 0.740226 -0.475432 -0.475421 0.740229 -0.475432 -0.475421 0.740229 -0.336177 -0.582272 0.740232 -0.336177 -0.582272 0.740232 -0.174008 -0.649442 0.740234 -0.174008 -0.649442 0.740234 0.000007 -0.672351 0.740233 0.000007 -0.672351 0.740233 0.174014 -0.649441 0.740233 0.174014 -0.649441 0.740233 0.336168 -0.582274 0.740235 0.336168 -0.582274 0.740235 0.475424 -0.475423 0.740233 0.475424 -0.475423 0.740233 0.582270 -0.336176 0.740235 0.582270 -0.336176 0.740235 0.649442 -0.174018 0.740232 0.649442 -0.174018 0.740232 0.672354 0.000001 0.740230 0.672354 0.000001 0.740230 0.672354 0.000001 0.740230 0.649443 0.174016 0.740231 0.649443 0.174016 0.740232 0.672354 0.000001 0.740230 0.582284 0.336172 0.740225 0.582284 0.336172 0.740225 0.475423 0.475424 0.740233 0.475423 0.475424 0.740233 
						0.336159 0.582276 0.740238 0.336159 0.582276 0.740238 0.174004 0.649442 0.740235 0.174004 0.649442 0.740235 -0.000003 0.672350 0.740233 -0.000003 0.672350 0.740233 -0.174006 0.649442 0.740235 -0.174006 0.649442 0.740235 -0.336168 0.582274 0.740235 -0.336168 0.582274 0.740235 -0.475424 0.475424 0.740233 -0.475424 0.475424 0.740233 -0.582269 0.336176 0.740235 -0.582269 0.336176 0.740235 -0.649424 0.174019 0.740247 -0.649424 0.174019 0.740247 -0.672342 0.000002 0.740240 -0.672342 0.000002 0.740240 -1.000000 -0.000006 0.000000 -0.965923 -0.258828 0.000000 -0.965923 -0.258828 0.000000 -1.000000 -0.000006 0.000000 -0.000000 0.000000 1.000000 -0.000018 0.000000 1.000000 -0.000018 0.000000 1.000000 -0.000000 0.000000 1.000000 0.000018 0.000000 1.000000 -0.000000 0.000000 1.000000 -0.000000 0.000000 1.000000 0.000018 0.000000 1.000000 -0.965925 0.258822 -0.000000 -1.000000 -0.000006 0.000000 -1.000000 -0.000006 0.000000 -0.965925 0.258822 -0.000000 -0.866014 -0.500020 0.000000 -0.866014 -0.500020 0.000000 0.000000 0.000000 1.000000 0.000000 0.000000 1.000000 -0.707104 -0.707110 0.000000 -0.707104 -0.707110 0.000000 0.000009 0.000000 1.000000 0.000009 0.000000 1.000000 -0.500008 -0.866021 0.000000 -0.500008 -0.866021 0.000000 0.000009 0.000000 1.000000 0.000009 0.000000 1.000000 -0.258810 -0.965928 0.000000 -0.258810 -0.965928 0.000000 0.000002 0.000000 1.000000 0.000002 0.000000 1.000000 0.000000 -1.000000 0.000000 0.000000 -1.000000 0.000000 0.000000 0.000000 1.000000 0.000000 0.000000 1.000000 0.258810 -0.965928 0.000000 0.258810 -0.965928 0.000000 -0.000002 0.000000 1.000000 -0.000002 0.000000 1.000000 0.500007 -0.866021 0.000000 0.500007 -0.866021 0.000000 0.000000 0.000000 1.000000 0.000000 0.000000 1.000000 0.707122 -0.707092 0.000000 0.707122 -0.707092 0.000000 
						0.000000 0.000000 1.000000 0.000000 0.000000 1.000000 0.866027 -0.499997 0.000000 0.866027 -0.499997 0.000000 0.000000 0.000000 1.000000 0.000000 0.000000 1.000000 0.965925 -0.258822 0.000000 0.965925 -0.258822 0.000000 -0.000035 0.000000 1.000000 -0.000035 0.000000 1.000000 1.000000 0.000000 0.000000 1.000000 0.000000 0.000000 -0.000018 0.000000 1.000000 -0.000018 0.000000 1.000000 1.000000 0.000000 0.000000 0.965929 0.258806 0.000000 0.965929 0.258806 0.000000 1.000000 0.000000 0.000000 0.000018 0.000000 1.000000 -0.000018 0.000000 1.000000 -0.000018 0.000000 1.000000 0.000018 0.000000 1.000000 0.866022 0.500006 -0.000000 0.866022 0.500006 -0.000000 0.000000 0.000000 1.000000 0.000000 0.000000 1.000000 0.707103 0.707110 0.000000 0.707103 0.707110 0.000000 0.000000 0.000000 1.000000 0.000000 0.000000 1.000000 0.500008 0.866021 0.000000 0.500008 0.866021 0.000000 -0.000009 0.000000 1.000000 -0.000009 0.000000 1.000000 0.258816 0.965927 0.000000 0.258816 0.965927 0.000000 -0.000007 0.000000 1.000000 -0.000007 0.000000 1.000000 -0.000000 1.000000 -0.000000 -0.000000 1.000000 -0.000000 0.000002 0.000000 1.000000 0.000002 0.000000 1.000000 -0.258815 0.965927 -0.000000 -0.258815 0.965927 -0.000000 0.000009 0.000000 1.000000 0.000009 0.000000 1.000000 -0.499979 0.866038 -0.000000 -0.499979 0.866038 -0.000000 0.000009 0.000000 1.000000 0.000009 0.000000 1.000000 -0.707080 0.707134 -0.000000 -0.707080 0.707134 -0.000000 0.000000 0.000000 1.000000 0.000000 0.000000 1.000000 -0.866013 0.500021 -0.000000 -0.866013 0.500021 -0.000000 0.000000 0.000000 1.000000 0.000000 0.000000 1.000000 0.965926 -0.258819 0.000000 0.965926 -0.258819 0.000000 1.000000 0.000000 0.000000 1.000000 0.000000 0.000000 1.000000 0.000000 0.000000 1.000000 0.000000 0.000000 
						0.965926 0.258819 -0.000000 0.965926 0.258819 -0.000000 0.866025 0.500000 -0.000000 0.866025 0.500000 -0.000000 0.707107 0.707107 -0.000000 0.707107 0.707107 -0.000000 0.500000 0.866026 0.000000 0.500000 0.866026 0.000000 0.258819 0.965926 -0.000000 0.258819 0.965926 -0.000000 -0.000000 1.000000 -0.000000 -0.000000 1.000000 -0.000000 -0.258820 0.965926 -0.000000 -0.258820 0.965926 -0.000000 -0.500001 0.866025 -0.000000 -0.500001 0.866025 -0.000000 -0.707106 0.707107 -0.000000 -0.707106 0.707107 -0.000000 -0.866025 0.500001 -0.000000 -0.866025 0.500001 -0.000000 -0.965926 0.258819 -0.000000 -0.965926 0.258819 -0.000000 -1.000000 -0.000000 0.000000 -1.000000 -0.000000 0.000000 -1.000000 -0.000000 0.000000 -1.000000 -0.000000 0.000000 -0.965926 -0.258820 0.000000 -0.965926 -0.258820 0.000000 -0.866025 -0.500000 0.000000 -0.866025 -0.500000 0.000000 -0.707107 -0.707107 0.000000 -0.707107 -0.707107 0.000000 -0.500000 -0.866025 0.000000 -0.500000 -0.866025 0.000000 -0.258819 -0.965926 0.000000 -0.258819 -0.965926 0.000000 -0.000000 -1.000000 0.000000 -0.000000 -1.000000 0.000000 0.258819 -0.965926 0.000000 0.258819 -0.965926 0.000000 0.500000 -0.866025 0.000000 0.500000 -0.866025 0.000000 0.707107 -0.707107 0.000000 0.707107 -0.707107 0.000000 0.866025 -0.500000 0.000000 0.866025 -0.500000 0.000000 -0.382684 -0.923879 0.000000 -0.000000 -1.000000 0.000000 -0.000000 -0.995299 0.096851 -0.377074 -0.921794 0.090064 0.385508 0.918162 -0.091450 -0.000000 0.995176 -0.098103 0.000002 0.922347 -0.386362 0.391528 0.850121 -0.352138 0.707107 0.707107 -0.000000 0.382684 0.923879 0.000000 0.385508 0.918162 -0.091450 0.711625 0.699145 -0.069189 -0.707107 -0.707107 0.000000 -0.699503 -0.711159 0.070342 0.923879 0.382684 -0.000000 0.927594 0.371845 -0.036051 -0.923879 -0.382684 0.000000 -0.918875 -0.392535 0.039802 
						1.000000 0.000000 -0.000000 0.999923 -0.012184 0.002423 -1.000000 0.000000 0.000000 -0.999923 -0.012184 0.002423 0.923879 -0.382684 -0.000000 0.918875 -0.392535 0.039801 -0.923879 0.382684 0.000000 -0.927594 0.371846 -0.036052 0.707107 -0.707107 -0.000000 0.699502 -0.711160 0.070342 -0.707107 0.707107 0.000000 -0.711625 0.699145 -0.069189 0.382684 -0.923879 -0.000000 0.377073 -0.921794 0.090064 -0.382684 0.923879 0.000000 -0.385508 0.918162 -0.091450 -0.000000 1.000000 0.000000 -0.000000 0.995176 -0.098103 -0.000000 1.000000 0.000000 -0.000000 0.995176 -0.098103 0.267959 0.646913 0.713934 -0.000000 0.700213 0.713934 -0.000000 0.700213 0.713934 0.267959 0.646913 0.713934 0.495126 0.495126 0.713933 0.495126 0.495126 0.713933 0.646915 0.267961 0.713932 0.646915 0.267961 0.713932 0.700215 0.000000 0.713932 0.700215 0.000000 0.713932 0.646913 -0.267960 0.713933 0.646913 -0.267960 0.713933 0.495127 -0.495127 0.713932 0.495126 -0.495127 0.713932 0.267961 -0.646914 0.713932 0.267961 -0.646914 0.713932 0.000000 -0.700213 0.713934 0.000000 -0.700213 0.713934 -0.267960 -0.646914 0.713933 -0.267960 -0.646914 0.713932 -0.495127 -0.495127 0.713932 -0.495126 -0.495127 0.713932 -0.646913 -0.267960 0.713933 -0.646913 -0.267960 0.713933 -0.700215 0.000000 0.713932 -0.700215 0.000000 0.713932 -0.646915 0.267961 0.713931 -0.646915 0.267961 0.713931 -0.495127 0.495126 0.713932 -0.495127 0.495126 0.713932 -0.267960 0.646913 0.713934 -0.267960 0.646913 0.713934 -0.000000 0.700213 0.713934 -0.000000 0.700213 0.713934 0.000000 0.000000 1.000000 0.000000 0.000000 1.000000 0.000000 0.000000 1.000000 0.000000 0.000000 1.000000 0.000000 1.000000 -0.000000 0.000000 1.000000 -0.000000 0.382684 0.923879 0.000000 0.382684 0.923879 0.000000 0.707107 0.707107 0.000000 0.707107 0.707107 0.000000 
						0.000000 0.000000 1.000000 0.000000 0.000000 1.000000 -0.382684 0.923879 0.000000 -0.382684 0.923879 0.000000 0.000000 1.000000 -0.000000 0.000000 1.000000 -0.000000 0.000000 0.000000 1.000000 0.000000 0.000000 1.000000 0.000000 0.000000 1.000000 0.000000 0.000000 1.000000 0.923879 0.382684 -0.000000 0.923879 0.382684 -0.000000 0.000000 0.000000 1.000000 0.000000 0.000000 1.000000 1.000000 0.000000 0.000000 1.000000 0.000000 0.000000 0.000000 0.000000 1.000000 0.000000 0.000000 1.000000 0.923879 -0.382684 0.000000 0.923879 -0.382684 0.000000 0.000000 0.000000 1.000000 0.000000 0.000000 1.000000 0.707107 -0.707107 0.000000 0.707107 -0.707107 0.000000 0.000000 0.000000 1.000000 0.000000 0.000000 1.000000 0.382684 -0.923879 0.000000 0.382684 -0.923879 0.000000 0.000000 0.000000 1.000000 0.000000 0.000000 1.000000 0.000000 -1.000000 0.000000 0.000000 -1.000000 0.000000 0.000000 0.000000 1.000000 0.000000 0.000000 1.000000 -0.382684 -0.923879 0.000000 -0.382684 -0.923879 0.000000 0.000000 0.000000 1.000000 0.000000 0.000000 1.000000 -0.707107 -0.707107 0.000000 -0.707107 -0.707107 0.000000 0.000000 0.000000 1.000000 0.000000 0.000000 1.000000 -0.923879 -0.382684 0.000000 -0.923879 -0.382684 0.000000 0.000000 0.000000 1.000000 0.000000 0.000000 1.000000 -1.000000 0.000000 0.000000 -1.000000 0.000000 0.000000 0.000000 0.000000 1.000000 0.000000 0.000000 1.000000 -0.923879 0.382684 -0.000000 -0.923879 0.382684 -0.000000 0.000000 0.000000 1.000000 0.000000 0.000000 1.000000 -0.707107 0.707107 0.000000 -0.707107 0.707107 0.000000 0.000000 0.000000 1.000000 0.000000 0.000000 1.000000 -0.391527 0.850115 -0.352151 -0.719461 0.641663 -0.265790 -0.719466 0.491108 -0.491103 -0.391525 0.650657 -0.650656 -0.000000 0.995176 -0.098103 -0.385508 0.918162 -0.091450 
						-0.391527 0.850115 -0.352151 0.000002 0.922347 -0.386362 -0.377074 -0.921794 0.090064 -0.000000 -0.995299 0.096851 -0.000000 -0.923880 0.382683 -0.374374 -0.856693 0.354854 0.711625 0.699145 -0.069189 0.719461 0.641663 -0.265790 -0.699503 -0.711159 0.070342 -0.695161 -0.664135 0.275093 0.927594 0.371845 -0.036051 0.932368 0.333992 -0.138345 -0.918875 -0.392535 0.039802 -0.915160 -0.372407 0.154256 0.999923 -0.012184 0.002423 0.999703 -0.022516 0.009327 -0.999923 -0.012184 0.002423 -0.999703 -0.022516 0.009326 0.918875 -0.392535 0.039801 0.915160 -0.372408 0.154257 -0.927594 0.371846 -0.036052 -0.932368 0.333993 -0.138345 0.699502 -0.711160 0.070342 0.695160 -0.664136 0.275094 -0.711625 0.699145 -0.069189 0.377073 -0.921794 0.090064 0.374373 -0.856693 0.354854 0.915160 -0.285028 0.285029 0.999703 -0.017234 0.017234 0.999703 -0.009327 0.022516 0.915160 -0.154257 0.372408 0.374375 -0.655683 0.655685 -0.000000 -0.707108 0.707106 0.000002 0.922347 -0.386362 0.000002 0.701565 -0.712606 0.391525 0.650668 -0.650646 0.000002 0.701565 -0.712606 -0.374375 -0.655684 0.655685 0.391525 0.650668 -0.650646 0.719463 0.491109 -0.491106 -0.695161 -0.508307 0.508307 0.932368 0.255627 -0.255627 -0.915160 -0.285028 0.285029 -0.999703 -0.017234 0.017235 -0.932368 0.255627 -0.255626 0.695160 -0.508307 0.508307 -0.695159 -0.275096 0.664136 -0.374374 -0.354854 0.856693 -0.377072 -0.090066 0.921794 -0.699502 -0.070345 0.711160 -0.999703 -0.009327 0.022516 -0.932368 0.138346 -0.333992 0.695159 -0.275096 0.664136 -0.719462 0.265792 -0.641661 0.374374 -0.354854 0.856693 -0.391526 0.352130 -0.850125 -0.000000 -0.382685 0.923879 0.000002 0.701565 -0.712606 -0.000005 0.372641 -0.927976 0.391520 0.352128 -0.850128 0.000002 0.701565 -0.712606 -0.391526 0.352130 -0.850125 -0.000005 0.372641 -0.927976 0.391520 0.352128 -0.850128 
						0.719461 0.265793 -0.641662 0.932368 0.138346 -0.333992 -0.915160 -0.154257 0.372407 -0.385512 0.091425 -0.918162 -0.711627 0.069188 -0.699142 -0.711631 -0.069193 -0.699138 -0.385517 -0.091474 -0.918155 0.711629 0.069188 -0.699140 0.927594 0.036052 -0.371845 -0.918877 -0.039803 0.392532 0.999923 -0.002423 0.012184 -0.999923 -0.002424 0.012184 0.918876 -0.039803 0.392533 -0.927594 0.036052 -0.371846 0.699501 -0.070345 0.711160 0.377072 -0.090066 0.921794 0.000000 -0.096853 0.995299 -0.000005 0.372641 -0.927976 -0.000005 0.094545 -0.995521 0.385509 0.091421 -0.918164 -0.000005 0.372641 -0.927976 -0.385512 0.091425 -0.918162 -0.000005 0.094545 -0.995521 0.385509 0.091421 -0.918164 -0.927594 -0.036053 -0.371845 -0.999923 0.002424 0.012185 -0.999703 0.009327 0.022518 -0.932368 -0.138348 -0.333991 0.377070 0.090067 0.921795 0.000000 0.096853 0.995299 -0.000005 0.094545 -0.995521 0.000000 -0.103917 -0.994586 0.385516 -0.091474 -0.918156 -0.000005 0.094545 -0.995521 0.000000 -0.103917 -0.994586 -0.377071 0.090067 0.921795 0.711630 -0.069193 -0.699139 -0.699504 0.070343 0.711158 0.927594 -0.036053 -0.371846 -0.918876 0.039802 0.392533 0.999923 0.002424 0.012185 0.918876 0.039802 0.392533 0.699503 0.070343 0.711159 0.932368 -0.138348 -0.333992 0.719464 -0.265800 -0.641656 0.719463 -0.491118 -0.491097 0.932367 -0.255632 -0.255625 0.915160 0.154257 0.372408 0.695161 0.275093 0.664134 -0.719464 -0.265800 -0.641655 0.374369 0.354857 0.856694 -0.391539 -0.352212 -0.850085 -0.000000 0.382684 0.923879 0.000000 -0.103917 -0.994586 -0.000010 -0.404665 -0.914465 0.391529 -0.352213 -0.850088 0.000000 -0.103917 -0.994586 -0.000010 -0.404665 -0.914465 -0.374371 0.354857 0.856693 0.391529 -0.352213 -0.850088 -0.695162 0.275093 0.664133 -0.915160 0.154258 0.372408 0.999703 0.009327 0.022517 -0.000000 0.707107 0.707106 
						0.374368 0.655687 0.655685 0.374368 0.856696 0.354852 -0.000000 0.923881 0.382681 -0.695162 0.508307 0.508305 -0.915160 0.285030 0.285028 0.999703 0.017235 0.017235 -0.999703 0.017235 0.017235 0.915159 0.285030 0.285028 -0.932368 -0.255631 -0.255624 0.695161 0.508307 0.508305 -0.719460 -0.491120 -0.491099 -0.391540 -0.650696 -0.650608 -0.000010 -0.404665 -0.914465 -0.000008 -0.724040 -0.689758 0.391538 -0.650696 -0.650610 -0.000010 -0.404665 -0.914465 -0.391540 -0.650696 -0.650608 -0.000008 -0.724040 -0.689758 -0.374368 0.655687 0.655685 0.391538 -0.650696 -0.650610 -0.932367 -0.333996 -0.138340 -0.999703 0.022519 0.009327 -0.999923 0.012186 0.002424 -0.927594 -0.371848 -0.036049 -0.000008 -0.724040 -0.689758 -0.000001 -0.930209 -0.367031 0.391557 -0.850133 -0.352075 -0.391553 -0.850141 -0.352061 -0.000001 -0.930209 -0.367031 -0.374369 0.856696 0.354852 0.391557 -0.850133 -0.352075 0.719465 -0.641667 -0.265770 -0.695162 0.664134 0.275091 0.932367 -0.333997 -0.138341 -0.915159 0.372410 0.154255 0.999703 0.022519 0.009328 0.915159 0.372410 0.154256 0.695162 0.664134 0.275091 -0.719462 -0.641670 -0.265771 -0.918875 0.392536 0.039801 -0.699506 0.711156 0.070342 -0.707109 0.707104 0.000001 -0.923879 0.382685 0.000001 0.918875 0.392535 0.039801 0.699507 0.711156 0.070341 -0.711630 -0.699140 -0.069173 0.377072 0.921795 0.090064 -0.385528 -0.918161 -0.091372 -0.000000 0.995299 0.096851 -0.000001 -0.930209 -0.367031 -0.000001 -0.995622 -0.093474 0.385528 -0.918159 -0.091389 -0.000001 -0.995622 -0.093474 -0.377072 0.921795 0.090064 0.711631 -0.699140 -0.069173 -0.699506 0.711156 0.070342 0.927593 -0.371848 -0.036049 -0.918875 0.392536 0.039801 0.999923 0.012186 0.002424 0.999923 0.012186 0.002424 0.927593 -0.371848 -0.036049 0.923878 -0.382687 -0.000001 1.000000 0.000001 -0.000000 -0.999923 0.012186 0.002424 
						-1.000000 0.000001 0.000000 0.918875 0.392535 0.039801 0.923879 0.382685 0.000000 -0.927594 -0.371848 -0.036049 -0.923878 -0.382687 -0.000000 0.699507 0.711156 0.070341 0.707110 0.707104 0.000001 -0.711630 -0.699140 -0.069173 -0.707109 -0.707104 -0.000000 0.377072 0.921795 0.090064 0.382681 0.923881 0.000001 -0.385528 -0.918161 -0.091372 -0.382697 -0.923874 -0.000001 -0.000000 0.995299 0.096851 -0.000000 1.000000 0.000002 0.385528 -0.918159 -0.091389 -0.000001 -0.995622 -0.093474 -0.000000 -1.000000 -0.000001 0.382696 -0.923874 -0.000001 -0.000001 -0.995622 -0.093474 -0.000000 -1.000000 -0.000001 -0.377072 0.921795 0.090064 -0.382681 0.923881 0.000001 0.711631 -0.699140 -0.069173 0.707109 -0.707104 -0.000001 -0.000000 1.000000 -0.000000 -0.382684 0.923879 -0.000000 -0.382684 0.923879 -0.000000 0.000000 1.000000 -0.000000 0.000003 -0.000000 -1.000000 0.000003 -0.000000 -1.000000 -0.000004 -0.000000 -1.000000 -0.000004 -0.000000 -1.000000 0.382684 0.923879 -0.000000 -0.000000 1.000000 -0.000000 0.000000 1.000000 -0.000000 0.382684 0.923879 -0.000000 -0.000003 0.000000 1.000000 -0.000003 0.000000 1.000000 0.000000 0.000000 1.000000 0.000000 0.000000 1.000000 -0.000000 -1.000000 0.000000 0.382684 -0.923879 -0.000000 0.382684 -0.923879 -0.000000 0.000000 -1.000000 0.000000 0.000001 -0.000000 -1.000000 0.000001 -0.000000 -1.000000 0.000007 -0.000000 -1.000000 0.000007 -0.000000 -1.000000 -0.707107 0.707107 0.000000 -0.707107 0.707107 0.000000 -0.000006 0.000000 1.000000 -0.000006 0.000000 1.000000 0.707107 -0.707107 -0.000000 0.707107 -0.707107 -0.000000 0.000000 -0.000000 -1.000000 0.000000 -0.000000 -1.000000 0.000003 -0.000000 -1.000000 0.000003 -0.000000 -1.000000 -0.923879 0.382684 0.000000 -0.923879 0.382684 0.000000 0.000004 0.000000 1.000000 0.000004 0.000000 1.000000 0.000001 0.000000 1.000000 
						0.000001 0.000000 1.000000 0.923879 -0.382684 -0.000000 0.923879 -0.382684 -0.000000 -0.000004 -0.000000 -1.000000 -0.000004 -0.000000 -1.000000 0.000003 -0.000000 -1.000000 0.000003 -0.000000 -1.000000 -1.000000 0.000000 0.000000 -1.000000 0.000000 0.000000 0.000000 0.000000 1.000000 0.000000 0.000000 1.000000 0.000003 0.000000 1.000000 0.000003 0.000000 1.000000 1.000000 -0.000000 -0.000000 1.000000 -0.000000 -0.000000 -0.000006 -0.000000 -1.000000 -0.000006 -0.000000 -1.000000 -0.000001 -0.000000 -1.000000 -0.000001 -0.000000 -1.000000 -0.923879 -0.382684 0.000000 -0.923879 -0.382684 0.000000 0.000006 0.000000 1.000000 0.000006 0.000000 1.000000 0.000003 0.000000 1.000000 0.000003 0.000000 1.000000 0.923879 0.382684 -0.000000 0.923879 0.382684 -0.000000 -0.000001 0.000000 1.000000 -0.000001 0.000000 1.000000 0.000001 0.000000 1.000000 0.000001 0.000000 1.000000 -0.707107 -0.707107 0.000000 -0.707107 -0.707107 0.000000 -0.000004 -0.000000 -1.000000 -0.000004 -0.000000 -1.000000 0.707107 0.707107 -0.000000 0.707107 0.707107 -0.000000 0.000006 -0.000000 -1.000000 0.000006 -0.000000 -1.000000 -0.382684 -0.923879 0.000000 -0.382684 -0.923879 0.000000 -0.000004 0.000000 1.000000 -0.000004 0.000000 1.000000 0.000007 0.000000 1.000000 0.000007 0.000000 1.000000 0.000004 -0.000000 -1.000000 0.000004 -0.000000 -1.000000 0.000000 -0.000000 -1.000000 0.000000 -0.000000 -1.000000 0.000000 -0.000000 -1.000000 0.000000 -0.000000 -1.000000 1.000000 0.000000 0.000000 1.000000 0.000000 0.000000 1.000000 0.000000 0.000000 1.000000 0.000000 0.000000 -0.000000 -1.000000 -0.000000 0.000000 -1.000000 -0.000000 0.382684 -0.923879 0.000000 0.382684 -0.923879 0.000000 -0.382678 0.923882 0.000000 -0.382678 0.923882 0.000002 -0.707107 0.707107 -0.000000 -0.707107 0.707107 -0.000000 0.707107 -0.707107 0.000000 
						0.707107 -0.707107 0.000000 -0.923880 0.382683 -0.000000 -0.923880 0.382683 -0.000000 0.923879 -0.382684 0.000000 0.923879 -0.382684 0.000000 -1.000000 0.000000 -0.000000 -1.000000 0.000000 -0.000000 1.000000 0.000000 0.000000 1.000000 0.000000 0.000000 -0.923879 -0.382684 -0.000001 -0.923879 -0.382684 -0.000001 0.923880 0.382683 0.000001 0.923880 0.382683 0.000001 -0.707107 -0.707107 -0.000001 -0.707107 -0.707107 -0.000001 0.707107 0.707107 0.000000 0.707107 0.707107 0.000000 -0.382684 -0.923879 -0.000000 -0.382684 -0.923879 -0.000000 0.382678 0.923882 -0.000000 0.382678 0.923882 -0.000001 -0.000001 0.000000 1.000000 -0.000001 0.000000 1.000000 0.000003 -0.000000 -1.000000 0.000003 -0.000000 -1.000000 0.000000 0.000000 1.000000 0.000000 0.000000 1.000000 -0.000001 -0.000000 -1.000000 -0.000001 -0.000000 -1.000000 -0.000003 0.000000 1.000000 -0.000003 0.000000 1.000000 -0.000003 -0.000000 -1.000000 -0.000003 -0.000000 -1.000000 0.000004 0.000000 1.000000 0.000004 0.000000 1.000000 0.000003 -0.000000 -1.000000 0.000003 -0.000000 -1.000000 0.195091 0.980785 -0.000001 0.195091 0.980785 -0.000000 -0.195091 0.980785 0.000004 -0.195091 0.980785 0.000000 -0.000000 1.000000 -0.000001 -0.000000 1.000000 -0.000001 -0.000000 1.000000 0.000004 -0.000000 1.000000 0.000004 -0.000000 1.000000 -0.000001 -0.000000 1.000000 -0.000001 -0.000000 1.000000 0.000004 -0.000000 1.000000 0.000004 0.000000 -0.000000 -1.000000 0.000000 -0.000000 -1.000000 0.000000 -0.000000 -1.000000 0.000000 -0.000000 -1.000000 -1.000000 -0.000000 -0.000000 -1.000000 -0.000000 -0.000000 -1.000000 -0.000000 -0.000000 -1.000000 -0.000000 -0.000000 0.000000 0.000000 1.000000 0.000000 0.000000 1.000000 0.000000 0.000000 1.000000 0.000000 0.000000 1.000000 0.000000 0.000000 1.000000 0.000000 0.000000 1.000000 -0.382684 -0.923879 0.000000 
						-0.000000 -1.000000 0.000000 -0.012184 -0.999923 0.002424 -0.392534 -0.918876 0.039802 0.707107 0.707107 -0.000001 0.382683 0.923880 -0.000000 0.371844 0.927595 -0.036051 0.699144 0.711626 -0.069182 -0.707108 -0.707106 0.000001 -0.711160 -0.699502 0.070343 0.923880 0.382683 -0.000001 0.918166 0.385505 -0.091420 -0.923879 -0.382684 0.000001 -0.921794 -0.377073 0.090065 1.000000 -0.000000 -0.000001 0.995181 -0.000000 -0.098055 -1.000000 0.000000 0.000001 -0.995299 0.000000 0.096852 0.923880 -0.382683 -0.000001 1.000000 -0.000000 -0.000001 0.995181 -0.000000 -0.098055 0.918166 -0.385505 -0.091420 -0.923879 0.382684 0.000001 -0.921794 0.377073 0.090065 0.707107 -0.707107 -0.000001 0.699144 -0.711626 -0.069182 -0.707108 0.707106 0.000001 -0.711160 0.699502 0.070343 0.382683 -0.923880 -0.000000 0.371844 -0.927595 -0.036051 -0.382684 0.923879 0.000000 -0.392534 0.918876 0.039802 -0.000000 1.000000 0.000000 -0.012184 0.999923 0.002424 0.298924 0.721665 0.624375 -0.000000 0.781124 0.624376 -0.000000 0.781124 0.624376 0.298923 0.721665 0.624375 0.552339 0.552339 0.624374 0.552339 0.552339 0.624374 0.721665 0.298924 0.624374 0.721665 0.298924 0.624374 0.781125 0.000000 0.624375 0.781125 0.000000 0.624375 0.721666 -0.298924 0.624374 0.781125 0.000000 0.624375 0.781125 0.000000 0.624375 0.721666 -0.298924 0.624374 0.552339 -0.552339 0.624374 0.552339 -0.552339 0.624374 0.298924 -0.721665 0.624375 0.298924 -0.721665 0.624375 0.000000 -0.781124 0.624376 0.000000 -0.781124 0.624376 -0.298923 -0.721665 0.624375 -0.298923 -0.721665 0.624375 -0.552338 -0.552338 0.624376 -0.552338 -0.552339 0.624376 -0.721664 -0.298922 0.624377 -0.721664 -0.298922 0.624377 -0.781122 0.000000 0.624378 -0.781122 0.000000 0.624378 -0.721664 0.298922 0.624377 -0.721664 0.298922 0.624377 -0.552339 0.552338 0.624376 
						-0.552338 0.552339 0.624376 -0.298924 0.721665 0.624375 -0.298924 0.721665 0.624375 0.000000 0.000000 1.000000 0.000001 0.000000 1.000000 0.000001 0.000000 1.000000 0.000000 0.000000 1.000000 0.000000 1.000000 -0.000000 0.000000 1.000000 -0.000000 0.382684 0.923879 -0.000000 0.382684 0.923879 -0.000000 0.707107 0.707106 -0.000000 0.707107 0.707106 -0.000000 0.000001 0.000000 1.000000 0.000001 0.000000 1.000000 -0.382684 0.923879 -0.000000 -0.382684 0.923879 -0.000000 -0.000001 0.000000 1.000000 -0.000001 0.000000 1.000000 0.923880 0.382683 -0.000000 0.923880 0.382683 -0.000000 0.000000 0.000000 1.000000 0.000000 0.000000 1.000000 1.000000 0.000000 0.000000 1.000000 0.000000 0.000000 0.000000 0.000000 1.000000 0.000000 0.000000 1.000000 1.000000 0.000000 0.000000 1.000000 0.000000 0.000000 0.923880 -0.382683 0.000000 0.923880 -0.382683 0.000000 0.000000 0.000000 1.000000 -0.000001 0.000000 1.000000 -0.000001 0.000000 1.000000 0.000000 0.000000 1.000000 0.707107 -0.707106 0.000000 0.707107 -0.707106 0.000000 0.000000 0.000000 1.000000 0.000000 0.000000 1.000000 0.382684 -0.923879 0.000000 0.382684 -0.923879 0.000000 0.000001 0.000000 1.000000 0.000001 0.000000 1.000000 0.000000 -1.000000 0.000000 0.000000 -1.000000 0.000000 0.000000 0.000000 1.000000 0.000000 0.000000 1.000000 -0.382684 -0.923879 0.000000 -0.382684 -0.923879 0.000000 -0.000001 0.000000 1.000000 -0.000001 0.000000 1.000000 -0.707107 -0.707106 0.000000 -0.707107 -0.707106 0.000000 -0.000001 0.000000 1.000000 -0.000001 0.000000 1.000000 -0.923880 -0.382683 0.000000 -0.923880 -0.382683 0.000000 0.000000 0.000000 1.000000 0.000000 0.000000 1.000000 -1.000000 0.000000 0.000000 -1.000000 0.000000 0.000000 0.000000 0.000000 1.000000 0.000000 0.000000 1.000000 -0.923880 0.382683 -0.000000 
						-0.923880 0.382683 -0.000000 0.000001 0.000000 1.000000 0.000001 0.000000 1.000000 -0.707107 0.707106 -0.000000 -0.707107 0.707106 -0.000000 -0.000000 0.000000 1.000000 -0.000000 0.000000 1.000000 -0.022517 0.999703 0.009327 0.333992 0.932368 -0.138344 -0.372408 0.915160 0.154256 -0.022517 -0.999703 0.009327 -0.372408 -0.915160 0.154256 0.641665 0.719461 -0.265785 -0.664136 -0.695159 0.275094 0.850129 0.391527 -0.352118 -0.856694 -0.374371 0.354855 0.925733 0.000002 -0.378178 -0.923880 0.000000 0.382683 0.925733 0.000002 -0.378178 0.850130 -0.391525 -0.352119 -0.856694 0.374372 0.354854 0.641665 -0.719461 -0.265785 -0.664136 0.695159 0.275094 0.333991 -0.932368 -0.138344 -0.508308 0.695160 0.508307 -0.285029 0.915160 0.285029 0.255627 -0.932368 -0.255626 -0.017234 -0.999703 0.017234 -0.017234 0.999703 0.017234 0.255627 0.932368 -0.255626 -0.285029 -0.915159 0.285029 0.491114 0.719459 -0.491107 -0.508308 -0.695160 0.508307 0.650672 0.391525 -0.650642 -0.655685 -0.374372 0.655685 0.925733 0.000002 -0.378178 0.719412 0.000002 -0.694583 -0.707108 0.000000 0.707106 0.925733 0.000002 -0.378178 0.719412 0.000002 -0.694583 0.650672 -0.391523 -0.650642 -0.655685 0.374372 0.655685 0.650672 -0.391523 -0.650642 0.491114 -0.719459 -0.491107 0.719412 0.000002 -0.694583 0.403786 0.000000 -0.914853 0.352140 -0.391527 -0.850120 -0.382684 -0.000000 0.923879 -0.354855 0.374371 0.856694 0.352140 -0.391527 -0.850120 0.265792 -0.719460 -0.641663 -0.275094 0.695160 0.664136 0.138346 -0.932368 -0.333991 -0.154256 0.915160 0.372408 -0.009327 -0.999703 0.022517 -0.009327 0.999703 0.022517 0.138346 0.932368 -0.333991 -0.154256 -0.915160 0.372408 0.265792 0.719460 -0.641663 -0.275094 -0.695160 0.664135 0.352140 0.391527 -0.850120 -0.354855 -0.374372 0.856694 0.719412 0.000002 -0.694583 0.403786 0.000000 -0.914853 
						-0.039801 -0.918876 0.392534 -0.070342 -0.699504 0.711159 0.069184 0.711626 -0.699143 0.091422 0.385503 -0.918167 -0.090065 -0.377073 0.921794 0.403786 0.000000 -0.914853 0.103820 0.000000 -0.994596 -0.096851 -0.000000 0.995299 0.403786 0.000000 -0.914853 0.103820 0.000000 -0.994596 0.091422 -0.385503 -0.918166 -0.090065 0.377073 0.921794 0.091422 -0.385503 -0.918166 0.069184 -0.711627 -0.699143 -0.070342 0.699503 0.711159 0.036052 -0.927595 -0.371844 -0.039801 0.918876 0.392534 -0.002424 -0.999923 0.012184 -0.002424 0.999923 0.012184 0.036052 0.927595 -0.371844 0.000000 0.382683 -0.923880 0.000000 -0.000000 -1.000000 0.000000 -0.707108 0.707106 0.000000 -0.382683 0.923880 0.000000 0.707107 -0.707107 0.000000 -0.923880 0.382683 0.000000 0.923880 -0.382683 0.000000 -1.000000 0.000000 0.000000 0.923880 0.382683 0.000000 1.000000 -0.000000 0.000000 -0.923880 -0.382683 0.000000 0.707108 0.707106 0.000000 -0.707107 -0.707107 0.000000 0.382683 0.923880 0.000000 -0.382683 -0.923880 0.000000 0.000000 1.000000 0.103820 0.000000 -0.994596 0.000000 -0.000000 -1.000000 -0.563642 -0.316488 0.762983 -0.560008 0.000000 0.828487 -0.560008 0.000000 0.828487 -0.563645 -0.316598 0.762935 -0.560011 -0.000001 -0.828485 -0.563646 -0.316488 -0.762980 -0.563648 -0.316598 -0.762933 -0.560011 -0.000001 -0.828485 -0.563642 0.316488 0.762983 -0.563645 0.316598 0.762935 -0.573312 -0.579854 -0.578863 -0.573320 -0.579998 -0.578711 -0.573309 0.579856 0.578864 -0.573317 0.579999 0.578713 -0.583999 -0.750173 -0.310138 -0.584004 -0.750234 -0.309981 -0.583997 0.750175 0.310137 -0.584002 0.750236 0.309982 -0.588644 -0.808392 0.000000 -0.588644 -0.808392 0.000000 -0.588644 0.808392 0.000000 -0.584000 0.750173 -0.310138 -0.584005 0.750234 -0.309981 -0.588644 0.808392 0.000000 -0.583997 -0.750175 0.310137 -0.584002 -0.750236 0.309982 
						-0.573313 0.579853 -0.578863 -0.573321 0.579997 -0.578711 -0.573309 -0.579855 0.578864 -0.573317 -0.579999 0.578713 -0.563646 0.316487 -0.762981 -0.563649 0.316598 -0.762933 -0.560011 -0.000001 -0.828485 -0.560011 -0.000001 -0.828485 -1.000000 0.000000 -0.000001 -1.000000 0.000003 -0.000001 -1.000000 0.000003 -0.000001 -1.000000 0.000000 -0.000001 0.000000 -0.000000 -1.000000 0.000000 0.382684 -0.923879 0.000000 0.382684 -0.923879 0.000000 -0.000000 -1.000000 -1.000000 0.000003 -0.000001 -1.000000 0.000003 -0.000001 0.000000 0.707107 -0.707107 0.000000 0.707107 -0.707107 -1.000000 -0.000002 0.000001 -1.000000 -0.000002 0.000001 -1.000000 -0.000002 0.000001 -1.000000 -0.000002 0.000001 0.000000 -0.382683 0.923880 0.000000 -0.707107 0.707107 0.000000 -0.707107 0.707107 0.000000 -0.382683 0.923880 -1.000000 -0.000002 0.000000 -1.000000 -0.000002 0.000000 0.000000 -0.923880 0.382683 0.000000 -0.923880 0.382683 -1.000000 0.000001 -0.000001 -1.000000 0.000001 -0.000001 0.000000 0.923879 -0.382684 0.000000 0.923879 -0.382684 -1.000000 -0.000002 -0.000000 -1.000000 -0.000002 -0.000000 0.000000 -1.000000 0.000000 0.000000 -1.000000 0.000000 -1.000000 0.000002 -0.000000 -1.000000 0.000002 -0.000000 0.000000 1.000000 0.000000 0.000000 1.000000 0.000000 -1.000000 0.000002 0.000000 -1.000000 0.000002 0.000000 0.000000 0.923880 0.382683 0.000000 0.923880 0.382683 -1.000000 -0.000002 -0.000001 -1.000000 -0.000002 -0.000001 0.000000 -0.923879 -0.382684 0.000000 -0.923879 -0.382684 -1.000000 0.000001 0.000001 -1.000000 0.000001 0.000001 0.000000 0.707107 0.707107 0.000000 0.707107 0.707107 -1.000000 -0.000003 -0.000001 -1.000000 -0.000003 -0.000001 0.000000 -0.707107 -0.707107 0.000000 -0.707107 -0.707107 -1.000000 0.000001 0.000001 -1.000000 0.000001 0.000001 0.000000 0.382683 0.923880 0.000000 0.382683 0.923880 
						-1.000000 -0.000002 -0.000001 -1.000000 -0.000002 -0.000001 0.000000 -0.382684 -0.923879 0.000000 -0.382684 -0.923879 -1.000000 0.000000 0.000000 -1.000000 0.000000 0.000000 0.000000 0.000000 1.000000 0.000000 0.000000 1.000000 -1.000000 0.000000 -0.000001 -1.000000 0.000000 -0.000001 0.000000 -0.000000 -1.000000 0.000000 -0.000000 -1.000000 
					</float_array>
					<technique_common>
						<accessor count="3852" offset="0" source="#meshId0-normals-array" stride="3">
							<param name="X" type="float" />
							<param name="Y" type="float" />
							<param name="Z" type="float" />
						</accessor>
					</technique_common>
				</source>
				<source id="meshId0-tangents" name="meshId0-tangents">
					<float_array id="meshId0-tangents-array" count="11556"> 
						-0.000000 0.000000 1.000000 -0.000000 0.000000 1.000000 -0.000000 0.000000 1.000000 -0.000000 0.000000 1.000000 -0.000000 0.000000 1.000000 -0.000000 0.000000 1.000000 -0.000000 0.000000 1.000000 -0.000000 0.000000 1.000000 -0.000000 0.000000 1.000000 -0.000000 0.000000 1.000000 0.000000 -0.000000 1.000000 -0.000000 0.000000 1.000000 -0.000000 0.000000 1.000000 0.000000 -0.000000 1.000000 -0.000000 0.000000 1.000000 -0.000000 0.000000 1.000000 0.000000 -0.000000 1.000000 0.000000 0.000000 1.000000 0.000000 0.000000 -1.000000 0.000000 0.000000 -1.000000 -0.000000 -0.000000 -1.000000 0.000000 0.000000 -1.000000 -0.000000 -0.000000 -1.000000 -0.000000 -0.000000 -1.000000 0.000000 0.000000 -1.000000 -0.000000 -0.000000 -1.000000 0.000000 0.000000 -1.000000 0.000000 0.000000 -1.000000 0.000000 0.000000 -1.000000 0.000000 0.000000 -1.000000 0.000000 0.000000 -1.000000 0.000000 0.000000 -1.000000 -0.000000 -0.000000 -1.000000 0.000000 0.000000 -1.000000 0.000000 -0.000000 -1.000000 0.000000 -0.000000 -1.000000 0.000000 -0.000000 -1.000000 0.000000 -0.000000 -1.000000 0.000000 -0.000000 -1.000000 0.000000 -0.000000 -1.000000 -0.000000 0.000000 -1.000000 0.000000 -0.000000 -1.000000 -0.000000 0.000000 -1.000000 -0.000000 0.000000 -1.000000 0.000000 -0.000000 -1.000000 -0.000000 0.000000 -1.000000 0.000000 -0.000000 -1.000000 0.000000 -0.000000 -1.000000 0.000000 -0.000000 -1.000000 0.000000 -0.000000 -1.000000 0.000000 -0.000000 -1.000000 0.000000 -0.000000 -1.000000 0.000000 -0.000000 1.000000 0.000000 -0.000000 1.000000 -0.000000 -0.000000 1.000000 -0.000000 -0.000000 1.000000 -0.000000 -0.000000 1.000000 -0.000000 -0.000000 1.000000 -0.000000 -0.000000 1.000000 -0.000000 -0.000000 1.000000 -0.000000 -0.000000 1.000000 -0.000000 -0.000000 1.000000 -0.000000 -0.000000 1.000000 -0.000000 -0.000000 1.000000 
						-0.000000 -0.000000 1.000000 -0.000000 -0.000000 1.000000 0.972011 -0.234936 -0.000001 0.989454 -0.144850 0.000000 0.991294 -0.131666 0.000000 0.976730 -0.214472 -0.000001 -0.000000 -0.000000 1.000000 -0.000000 -0.000000 1.000000 0.995185 -0.098017 0.000000 0.995185 -0.098017 0.000000 0.995185 -0.098017 0.000000 0.995185 -0.098017 0.000000 0.995184 -0.098019 0.000000 0.995185 -0.098016 0.000000 0.995185 -0.098018 -0.000000 0.995185 -0.098018 0.000000 0.995185 -0.098016 0.000000 0.995185 -0.098018 -0.000000 0.995185 -0.098016 -0.000000 0.995185 -0.098018 0.000000 0.995185 -0.098018 0.000000 0.995185 -0.098015 0.000000 0.995185 -0.098016 0.000000 0.995185 -0.098019 0.000000 0.995185 -0.098019 0.000000 0.995185 -0.098016 0.000000 0.995185 -0.098015 0.000000 0.995185 -0.098018 0.000000 0.995184 -0.098020 -0.000000 0.995185 -0.098016 0.000000 0.995185 -0.098016 0.000000 0.995185 -0.098016 0.000000 0.995184 -0.098019 -0.000000 0.995185 -0.098013 0.000000 0.995184 -0.098021 0.000000 0.995185 -0.098015 0.000000 0.995184 -0.098021 0.000000 0.995184 -0.098024 -0.000000 0.995186 -0.098007 -0.000000 0.995185 -0.098017 0.000000 0.001150 0.000229 -0.999999 0.000958 0.000190 -0.999999 -0.000097 -0.000000 -1.000000 0.000098 -0.000000 -1.000000 0.002056 0.000851 -0.999998 0.001895 0.000785 -0.999998 0.002557 0.001709 -0.999995 0.002416 0.001614 -0.999996 0.002926 0.002926 -0.999991 0.002770 0.002770 -0.999992 0.003099 0.004639 -0.999984 0.002934 0.004391 -0.999986 0.002920 0.007049 -0.999971 0.002725 0.006578 -0.999975 0.002160 0.010859 -0.999939 0.002097 0.010544 -0.999942 0.000000 0.010961 -0.999940 0.000000 0.010998 -0.999939 0.002092 -0.010518 -0.999943 0.002156 -0.010841 -0.999939 0.000000 -0.010977 -0.999940 0.000000 -0.011007 -0.999939 0.002701 -0.006520 -0.999975 0.002895 -0.006990 -0.999971 
						0.002947 -0.004411 -0.999986 0.003103 -0.004643 -0.999984 0.002866 -0.002866 -0.999992 0.003021 -0.003021 -0.999991 0.002436 -0.001627 -0.999996 0.002593 -0.001733 -0.999995 0.001836 -0.000761 -0.999998 0.002002 -0.000829 -0.999998 0.000942 -0.000187 -1.000000 0.001129 -0.000225 -0.999999 -0.000098 -0.000000 -1.000000 0.000097 -0.000000 -1.000000 -0.001149 -0.000229 -0.999999 -0.000958 -0.000190 -1.000000 -0.002051 -0.000850 -0.999998 -0.001890 -0.000783 -0.999998 -0.002561 -0.001711 -0.999995 -0.002420 -0.001617 -0.999996 -0.002926 -0.002926 -0.999991 -0.002771 -0.002771 -0.999992 -0.003097 -0.004635 -0.999985 -0.002931 -0.004387 -0.999986 -0.002922 -0.007054 -0.999971 -0.002726 -0.006582 -0.999975 -0.002160 -0.010858 -0.999939 -0.002097 -0.010545 -0.999942 0.000000 -0.010955 -0.999940 0.000000 -0.010993 -0.999940 -0.002092 0.010518 -0.999942 -0.002157 0.010842 -0.999939 0.000000 0.010978 -0.999940 0.000000 0.011007 -0.999939 -0.002700 0.006518 -0.999975 -0.002895 0.006988 -0.999971 -0.002950 0.004415 -0.999986 -0.003105 0.004647 -0.999984 -0.002870 0.002870 -0.999992 -0.003025 0.003025 -0.999991 -0.002436 0.001627 -0.999996 -0.002594 0.001733 -0.999995 -0.001836 0.000761 -0.999998 -0.002002 0.000829 -0.999998 -0.000942 0.000187 -1.000000 -0.001129 0.000225 -0.999999 0.141576 -0.689867 -0.709957 0.003228 -0.704235 -0.709960 -0.003337 -0.704234 -0.709960 0.135138 -0.691153 -0.709962 0.274375 -0.648601 -0.709955 0.268320 -0.651119 -0.709964 0.396269 -0.582186 -0.709952 0.390825 -0.585838 -0.709964 0.502869 -0.493052 -0.709946 0.498233 -0.497712 -0.709963 0.590229 -0.384210 -0.709939 0.586564 -0.389737 -0.709963 0.655051 -0.258702 -0.709917 0.652557 -0.264823 -0.709956 0.692743 -0.126949 -0.709923 0.691833 -0.131669 -0.709951 0.702924 -0.061081 -0.708637 0.702789 -0.064145 -0.708500 0.691837 0.131645 -0.709951 0.702793 0.064054 -0.708505 
						0.702940 0.060709 -0.708653 0.692775 0.126783 -0.709922 0.652549 0.264844 -0.709957 0.655041 0.258726 -0.709918 0.586614 0.389661 -0.709963 0.590272 0.384144 -0.709938 0.498307 0.497637 -0.709963 0.502945 0.492975 -0.709945 0.390643 0.585959 -0.709964 0.396091 0.582305 -0.709953 0.268143 0.651192 -0.709964 0.274191 0.648678 -0.709955 0.135225 0.691136 -0.709962 0.141655 0.689852 -0.709957 -0.003228 0.704235 -0.709960 0.003337 0.704234 -0.709960 -0.141596 0.689863 -0.709957 -0.135158 0.691149 -0.709962 -0.274380 0.648599 -0.709955 -0.268324 0.651117 -0.709964 -0.396287 0.582173 -0.709951 -0.390843 0.585826 -0.709964 -0.502856 0.493065 -0.709946 -0.498220 0.497724 -0.709963 -0.590216 0.384229 -0.709939 -0.586551 0.389757 -0.709963 -0.655050 0.258704 -0.709917 -0.652556 0.264827 -0.709956 -0.692747 0.126927 -0.709923 -0.691837 0.131648 -0.709951 -0.702924 0.061081 -0.708637 -0.702789 0.064144 -0.708500 -0.691839 -0.131635 -0.709951 -0.702794 -0.064032 -0.708506 -0.702941 -0.060686 -0.708654 -0.692777 -0.126772 -0.709922 -0.652548 -0.264844 -0.709957 -0.655041 -0.258726 -0.709917 -0.586614 -0.389663 -0.709963 -0.590271 -0.384145 -0.709939 -0.498307 -0.497637 -0.709963 -0.502945 -0.492975 -0.709945 -0.390639 -0.585963 -0.709964 -0.396087 -0.582308 -0.709953 -0.268124 -0.651200 -0.709964 -0.274172 -0.648686 -0.709955 -0.135224 -0.691136 -0.709962 -0.141653 -0.689852 -0.709957 -0.139567 0.690272 -0.709962 -0.003269 0.704235 -0.709960 0.003197 0.704235 -0.709960 -0.133228 0.691528 -0.709957 -0.270405 0.650255 -0.709964 -0.264430 0.652719 -0.709954 -0.391193 0.585593 -0.709964 -0.385798 0.589179 -0.709949 -0.497527 0.498417 -0.709963 -0.492925 0.502994 -0.709945 -0.584875 0.392266 -0.709964 -0.581258 0.397643 -0.709943 -0.649741 0.271643 -0.709962 -0.647271 0.277541 -0.709937 -0.689081 0.145436 -0.709941 -0.688107 0.150150 -0.709904 
						-0.701953 0.080473 -0.707662 -0.701761 0.083779 -0.707469 -0.688080 -0.150280 -0.709903 -0.701754 -0.083912 -0.707461 -0.701930 -0.080889 -0.707638 -0.689025 -0.145708 -0.709939 -0.647247 -0.277596 -0.709937 -0.649713 -0.271711 -0.709962 -0.581222 -0.397696 -0.709943 -0.584835 -0.392326 -0.709964 -0.492991 -0.502927 -0.709946 -0.497585 -0.498358 -0.709964 -0.386036 -0.589022 -0.709951 -0.391428 -0.585435 -0.709965 -0.264507 -0.652688 -0.709954 -0.270489 -0.650220 -0.709964 -0.133095 -0.691554 -0.709957 -0.139438 -0.690298 -0.709962 0.003290 -0.704234 -0.709960 -0.003175 -0.704235 -0.709960 0.139545 -0.690276 -0.709962 0.133206 -0.691532 -0.709957 0.270409 -0.650254 -0.709964 0.264434 -0.652717 -0.709954 0.391194 -0.585592 -0.709964 0.385799 -0.589179 -0.709949 0.497530 -0.498414 -0.709963 0.492927 -0.502991 -0.709945 0.584875 -0.392267 -0.709964 0.581257 -0.397644 -0.709943 0.649748 -0.271626 -0.709963 0.647278 -0.277524 -0.709938 0.689077 -0.145458 -0.709940 0.688102 -0.150172 -0.709904 0.701955 -0.080451 -0.707663 0.701763 -0.083758 -0.707470 0.688080 0.150280 -0.709903 0.701755 0.083891 -0.707462 0.701931 0.080867 -0.707640 0.689026 0.145707 -0.709939 0.647247 0.277597 -0.709937 0.649712 0.271712 -0.709962 0.581233 0.397680 -0.709943 0.584846 0.392310 -0.709964 0.492991 0.502927 -0.709946 0.497585 0.498358 -0.709964 0.386031 0.589025 -0.709951 0.391424 0.585438 -0.709965 0.264507 0.652688 -0.709954 0.270489 0.650220 -0.709964 0.133094 0.691554 -0.709957 0.139437 0.690298 -0.709962 0.000177 -0.000000 -1.000000 -0.000196 -0.000000 -1.000000 -0.001232 0.000245 -0.999999 -0.000879 0.000175 -1.000000 -0.002083 0.000863 -0.999997 -0.001774 0.000735 -0.999998 -0.004408 0.999990 -0.000000 0.189719 0.981838 -0.000000 0.198902 0.980019 0.000000 0.004951 0.999988 -0.000000 0.376694 0.926338 -0.000000 0.385359 0.922767 -0.000000 
						-0.388583 -0.921414 -0.000000 -0.200438 -0.979706 -0.000000 -0.191165 -0.981558 -0.000000 -0.379853 -0.925047 -0.000000 -0.004434 -0.999990 0.000000 0.005026 -0.999987 0.000000 -0.002631 0.001758 -0.999995 -0.002372 0.001585 -0.999996 0.549661 0.835388 0.000001 0.557464 0.830201 0.000001 -0.561716 -0.827330 -0.000001 -0.553873 -0.832601 -0.000001 0.701364 0.712803 -0.000000 0.708006 0.706206 -0.000000 -0.002873 0.002873 -0.999992 -0.002647 0.002647 -0.999993 -0.712850 -0.701316 -0.000002 -0.706189 -0.708023 -0.000002 0.826396 0.563090 -0.000000 0.831635 0.555323 0.000000 -0.002835 0.004243 -0.999987 -0.002607 0.003901 -0.999989 -0.836657 -0.547727 -0.000002 -0.831409 -0.555661 -0.000002 0.920108 0.391665 0.000002 0.923704 0.383107 0.000002 -0.002558 0.006176 -0.999978 -0.002309 0.005575 -0.999982 -0.928691 -0.370855 0.000000 -0.925121 -0.379672 0.000000 0.977953 0.208827 -0.000002 0.979339 0.202226 -0.000002 -0.001726 0.008675 -0.999961 -0.001602 0.008053 -0.999966 -0.982972 -0.183753 0.000000 -0.981619 -0.190849 0.000000 0.993369 0.114973 -0.000004 0.993853 0.110707 -0.000004 0.000000 0.009934 -0.999951 0.000000 0.009476 -0.999955 -0.996019 -0.089143 0.000000 -0.995561 -0.094118 0.000000 0.993942 -0.109907 -0.000004 0.979292 -0.202452 -0.000002 0.977838 -0.209362 -0.000002 0.993390 -0.114787 -0.000004 0.000000 -0.009919 -0.999951 0.000000 -0.009470 -0.999955 -0.001604 -0.008062 -0.999966 -0.001725 -0.008673 -0.999961 -0.981744 0.190207 -0.000000 -0.995546 0.094277 -0.000000 -0.995949 0.089922 -0.000000 -0.983035 0.183417 -0.000000 0.923477 -0.383653 0.000002 0.919869 -0.392227 0.000002 -0.002319 -0.005598 -0.999982 -0.002566 -0.006194 -0.999978 -0.925396 0.379001 0.000000 -0.928961 0.370177 -0.000000 0.831323 -0.555790 -0.000000 0.826076 -0.563558 0.000000 -0.002607 -0.003901 -0.999989 -0.002839 -0.004250 -0.999987 
						-0.831721 0.555194 -0.000002 -0.836977 0.547238 -0.000002 0.707594 -0.706619 0.000000 0.700944 -0.713217 0.000000 -0.002627 -0.002627 -0.999993 -0.002854 -0.002854 -0.999992 -0.706452 0.707761 -0.000002 -0.713117 0.701045 -0.000002 0.556957 -0.830541 0.000001 0.549146 -0.835727 0.000001 -0.002366 -0.001581 -0.999996 -0.002619 -0.001750 -0.999995 -0.554290 0.832324 -0.000001 -0.562127 0.827051 -0.000001 0.384797 -0.923001 0.000000 0.376129 -0.926567 0.000000 -0.001782 -0.000738 -0.999998 -0.002089 -0.000865 -0.999997 -0.380496 0.924783 -0.000000 -0.389223 0.921143 -0.000000 0.198329 -0.980136 0.000000 0.189145 -0.981949 0.000000 -0.000871 -0.000173 -1.000000 -0.001229 -0.000245 -0.999999 -0.191766 0.981441 -0.000000 -0.201042 0.979583 -0.000000 0.004387 -0.999990 0.000000 -0.004971 -0.999988 0.000000 0.000194 -0.000000 -1.000000 -0.000179 -0.000000 -1.000000 0.004433 0.999990 -0.000000 -0.005026 0.999987 -0.000000 0.001232 -0.000245 -0.999999 0.000878 -0.000175 -1.000000 -0.189698 -0.981843 0.000000 -0.198880 -0.980024 0.000000 0.200416 0.979711 -0.000000 0.191143 0.981562 -0.000000 0.002083 -0.000863 -0.999997 0.001774 -0.000735 -0.999998 -0.376692 -0.926339 0.000000 -0.385357 -0.922768 0.000000 0.388561 0.921423 -0.000000 0.379831 0.925056 -0.000000 0.002633 -0.001759 -0.999995 0.002374 -0.001586 -0.999996 -0.549654 -0.835393 0.000001 -0.557457 -0.830206 0.000001 0.561692 0.827346 -0.000001 0.553847 0.832618 -0.000001 0.002873 -0.002873 -0.999992 0.002648 -0.002648 -0.999993 -0.701378 -0.712789 0.000000 -0.708020 -0.706192 0.000000 0.712864 0.701303 -0.000002 0.706202 0.708010 -0.000002 0.002835 -0.004243 -0.999987 0.002607 -0.003901 -0.999989 -0.826408 -0.563072 -0.000000 -0.831647 -0.555305 0.000000 0.836657 0.547727 -0.000002 0.831410 0.555660 -0.000002 0.002557 -0.006174 -0.999978 0.002309 -0.005574 -0.999982 
						-0.920103 -0.391677 0.000002 -0.923699 -0.383120 0.000002 0.928696 0.370843 0.000000 0.925126 0.379660 -0.000000 0.001725 -0.008674 -0.999961 0.001602 -0.008051 -0.999966 -0.977952 -0.208828 -0.000002 -0.979339 -0.202226 -0.000002 0.982976 0.183732 -0.000000 0.981623 0.190828 -0.000000 0.000000 -0.009933 -0.999951 0.000000 -0.009474 -0.999955 -0.993369 -0.114973 -0.000004 -0.993853 -0.110707 -0.000004 0.996020 0.089132 -0.000000 0.995562 0.094106 -0.000000 0.000000 0.009916 -0.999951 0.000000 0.009468 -0.999955 0.001604 0.008062 -0.999966 0.001725 0.008672 -0.999961 -0.993942 0.109907 -0.000004 -0.979288 0.202473 -0.000002 -0.977834 0.209382 -0.000002 -0.993390 0.114788 -0.000004 0.981748 -0.190185 0.000000 0.995546 -0.094276 0.000000 0.995949 -0.089922 0.000000 0.983039 -0.183396 0.000000 0.002318 0.005596 -0.999982 0.002565 0.006192 -0.999978 -0.923477 0.383654 0.000002 -0.919868 0.392228 0.000002 0.925402 -0.378987 0.000000 0.928967 -0.370163 0.000000 0.002606 0.003900 -0.999989 0.002838 0.004247 -0.999987 -0.831323 0.555790 -0.000000 -0.826076 0.563558 0.000000 0.831721 -0.555194 -0.000002 0.836977 -0.547237 -0.000002 0.002627 0.002627 -0.999993 0.002854 0.002854 -0.999992 -0.707595 0.706618 -0.000000 -0.700945 0.713215 -0.000000 0.706439 -0.707774 -0.000002 0.713103 -0.701059 -0.000002 0.002366 0.001581 -0.999996 0.002619 0.001750 -0.999995 -0.556978 0.830527 0.000001 -0.549167 0.835713 0.000001 0.554310 -0.832310 -0.000001 0.562148 -0.827037 -0.000001 0.001782 0.000738 -0.999998 0.002089 0.000865 -0.999997 -0.384799 0.923000 0.000000 -0.376131 0.926566 -0.000000 0.380478 -0.924790 -0.000000 0.389206 -0.921151 -0.000000 -0.198328 0.980136 -0.000000 -0.189144 0.981949 -0.000000 0.000873 0.000174 -1.000000 0.001232 0.000245 -0.999999 0.191765 -0.981441 -0.000000 0.201040 -0.979583 -0.000000 
						-0.136040 0.677000 -0.723301 -0.002425 0.690532 -0.723298 0.002402 0.690532 -0.723298 -0.131306 0.677938 -0.723297 -0.264516 0.637861 -0.723301 -0.260040 0.639708 -0.723294 -0.383771 0.574069 -0.723301 -0.379733 0.576758 -0.723293 -0.487880 0.488681 -0.723301 -0.484465 0.492082 -0.723291 -0.572777 0.385705 -0.723297 -0.570114 0.389661 -0.723280 -0.635549 0.270069 -0.723284 -0.633802 0.274218 -0.723256 -0.672372 0.158289 -0.723091 -0.671571 0.161973 -0.723020 -0.688814 0.070497 -0.721502 -0.688645 0.073882 -0.721325 -0.671576 -0.161947 -0.723020 -0.688634 -0.074092 -0.721314 -0.688789 -0.071005 -0.721476 -0.672365 -0.158323 -0.723090 -0.633951 -0.273865 -0.723259 -0.635686 -0.269742 -0.723286 -0.570162 -0.389590 -0.723281 -0.572830 -0.385625 -0.723297 -0.484148 -0.492396 -0.723289 -0.487562 -0.488998 -0.723301 -0.379767 -0.576735 -0.723293 -0.383791 -0.574056 -0.723301 -0.260335 -0.639588 -0.723293 -0.264811 -0.637740 -0.723300 -0.131367 -0.677928 -0.723296 -0.136106 -0.676988 -0.723299 0.002425 -0.690532 -0.723298 -0.002402 -0.690532 -0.723298 0.136040 -0.677000 -0.723301 0.131306 -0.677938 -0.723297 0.264513 -0.637862 -0.723301 0.260037 -0.639708 -0.723294 0.383745 -0.574087 -0.723301 0.379707 -0.576775 -0.723293 0.487884 -0.488677 -0.723301 0.484468 -0.492078 -0.723291 0.572794 -0.385678 -0.723297 0.570132 -0.389634 -0.723280 0.635536 -0.270099 -0.723284 0.633789 -0.274248 -0.723256 0.672372 -0.158291 -0.723091 0.671570 -0.161975 -0.723020 0.688814 -0.070497 -0.721502 0.688645 -0.073882 -0.721325 0.671579 0.161934 -0.723021 0.688633 0.074106 -0.721313 0.688788 0.071020 -0.721475 0.672367 0.158311 -0.723090 0.633953 0.273861 -0.723259 0.635688 0.269737 -0.723286 0.570176 0.389569 -0.723281 0.572844 0.385604 -0.723297 0.484123 0.492421 -0.723289 0.487539 0.489021 -0.723301 0.379740 0.576753 -0.723293 0.383764 0.574074 -0.723301 
						0.260311 0.639598 -0.723293 0.264786 0.637751 -0.723300 0.131367 0.677928 -0.723296 0.136106 0.676988 -0.723299 0.000444 -0.000000 -1.000000 -0.000444 -0.000000 -1.000000 -0.001501 0.000299 -0.999999 -0.000625 0.000124 -1.000000 -0.002429 0.001006 -0.999997 -0.001591 0.000659 -0.999999 -0.010089 0.999949 0.000000 0.184162 0.982896 -0.000000 0.205273 0.978705 0.000000 0.011434 0.999935 -0.000000 0.371455 0.928451 -0.000000 0.391356 0.920239 -0.000000 -0.003125 0.002088 -0.999993 -0.002345 0.001567 -0.999996 0.544716 0.838620 -0.000000 0.562701 0.826661 -0.000000 -0.003485 0.003485 -0.999988 -0.002795 0.002795 -0.999992 0.697995 0.716102 0.000000 0.713273 0.700886 -0.000000 -0.003404 0.005094 -0.999981 -0.002847 0.004261 -0.999987 0.823592 0.567183 -0.000000 0.835509 0.549477 -0.000000 0.917021 0.398838 0.000000 0.925170 0.379552 -0.000000 -0.002790 0.006737 -0.999973 -0.002419 0.005841 -0.999980 0.975451 0.220218 -0.000000 0.978772 0.204952 -0.000000 -0.001571 0.007899 -0.999968 -0.001456 0.007321 -0.999972 0.992592 0.121496 -0.000000 0.993809 0.111107 0.000000 0.000000 0.008220 -0.999966 0.000000 0.007967 -0.999968 0.994033 -0.109080 0.000000 0.978675 -0.205416 0.000000 0.975176 -0.221432 0.000000 0.992637 -0.121130 0.000000 0.000000 -0.008209 -0.999966 0.000000 -0.007972 -0.999968 -0.001459 -0.007333 -0.999972 -0.001568 -0.007881 -0.999968 0.924650 -0.380819 0.000000 0.916402 -0.400260 0.000000 -0.002425 -0.005854 -0.999980 -0.002781 -0.006714 -0.999974 0.834021 -0.551732 0.000000 0.821946 -0.569566 0.000000 -0.002846 -0.004260 -0.999987 -0.003388 -0.005070 -0.999981 0.710498 -0.703699 0.000000 0.695138 -0.718876 0.000000 -0.002789 -0.002789 -0.999992 -0.003458 -0.003458 -0.999988 0.560356 -0.828252 -0.000000 0.542441 -0.840094 -0.000000 -0.002345 -0.001567 -0.999996 -0.003098 -0.002070 -0.999993 
						0.389952 -0.920835 -0.000000 0.370091 -0.928996 -0.000000 -0.001596 -0.000661 -0.999999 -0.002416 -0.001001 -0.999997 0.203937 -0.978984 0.000000 0.182819 -0.983147 0.000000 -0.000628 -0.000125 -1.000000 -0.001498 -0.000298 -0.999999 0.010089 -0.999949 0.000000 -0.011434 -0.999935 -0.000000 0.000444 -0.000000 -1.000000 -0.000444 -0.000000 -1.000000 -0.184154 -0.982897 0.000000 -0.205265 -0.978707 0.000000 0.001501 -0.000299 -0.999999 0.000624 -0.000124 -1.000000 -0.371455 -0.928451 0.000000 -0.391356 -0.920239 0.000000 0.002430 -0.001006 -0.999997 0.001591 -0.000659 -0.999999 -0.544715 -0.838622 0.000000 -0.562698 -0.826662 0.000000 0.003125 -0.002088 -0.999993 0.002345 -0.001567 -0.999996 0.003484 -0.003484 -0.999988 0.002795 -0.002795 -0.999992 -0.697987 -0.716110 0.000000 -0.713265 -0.700894 0.000000 0.003404 -0.005094 -0.999981 0.002847 -0.004261 -0.999987 -0.823591 -0.567184 0.000000 -0.835509 -0.549477 0.000000 0.002790 -0.006736 -0.999973 0.002419 -0.005841 -0.999980 -0.917023 -0.398833 0.000000 -0.925173 -0.379547 0.000000 0.001571 -0.007899 -0.999968 0.001456 -0.007320 -0.999972 -0.975453 -0.220209 0.000000 -0.978774 -0.204943 0.000000 0.000000 -0.008220 -0.999966 0.000000 -0.007966 -0.999968 -0.992591 -0.121500 0.000000 -0.993808 -0.111112 0.000000 0.000000 0.008208 -0.999966 0.000000 0.007971 -0.999968 0.001458 0.007332 -0.999972 0.001567 0.007880 -0.999968 -0.994033 0.109080 -0.000000 -0.978675 0.205416 -0.000000 -0.975176 0.221432 -0.000000 -0.992637 0.121130 -0.000000 0.002425 0.005854 -0.999980 0.002781 0.006714 -0.999974 -0.924645 0.380829 -0.000000 -0.916398 0.400269 -0.000000 0.002846 0.004259 -0.999987 0.003387 0.005070 -0.999981 -0.834027 0.551724 -0.000000 -0.821952 0.569557 -0.000000 0.002789 0.002789 -0.999992 0.003458 0.003458 -0.999988 -0.710499 0.703698 -0.000000 -0.695138 0.718876 0.000000 
						0.002345 0.001567 -0.999996 0.003098 0.002070 -0.999993 -0.560349 0.828257 -0.000000 -0.542434 0.840099 -0.000000 0.001596 0.000661 -0.999999 0.002416 0.001001 -0.999997 -0.389951 0.920835 -0.000000 -0.370091 0.928996 -0.000000 0.000629 0.000125 -1.000000 0.001498 0.000298 -0.999999 -0.203937 0.978984 0.000000 -0.182819 0.983147 0.000000 -0.972010 0.234941 -0.000001 -0.989453 0.144853 -0.000000 -0.991294 0.131670 -0.000000 -0.976729 0.214478 -0.000001 -0.710906 -0.703287 -0.000001 -0.561904 -0.827203 -0.000000 -0.536587 -0.843845 -0.000000 -0.689369 -0.724410 -0.000001 -0.363103 0.931749 -0.000000 -0.535420 0.844586 -0.000000 -0.560439 0.828196 -0.000000 -0.390840 0.920459 -0.000000 0.710904 0.703289 -0.000001 0.561905 0.827202 -0.000000 0.536589 0.843844 -0.000000 0.689368 0.724412 -0.000001 0.177157 -0.984183 -0.000000 0.363102 -0.931750 -0.000000 0.390839 -0.920459 -0.000000 0.206573 -0.978431 -0.000000 0.911530 -0.411234 -0.000000 0.923223 -0.384265 -0.000000 -0.833230 -0.552927 -0.000000 -0.816153 -0.577836 -0.000000 0.833228 0.552929 -0.000000 0.816151 0.577839 -0.000000 -0.911533 0.411228 -0.000000 -0.923225 0.384259 -0.000000 -0.177157 0.984183 -0.000000 -0.206573 0.978431 -0.000000 -0.015217 -0.999884 0.000000 0.014650 -0.999893 0.000000 0.814452 -0.580231 0.000000 0.831509 -0.555511 -0.000000 0.924141 0.382051 -0.000000 0.912378 0.409349 -0.000000 0.205570 0.978642 -0.000000 0.015217 0.999884 -0.000000 -0.014650 0.999893 0.000000 0.176220 0.984351 -0.000000 -0.924141 -0.382051 -0.000000 -0.912378 -0.409349 -0.000000 -0.205573 -0.978642 -0.000000 -0.176223 -0.984350 -0.000000 -0.814453 0.580229 -0.000000 -0.831511 0.555508 -0.000000 0.687711 -0.725985 -0.000001 0.709101 -0.705107 -0.000001 0.977672 0.210134 -0.000001 0.972755 0.231836 -0.000001 0.390297 0.920689 -0.000000 0.362279 0.932070 -0.000000 
						-0.977672 -0.210135 -0.000001 -0.972755 -0.231837 -0.000001 -0.390297 -0.920689 -0.000000 -0.362279 -0.932070 -0.000000 -0.687710 0.725985 -0.000001 -0.709100 0.705107 -0.000001 0.535419 -0.844587 -0.000000 0.560438 -0.828197 -0.000000 0.992047 0.125867 -0.000000 0.990000 0.141065 0.000000 -0.992047 -0.125867 0.000000 -0.990000 -0.141065 0.000000 -0.897455 0.400855 -0.184091 -0.885206 0.355470 -0.300086 -0.885060 0.355681 -0.300265 -0.897739 0.400409 -0.183676 -0.890177 0.451066 -0.064223 -0.890243 0.450951 -0.064113 -0.867634 0.493507 0.060523 -0.867112 0.494541 0.059552 -0.832363 0.522443 0.185002 -0.831227 0.525026 0.182782 -0.788691 0.535159 0.302607 -0.786686 0.540209 0.298830 -0.743972 0.527858 0.409722 -0.740789 0.536279 0.404519 -0.704737 0.502609 0.500729 -0.700667 0.513268 0.495603 -0.675871 0.466531 0.570568 -0.671090 0.478205 0.566532 -0.661770 0.424627 0.617861 -0.656585 0.436031 0.615446 -0.663080 0.385449 0.641681 -0.657124 0.396997 0.640766 -0.684902 0.344232 0.642194 -0.678031 0.356174 0.642973 -0.722852 0.310925 0.617098 -0.716377 0.321214 0.619375 -0.768978 0.294521 0.567388 -0.764244 0.301537 0.570093 -0.811327 0.304091 0.499277 -0.809039 0.307285 0.501030 -0.845152 0.334976 0.416544 -0.844086 0.336406 0.417552 -0.875059 0.369848 0.312225 -0.874650 0.370412 0.312700 -0.888989 0.413775 0.196183 -0.889232 0.413414 0.195845 -0.885693 0.458712 0.071636 -0.885917 0.458337 0.071270 -0.866096 0.496539 -0.057673 -0.865693 0.497327 -0.056932 -0.830977 0.525592 -0.182295 -0.830620 0.526394 -0.181603 -0.785272 0.543705 -0.296196 -0.783336 0.548409 -0.292631 -0.743195 0.529942 -0.408438 -0.740127 0.538002 -0.403442 -0.699882 0.515287 -0.494616 -0.696235 0.524476 -0.490084 -0.671813 0.476462 -0.567143 -0.666431 0.489235 -0.562600 -0.659770 0.429062 -0.616936 -0.653262 0.443181 -0.613873 
						-0.665901 0.379878 -0.642082 -0.658673 0.394019 -0.641014 -0.690687 0.333941 -0.641431 -0.683340 0.346971 -0.642385 -0.729372 0.300334 -0.614667 -0.723367 0.310098 -0.616911 -0.772651 0.288999 -0.565235 -0.768715 0.294914 -0.567541 -0.816896 0.296200 -0.494921 -0.814577 0.299505 -0.496750 -0.856492 0.319372 -0.405491 -0.855416 0.320885 -0.406567 -0.927110 0.227335 -0.297970 -0.877591 0.067063 -0.474697 -0.890743 0.063579 -0.450039 -0.934613 0.225522 -0.275025 -0.881819 0.471587 0.000000 -0.884059 0.467376 0.000000 -0.883789 0.467886 0.000000 -0.885895 0.463885 0.000000 -0.885049 0.465498 0.000000 -0.883467 0.468492 0.000000 -0.883504 0.468424 0.000000 -0.883829 0.467811 0.000000 -0.883867 0.467739 0.000000 -0.883479 0.468472 0.000000 -0.882161 0.470948 0.000000 -0.882243 0.470794 0.000000 -0.881329 0.472504 0.000000 -0.879723 0.475486 0.000000 -0.878568 0.477617 0.000000 -0.875645 0.482956 0.000000 -0.873024 0.487676 0.000000 -0.872574 0.488481 0.000000 -0.872465 0.488676 0.000000 -0.875052 0.484029 0.000000 -0.879749 0.475437 0.000000 -0.881330 0.472501 0.000000 -0.881304 0.472550 0.000000 -0.880847 0.473401 0.000000 -0.880474 0.474094 0.000000 -0.880558 0.473938 0.000000 -0.880349 0.474326 0.000000 -0.880667 0.473737 0.000000 -0.879476 0.475943 0.000000 -0.879935 0.475094 0.000000 -0.879407 0.476071 0.000000 -0.880528 0.473994 0.000000 -0.773842 -0.063149 -0.630223 -0.785499 -0.067638 -0.615155 -0.913274 0.394066 -0.103164 -0.914360 0.393396 -0.095839 -0.835072 0.541121 0.099207 -0.835070 0.543576 0.084749 -0.703397 0.642771 0.303444 -0.708167 0.656008 0.261062 -0.538472 0.678981 0.499032 -0.550409 0.713497 0.433557 -0.370353 0.648651 0.664899 -0.384401 0.710369 0.589587 -0.225807 0.555882 0.800004 -0.233229 0.646514 0.726377 -0.127078 0.418018 0.899507 -0.118844 0.527463 0.841224 
						-0.086622 0.260793 0.961501 -0.059421 0.372056 0.926306 -0.107903 0.104482 0.988656 -0.066340 0.200671 0.977410 -0.185132 -0.027274 0.982335 -0.140097 0.041885 0.989251 -0.307532 -0.118912 0.944078 -0.270838 -0.079163 0.959364 -0.458792 -0.157988 0.874385 -0.439220 -0.142773 0.886962 -0.618101 -0.137678 0.773948 -0.617507 -0.137350 0.774480 -0.759862 -0.057879 0.647502 -0.770112 -0.061731 0.634915 -0.864807 0.070237 0.497168 -0.878505 0.066828 0.473037 -0.917208 0.229368 0.325761 -0.927111 0.227335 0.297968 -0.909518 0.396037 0.126225 -0.912119 0.394724 0.110596 -0.835027 0.544414 -0.079648 -0.834988 0.544933 -0.076444 -0.705378 0.647960 -0.287384 -0.709494 0.660304 -0.246206 -0.539892 0.682854 -0.492166 -0.551085 0.715623 -0.429172 -0.373529 0.661833 -0.649964 -0.386492 0.720540 -0.575714 -0.226086 0.558835 -0.797865 -0.233817 0.655426 -0.718155 -0.127223 0.415753 -0.900535 -0.118591 0.530358 -0.839438 -0.088126 0.254373 -0.963082 -0.060227 0.368881 -0.927523 -0.111623 0.095676 -0.989134 -0.069495 0.193504 -0.978635 -0.192510 -0.038776 -0.980529 -0.147325 0.030902 -0.988605 -0.318664 -0.131108 -0.938757 -0.283202 -0.092482 -0.954591 -0.472011 -0.168353 -0.865369 -0.454759 -0.154840 -0.877051 -0.631633 -0.145178 -0.761553 -0.632781 -0.145818 -0.760477 -0.109069 -0.514772 0.850361 -0.004001 -0.526165 0.850373 0.002440 -0.526168 0.850377 -0.102749 -0.516040 0.850379 -0.209692 -0.482644 0.850343 -0.203750 -0.485127 0.850375 -0.301758 -0.431151 0.850324 -0.296419 -0.434752 0.850368 -0.381753 -0.362292 0.850300 -0.377217 -0.366878 0.850358 -0.446555 -0.278635 0.850265 -0.443003 -0.284031 0.850338 -0.493244 -0.183899 0.850230 -0.490911 -0.189666 0.850313 -0.518483 -0.090223 0.850315 -0.517590 -0.094842 0.850356 -0.525844 -0.034932 0.849864 -0.525779 -0.038311 0.849758 -0.518059 0.092438 0.850335 -0.525838 0.035230 0.849855 
						-0.525902 0.031584 0.849958 -0.518969 0.087698 0.850282 -0.491470 0.188297 0.850295 -0.493822 0.182471 0.850203 -0.443197 0.283738 0.850335 -0.446766 0.278313 0.850260 -0.377081 0.367015 0.850359 -0.381631 0.362415 0.850302 -0.295781 0.435181 0.850371 -0.301145 0.431566 0.850331 -0.202397 0.485689 0.850377 -0.208363 0.483202 0.850353 -0.101056 0.516377 0.850378 -0.107376 0.515114 0.850369 0.004000 0.526165 0.850373 -0.002440 0.526168 0.850377 0.109053 0.514775 0.850361 0.102733 0.516044 0.850379 0.209699 0.482642 0.850343 0.203756 0.485125 0.850375 0.301764 0.431147 0.850324 0.296425 0.434748 0.850368 0.381766 0.362278 0.850300 0.377231 0.366864 0.850357 0.446554 0.278636 0.850265 0.443003 0.284032 0.850338 0.493252 0.183879 0.850230 0.490919 0.189646 0.850313 0.518480 0.090238 0.850315 0.517587 0.094857 0.850356 0.525844 0.034916 0.849864 0.525779 0.038296 0.849759 0.518059 -0.092440 0.850335 0.525838 -0.035244 0.849854 0.525902 -0.031599 0.849958 0.518968 -0.087701 0.850283 0.491470 -0.188297 0.850295 0.493822 -0.182470 0.850203 0.443200 -0.283733 0.850335 0.446769 -0.278308 0.850260 0.377080 -0.367016 0.850359 0.381630 -0.362416 0.850302 0.295782 -0.435179 0.850371 0.301147 -0.431565 0.850331 0.202395 -0.485690 0.850377 0.208362 -0.483202 0.850353 0.101032 -0.516381 0.850378 0.107352 -0.515119 0.850370 -0.004225 0.000840 0.999991 -0.001742 0.000000 0.999999 0.000065 0.000000 1.000000 -0.002504 0.000498 0.999997 0.000913 0.000182 1.000000 0.002757 0.000548 0.999996 -0.006322 0.002619 0.999977 -0.004713 0.001952 0.999987 -0.007740 0.005172 0.999957 -0.006334 0.004232 0.999971 -0.008243 0.008243 0.999932 -0.007095 0.007095 0.999950 -0.007730 0.011569 0.999903 -0.006861 0.010268 0.999924 -0.006152 0.014853 0.999871 -0.005575 0.013459 0.999894 
						-0.003440 0.017295 0.999844 -0.003253 0.016356 0.999861 0.000000 0.017989 0.999838 0.000000 0.017559 0.999846 -0.003722 -0.018710 0.999818 0.000000 -0.020770 0.999784 0.000000 -0.022066 0.999757 -0.004060 -0.020410 0.999783 -0.006066 -0.014645 0.999874 -0.006893 -0.016642 0.999838 -0.007026 -0.010516 0.999920 -0.008200 -0.012273 0.999891 -0.006767 -0.006767 0.999954 -0.008212 -0.008212 0.999933 -0.005484 -0.003664 0.999978 -0.007136 -0.004768 0.999963 -0.003434 -0.001422 0.999993 -0.005220 -0.002162 0.999984 -0.000913 -0.000182 1.000000 -0.002757 -0.000548 0.999996 0.001742 0.000000 0.999999 -0.000065 0.000000 1.000000 0.004225 -0.000840 0.999991 0.002504 -0.000498 0.999997 0.006321 -0.002618 0.999977 0.004712 -0.001952 0.999987 0.007740 -0.005172 0.999957 0.006333 -0.004232 0.999971 0.008242 -0.008242 0.999932 0.007094 -0.007094 0.999950 0.007730 -0.011569 0.999903 0.006861 -0.010268 0.999924 0.006152 -0.014853 0.999871 0.005575 -0.013459 0.999894 0.003440 -0.017295 0.999845 0.003253 -0.016356 0.999861 0.000000 -0.017988 0.999838 0.000000 -0.017559 0.999846 0.003722 0.018709 0.999818 0.000000 0.020769 0.999784 0.000000 0.022066 0.999757 0.004060 0.020410 0.999783 0.006066 0.014644 0.999874 0.006893 0.016642 0.999838 0.007026 0.010516 0.999920 0.008200 0.012273 0.999891 0.006767 0.006767 0.999954 0.008212 0.008212 0.999933 0.005484 0.003664 0.999978 0.007136 0.004768 0.999963 0.003434 0.001422 0.999993 0.005220 0.002162 0.999984 0.773855 -0.592823 0.222955 0.764375 -0.572533 0.296541 0.790639 -0.543684 0.281599 0.796334 -0.567951 0.208049 0.749117 -0.556963 0.358630 0.773787 -0.529752 0.347300 0.779391 -0.611158 0.137969 0.795321 -0.592930 0.126089 0.777381 -0.627312 0.046461 0.784109 -0.619263 0.041059 0.766753 -0.640268 -0.046324 0.762460 -0.645618 -0.042793 
						0.750699 -0.646211 -0.137343 0.735342 -0.666066 -0.125016 0.731807 -0.644167 -0.222504 0.706397 -0.677883 -0.203662 0.713143 -0.634450 -0.298163 0.679721 -0.679295 -0.276654 0.698251 -0.617779 -0.361656 0.659438 -0.669688 -0.341554 0.688507 -0.598081 -0.410192 0.649786 -0.649018 -0.395669 0.684402 -0.579567 -0.442376 0.652222 -0.620700 -0.435130 0.687663 -0.563177 -0.458204 0.666448 -0.589371 -0.456606 0.697761 -0.551250 -0.457442 0.690081 -0.560395 -0.457979 0.712812 -0.545972 -0.440242 0.718757 -0.539130 -0.439006 0.730545 -0.548219 -0.407135 0.747716 -0.529004 -0.401343 0.749492 -0.556564 -0.358465 0.774118 -0.529372 -0.347140 0.764757 -0.572131 -0.296333 0.790936 -0.543342 -0.281422 0.775910 -0.590629 -0.221633 0.799008 -0.564858 -0.206207 0.781397 -0.608922 -0.136501 0.797841 -0.589944 -0.124161 0.776244 -0.628650 -0.047364 0.782183 -0.621590 -0.042615 0.765868 -0.641379 0.045593 0.760669 -0.647823 0.041329 0.750100 -0.647010 0.136855 0.733725 -0.668085 0.123738 0.730082 -0.646568 0.221203 0.703241 -0.681838 0.201368 0.712714 -0.635062 0.297884 0.678820 -0.680428 0.276082 0.698224 -0.617818 0.361642 0.659665 -0.669405 0.341671 0.688204 -0.598506 0.410081 0.650026 -0.648721 0.395761 0.684455 -0.579495 0.442387 0.652914 -0.619857 0.435294 0.687626 -0.563224 0.458202 0.666712 -0.589055 0.456628 0.697571 -0.551478 0.457456 0.689955 -0.560544 0.457987 0.712812 -0.545973 0.440242 0.718811 -0.539067 0.438995 0.730480 -0.548291 0.407156 0.747711 -0.529010 0.401345 -0.911925 0.331244 -0.242220 -0.886894 0.239645 -0.394954 -0.886176 0.240359 -0.396130 -0.911867 0.331311 -0.242347 -0.899974 0.427814 -0.083794 -0.899983 0.427801 -0.083769 -0.855647 0.510777 0.083518 -0.855502 0.511117 0.082919 -0.782567 0.572332 0.245000 -0.782076 0.574142 0.242319 -0.693277 0.597512 0.402921 -0.692517 0.601568 0.398166 
						-0.599821 0.588430 0.542186 -0.598592 0.595358 0.535945 -0.517153 0.543510 0.661173 -0.514773 0.554634 0.653750 -0.459141 0.465414 0.756690 -0.455244 0.479425 0.750269 -0.432361 0.375746 0.819683 -0.426507 0.391597 0.815318 -0.444251 0.277914 0.851707 -0.436920 0.293394 0.850306 -0.485715 0.201925 0.850475 -0.477967 0.214854 0.851696 -0.553572 0.149450 0.819282 -0.545903 0.159846 0.822459 -0.638019 0.127818 0.759338 -0.631166 0.135584 0.763706 -0.731159 0.136176 0.668478 -0.725825 0.141470 0.673175 -0.816719 0.177268 0.549132 -0.813752 0.180023 0.552630 -0.874893 0.251237 0.414057 -0.873871 0.252191 0.415630 -0.901445 0.342831 0.264319 -0.901338 0.342944 0.264536 -0.892726 0.438341 0.104394 -0.892794 0.438246 0.104206 -0.850573 0.522011 -0.063478 -0.850406 0.522360 -0.062846 -0.780907 0.578309 -0.236101 -0.780532 0.579604 -0.234155 -0.691479 0.606845 -0.391913 -0.690674 0.610757 -0.387227 -0.598981 0.593203 -0.537896 -0.597627 0.600564 -0.531192 -0.516765 0.545346 -0.659963 -0.514433 0.556167 -0.652715 -0.458875 0.466382 -0.756255 -0.454727 0.481243 -0.749419 -0.434963 0.368548 -0.821571 -0.429027 0.384837 -0.817213 -0.445066 0.276172 -0.851848 -0.437716 0.291729 -0.850470 -0.490648 0.193570 -0.849585 -0.482092 0.207998 -0.851072 -0.566720 0.131246 -0.813390 -0.558390 0.142837 -0.817190 -0.657833 0.104734 -0.745847 -0.651255 0.112505 -0.750473 -0.751280 0.115565 -0.649787 -0.746964 0.120075 -0.653932 -0.830940 0.163679 -0.531740 -0.828796 0.165771 -0.534432 0.002982 -0.857135 -0.515084 -0.166756 -0.840760 -0.515087 -0.174434 -0.839209 -0.515073 -0.004847 -0.857128 -0.515080 -0.329863 -0.791123 -0.515087 -0.337086 -0.788088 -0.515063 -0.479977 -0.710151 -0.515080 -0.486458 -0.705752 -0.515046 -0.610963 -0.601188 -0.515070 -0.616450 -0.595598 -0.515027 -0.717860 -0.468391 -0.515059 -0.722146 -0.461816 -0.515006 
						-0.796573 -0.316546 -0.515044 -0.799410 -0.309417 -0.514980 -0.842175 -0.159534 -0.515064 -0.843228 -0.153975 -0.515033 -0.854826 -0.073527 -0.513679 -0.855059 -0.069752 -0.513818 -0.855261 0.066287 -0.513940 -0.843673 0.151577 -0.515014 -0.842591 0.157352 -0.515054 -0.855012 0.070525 -0.513790 -0.799869 0.308252 -0.514967 -0.797022 0.315426 -0.515036 -0.722320 0.461547 -0.515003 -0.718022 0.468146 -0.515058 -0.615972 0.596088 -0.515032 -0.610462 0.601695 -0.515073 -0.485243 0.706582 -0.515055 -0.478740 0.710983 -0.515083 -0.335303 0.788843 -0.515072 -0.328070 0.791868 -0.515088 -0.172477 0.839610 -0.515080 -0.164801 0.841146 -0.515086 -0.002993 0.857135 -0.515084 0.004836 0.857128 -0.515080 0.166756 0.840760 -0.515087 0.174433 0.839209 -0.515073 0.329864 0.791123 -0.515087 0.337087 0.788088 -0.515063 0.479975 0.710152 -0.515080 0.486456 0.705754 -0.515046 0.610963 0.601188 -0.515070 0.616449 0.595599 -0.515027 0.717849 0.468408 -0.515060 0.722135 0.461833 -0.515006 0.796565 0.316566 -0.515044 0.799402 0.309437 -0.514980 0.842171 0.159554 -0.515064 0.843224 0.153994 -0.515033 0.854827 0.073507 -0.513680 0.855060 0.069729 -0.513819 0.855261 -0.066287 -0.513940 0.843675 -0.151567 -0.515014 0.842593 -0.157343 -0.515054 0.855012 -0.070524 -0.513790 0.799869 -0.308250 -0.514967 0.797023 -0.315425 -0.515036 0.722322 -0.461544 -0.515003 0.718023 -0.468143 -0.515058 0.615979 -0.596080 -0.515032 0.610470 -0.601687 -0.515073 0.485251 -0.706577 -0.515055 0.478748 -0.710978 -0.515083 0.335309 -0.788840 -0.515072 0.328076 -0.791865 -0.515088 0.172476 -0.839610 -0.515080 0.164801 -0.841147 -0.515086 -0.886592 0.000000 -0.462552 -0.940412 0.187060 -0.283961 -0.940399 0.187058 -0.284005 -0.888155 0.000000 -0.459544 -0.884409 0.413472 -0.216475 -0.868466 0.399337 -0.293763 -0.867950 0.400180 -0.294143 -0.884113 0.413968 -0.216735 
						-0.889290 0.437350 -0.133746 -0.889410 0.437143 -0.133628 -0.764404 -0.152050 -0.626552 -0.770057 -0.153175 -0.619313 -0.919398 0.380827 -0.098371 -0.919350 0.380807 -0.098898 -0.886524 0.460477 -0.045115 -0.886751 0.460065 -0.044871 -0.827807 0.553123 0.093758 -0.827639 0.553011 0.095878 -0.874715 0.482606 0.044337 -0.874293 0.483413 0.043862 -0.678424 0.678425 0.281923 -0.676870 0.676870 0.289300 -0.861123 0.489419 0.137606 -0.860937 0.489806 0.137393 -0.493106 0.737987 0.460676 -0.489126 0.732030 0.474224 -0.836236 0.503337 0.217626 -0.835717 0.504433 0.217082 -0.298902 0.721613 0.624446 -0.293211 0.707874 0.642605 -0.817625 0.493462 0.296621 -0.816066 0.496896 0.295178 -0.126183 0.634364 0.762667 -0.121491 0.610774 0.782429 -0.799762 0.479085 0.361742 -0.798724 0.481392 0.360973 0.000000 0.486214 0.873840 0.000000 0.453402 0.891306 -0.781623 0.470744 0.409225 -0.780127 0.473896 0.408441 0.059803 0.300650 0.951858 0.052283 0.262845 0.963421 -0.777886 0.443914 0.444785 -0.776018 0.447736 0.444216 0.044514 0.107466 0.993212 0.029359 0.070878 0.997053 -0.776914 0.428187 0.461586 -0.775489 0.430914 0.461443 -0.041152 -0.061588 0.997253 -0.061389 -0.091876 0.993876 -0.784058 0.414599 0.461911 -0.782954 0.416574 0.462005 -0.183760 -0.183760 0.965642 -0.205781 -0.205781 0.956718 -0.795137 0.410527 0.446346 -0.793598 0.413086 0.446724 -0.368114 -0.245966 0.896657 -0.387962 -0.259228 0.884469 -0.817475 0.401781 0.412682 -0.815875 0.404354 0.413336 -0.567018 -0.234866 0.789512 -0.580847 -0.240594 0.777645 -0.836723 0.408181 0.365080 -0.836038 0.409245 0.365457 -0.746045 -0.148397 0.649149 -0.752950 -0.149771 0.640808 -0.856478 0.418387 0.302320 -0.855581 0.419773 0.302940 -0.873367 -0.000000 0.487063 -0.875453 -0.000000 0.483304 -0.874154 0.430248 0.225258 -0.873581 0.431160 0.225736 
						-0.932247 0.185436 0.310691 -0.932328 0.185453 0.310438 -0.876790 0.458252 0.145756 -0.876810 0.458219 0.145737 -0.916789 0.379747 0.123654 -0.916692 0.379707 0.124491 -0.876176 0.478725 0.056015 -0.876504 0.478163 0.055678 -0.829388 0.554180 -0.070714 -0.829301 0.554122 -0.072175 -0.865236 0.500217 -0.033913 -0.865017 0.500611 -0.033678 -0.681272 0.681273 -0.267837 -0.679939 0.679940 -0.274524 -0.856678 0.498520 -0.132591 -0.856816 0.498242 -0.132745 -0.496004 0.742322 -0.450486 -0.492260 0.736717 -0.463603 -0.831354 0.513492 -0.212548 -0.830597 0.515037 -0.211768 -0.301473 0.727818 -0.615950 -0.295830 0.714195 -0.634358 -0.815687 0.497727 -0.294828 -0.814183 0.500994 -0.293446 -0.126592 0.636421 -0.760883 -0.121825 0.612456 -0.781061 -0.797002 0.485182 -0.359702 -0.795991 0.487389 -0.358957 0.000000 0.484866 -0.874588 0.000000 0.451465 -0.892289 -0.782398 0.469101 -0.409630 -0.780622 0.472857 -0.408700 0.059127 0.297254 -0.952966 0.051487 0.258844 -0.964546 -0.777739 0.444217 -0.444740 -0.775561 0.448667 -0.444076 0.042514 0.102638 -0.993810 0.027032 0.065260 -0.997502 -0.780307 0.421617 -0.461910 -0.778391 0.425339 -0.461730 -0.047522 -0.071122 -0.996335 -0.068522 -0.102551 -0.992365 -0.789586 0.404558 -0.461397 -0.787800 0.407828 -0.461570 -0.199577 -0.199577 -0.959343 -0.221878 -0.221878 -0.949495 -0.806740 0.390707 -0.443304 -0.804776 0.394129 -0.443844 -0.391877 -0.261844 -0.881970 -0.410513 -0.274296 -0.869621 -0.830292 0.380561 -0.407172 -0.828925 0.382878 -0.407783 -0.591657 -0.245072 -0.768037 -0.603628 -0.250031 -0.757046 -0.850354 0.386353 -0.357252 -0.849900 0.387102 -0.357523 -0.003525 0.000701 -0.999994 -0.001072 -0.000000 -0.999999 -0.000844 -0.000000 -1.000000 -0.003307 0.000658 -0.999994 0.005340 -0.885912 0.463823 -0.170085 -0.869445 0.463828 -0.183058 -0.866819 0.463805 -0.007918 -0.885897 0.463815 
						0.001489 0.000296 -0.999999 0.001722 0.000343 -0.999998 0.181212 -0.867202 0.463813 0.168207 -0.869812 0.463825 -0.338746 -0.818605 0.463829 -0.350964 -0.813464 0.463790 -0.005589 0.002315 -0.999982 -0.005391 0.002233 -0.999983 -0.494356 -0.735171 0.463827 -0.505294 -0.727732 0.463771 -0.006979 0.004663 -0.999965 -0.006805 0.004547 -0.999967 -0.629545 -0.623328 0.463826 -0.638786 -0.613906 0.463759 -0.007590 0.007590 -0.999942 -0.007436 0.007436 -0.999945 -0.740125 -0.486915 0.463820 -0.747364 -0.475807 0.463741 -0.007400 0.011075 -0.999911 -0.007259 0.010864 -0.999915 -0.822112 -0.330173 0.463808 -0.826918 -0.318086 0.463711 -0.006224 0.015027 -0.999868 -0.006196 0.014959 -0.999869 -0.869978 -0.167355 0.463821 -0.871753 -0.157983 0.463775 -0.002909 0.014626 -0.999889 -0.002935 0.014754 -0.999887 0.000000 0.013662 -0.999907 0.000000 0.013790 -0.999905 -0.883101 -0.079815 0.462345 -0.883529 -0.073531 0.462569 -0.003405 -0.017116 -0.999848 0.000000 -0.016734 -0.999860 0.000000 -0.016652 -0.999861 -0.003393 -0.017058 -0.999849 -0.883771 0.069724 0.462695 -0.872033 0.156464 0.463764 -0.870192 0.166249 0.463818 -0.883305 0.076887 0.462451 -0.826962 0.317973 0.463710 -0.822150 0.330079 0.463808 -0.006702 -0.016180 -0.999847 -0.006767 -0.016337 -0.999844 -0.747464 0.475651 0.463739 -0.740237 0.486745 0.463820 -0.007394 -0.011066 -0.999911 -0.007582 -0.011348 -0.999907 -0.638376 0.614328 0.463764 -0.629102 0.623774 0.463828 -0.007040 -0.007040 -0.999950 -0.007238 -0.007238 -0.999948 -0.503866 0.728713 0.463784 -0.492904 0.736144 0.463830 -0.005860 -0.003915 -0.999975 -0.006072 -0.004057 -0.999973 -0.349445 0.814112 0.463800 -0.337231 0.819230 0.463829 -0.003924 -0.001625 -0.999991 -0.004152 -0.001720 -0.999990 -0.181206 0.867204 0.463813 -0.168201 0.869813 0.463825 -0.001489 -0.000296 -0.999999 -0.001722 -0.000343 -0.999998 
						-0.005339 0.885912 0.463823 0.007918 0.885897 0.463815 0.001078 -0.000000 -0.999999 0.000850 -0.000000 -1.000000 0.170098 0.869443 0.463828 0.183071 0.866816 0.463805 0.003520 -0.000700 -0.999994 0.003302 -0.000657 -0.999994 0.338741 0.818607 0.463829 0.350959 0.813466 0.463790 0.005594 -0.002317 -0.999982 0.005396 -0.002235 -0.999983 0.494362 0.735167 0.463827 0.505301 0.727728 0.463771 0.006978 -0.004663 -0.999965 0.006805 -0.004547 -0.999967 0.629542 0.623331 0.463826 0.638784 0.613908 0.463759 0.007590 -0.007590 -0.999942 0.007436 -0.007436 -0.999945 0.740140 0.486892 0.463820 0.747378 0.475784 0.463740 0.007397 -0.011071 -0.999911 0.007256 -0.010859 -0.999915 0.822106 0.330186 0.463808 0.826913 0.318099 0.463712 0.006224 -0.015027 -0.999868 0.006196 -0.014959 -0.999869 0.869981 0.167344 0.463821 0.871755 0.157973 0.463775 0.002909 -0.014625 -0.999889 0.002935 -0.014754 -0.999887 0.883099 0.079840 0.462344 0.883527 0.073558 0.462568 0.000000 -0.013650 -0.999907 0.000000 -0.013779 -0.999905 0.883772 -0.069705 0.462696 0.872034 -0.156461 0.463764 0.870193 -0.166246 0.463818 0.883306 -0.076869 0.462452 0.003403 0.017106 -0.999848 0.000000 0.016728 -0.999860 0.000000 0.016646 -0.999861 0.003391 0.017047 -0.999849 0.826965 -0.317967 0.463710 0.822152 -0.330073 0.463808 0.006697 0.016169 -0.999847 0.006762 0.016325 -0.999844 0.747461 -0.475656 0.463739 0.740234 -0.486749 0.463820 0.007393 0.011064 -0.999911 0.007581 0.011345 -0.999907 0.638377 -0.614327 0.463764 0.629104 -0.623773 0.463828 0.007036 0.007036 -0.999950 0.007235 0.007235 -0.999948 0.503862 -0.728716 0.463784 0.492900 -0.736147 0.463830 0.005857 0.003914 -0.999975 0.006069 0.004055 -0.999973 0.349445 -0.814111 0.463800 0.337232 -0.819230 0.463829 0.003921 0.001624 -0.999991 0.004150 0.001719 -0.999990 
						-0.000001 -0.007990 -0.999968 0.001538 -0.005739 -0.999982 0.474719 0.125041 -0.871210 0.490902 -0.004289 -0.871204 0.828474 0.218091 -0.515817 0.856687 -0.004117 -0.515821 0.966768 0.254747 -0.021552 0.999766 -0.001531 -0.021558 0.845888 0.225169 0.483501 0.875336 0.004195 0.483497 0.491474 0.134517 0.860441 0.509536 0.005613 0.860431 -0.002058 0.007679 0.999968 0.000001 0.005869 0.999983 -0.495821 -0.118104 0.860357 -0.509523 0.009061 0.860409 -0.847889 -0.217551 0.483483 -0.875296 0.010349 0.483478 -0.960883 -0.276113 -0.021551 -0.999700 -0.011634 -0.021551 -0.999728 0.008902 -0.021552 -0.968065 -0.249773 -0.021554 -0.825507 -0.229090 -0.515807 -0.856669 -0.008015 -0.515804 -0.471841 -0.135719 -0.871175 -0.490890 -0.009149 -0.871174 0.000954 -0.001652 -0.999998 0.425963 0.244024 -0.871210 0.744066 0.424615 -0.515818 0.868409 0.495379 -0.021554 0.759349 0.435449 0.483501 0.440214 0.256613 0.860443 -0.004441 0.007692 0.999961 -0.449791 -0.239881 0.860317 -0.764311 -0.426720 0.483465 -0.859304 -0.511011 -0.021551 -0.870926 -0.490941 -0.021551 -0.739848 -0.431921 -0.515818 -0.423465 -0.248346 -0.871207 0.000973 -0.000973 -0.999999 0.356797 0.337386 -0.871130 0.619813 0.591493 -0.515720 0.721185 0.692407 -0.021549 0.630994 0.606745 0.483432 0.366237 0.354344 0.860413 -0.008177 0.008177 0.999933 -0.379979 -0.340343 0.860106 -0.641647 -0.595618 0.483247 -0.721426 -0.692156 -0.021551 -0.726433 -0.686900 -0.021547 -0.616812 -0.594586 -0.515762 -0.354479 -0.339729 -0.871165 0.005061 -0.002922 -0.999983 0.322544 0.378322 -0.867662 0.557333 0.655510 -0.509594 0.646810 0.762357 -0.021206 0.563993 0.673439 0.477904 0.322231 0.400503 0.857767 -0.010048 0.005801 0.999933 -0.342075 -0.387783 0.855926 -0.579939 -0.660905 0.476315 -0.654059 -0.756147 -0.021170 -0.647546 -0.761731 -0.021204 -0.551842 -0.659718 -0.510140 
						-0.314401 -0.383489 -0.868382 -0.001077 0.000622 0.999999 0.000603 -0.000162 1.000000 -0.114946 -0.477386 0.871143 -0.167192 -0.468062 0.867735 -0.203893 -0.832133 0.515734 -0.285537 -0.811845 0.509290 -0.239424 -0.970676 0.021550 -0.328653 -0.944214 0.021172 -0.203924 -0.851333 -0.483370 -0.290363 -0.829549 -0.477010 -0.115621 -0.496464 -0.860323 -0.168051 -0.488475 -0.856242 -0.000813 0.000218 -1.000000 0.008856 -0.005113 -0.999948 0.116720 0.496179 -0.860339 0.183533 0.480461 -0.857597 0.201273 0.851982 -0.483338 0.299603 0.825813 -0.477777 0.218284 0.975648 0.021535 0.326834 0.944845 0.021165 0.355030 0.934613 0.021278 0.247059 0.968761 0.021552 0.201476 0.832738 0.515709 0.295476 0.807741 0.510145 0.115214 0.477316 0.871146 0.168365 0.467450 0.867839 -0.003956 -0.000000 0.999992 -0.001451 -0.490907 0.871211 -0.002985 -0.856692 0.515820 -0.000837 -0.999767 0.021554 0.004890 -0.875333 -0.483497 0.002464 -0.509543 -0.860442 0.001657 0.000000 -0.999999 0.001440 0.509543 -0.860444 -0.004523 0.875334 -0.483498 -0.028660 0.999357 0.021545 0.008427 0.999732 0.021553 -0.007692 0.856670 0.515807 -0.007240 0.490895 0.871189 -0.004448 -0.001192 0.999989 0.123725 -0.475070 0.871206 0.215977 -0.829030 0.515813 0.258239 -0.965840 0.021554 0.229672 -0.844677 -0.483500 0.130721 -0.492492 -0.860444 0.001322 0.000354 -0.999999 -0.125871 0.493782 -0.860428 -0.224077 0.846177 -0.483501 -0.282450 0.959040 0.021547 -0.247691 0.968599 0.021552 -0.227251 0.826010 0.515814 -0.133363 0.472480 0.871193 -0.005089 -0.002938 0.999983 0.241535 -0.427395 0.871203 0.422351 -0.745359 0.515810 0.498944 -0.866366 0.021553 0.439297 -0.757128 -0.483502 0.255071 -0.441105 -0.860444 0.002570 0.001483 -0.999996 -0.252332 0.442685 -0.860441 -0.438384 0.757659 -0.483501 -0.521730 0.852839 0.021547 -0.487947 0.872607 0.021552 
						-0.433364 0.739007 0.515815 -0.252727 0.420919 0.871181 -0.003294 -0.003295 0.999989 0.344606 -0.349636 0.871207 0.602857 -0.608682 0.515819 0.705719 -0.708164 0.021550 0.619263 -0.618658 -0.483503 0.362383 -0.358220 -0.860440 0.003657 0.003657 -0.999987 -0.356618 0.363978 -0.860432 -0.617656 0.620265 -0.483500 -0.722835 0.690685 0.021546 -0.694849 0.718833 0.021548 -0.607945 0.603600 0.515820 -0.351011 0.343225 0.871199 -0.000313 -0.000544 1.000000 0.425321 -0.245138 0.871211 0.741879 -0.428419 0.515822 0.865432 -0.500562 0.021550 0.758576 -0.436792 -0.483503 0.443900 -0.250219 -0.860432 0.003489 0.006045 -0.999976 -0.435173 0.265271 -0.860381 -0.753590 0.445361 -0.483483 -0.874555 0.484448 0.021546 -0.857023 0.514828 0.021546 -0.742099 0.428041 0.515820 -0.425640 0.244582 0.871212 0.000819 0.003056 0.999995 0.474543 -0.125697 0.871212 0.828144 -0.219330 0.515821 0.966073 -0.257367 0.021552 0.846420 -0.223162 -0.483500 0.494889 -0.121663 -0.860397 0.002447 0.009131 -0.999955 -0.488802 0.144326 -0.860374 -0.841957 0.239532 -0.483459 -0.968169 0.249369 0.021553 -0.960738 0.276620 0.021551 -0.826862 0.224120 0.515820 -0.473134 0.130951 0.871204 -0.000001 0.001439 0.999999 0.490907 -0.000004 0.871212 0.856695 0.001294 0.515821 0.999768 -0.000299 0.021555 0.875334 0.004809 -0.483495 0.509506 0.012072 -0.860382 0.000002 0.007319 -0.999973 -0.509529 0.007549 -0.860421 -0.875317 0.007630 -0.483490 -0.999669 -0.014048 0.021556 -0.999587 0.018982 0.021554 -0.856694 0.001088 0.515824 -0.490910 0.001610 0.871209 0.000196 -0.000735 1.000000 0.474538 0.125727 0.871210 0.828011 0.219839 0.515818 0.966687 0.255051 0.021554 0.844426 0.230600 -0.483496 0.489928 0.140213 -0.860413 -0.001611 0.006014 -0.999981 -0.494339 -0.123760 -0.860414 -0.846092 -0.224398 -0.483503 -0.959652 -0.280364 0.021549 
						-0.970403 -0.240529 0.021551 -0.827277 -0.222569 0.515825 -0.473834 -0.128346 0.871211 -0.000637 0.001105 0.999999 0.425359 0.245072 0.871211 0.742972 0.426521 0.515822 0.867817 0.496417 0.021554 0.757448 0.438747 -0.483502 0.438538 0.259503 -0.860432 -0.005408 0.009366 -0.999942 -0.448405 -0.242323 -0.860356 -0.761625 -0.431465 -0.483492 -0.858496 -0.512367 0.021550 -0.875040 -0.483571 0.021548 -0.742665 -0.427055 0.515823 -0.426199 -0.243614 0.871210 -0.003756 0.003757 0.999986 0.351982 0.342249 0.871191 0.616774 0.594625 0.515763 0.719989 0.693651 0.021552 0.629847 0.607925 -0.483446 0.362915 0.357685 -0.860438 -0.010351 0.010353 -0.999893 -0.380161 -0.340155 -0.860100 -0.645495 -0.591525 -0.483150 -0.729072 -0.684097 0.021542 -0.729689 -0.683440 0.021542 -0.618853 -0.592485 0.515735 -0.356656 -0.337527 0.871133 0.003397 -0.001961 0.999992 0.321738 0.378835 0.867738 0.554324 0.657820 0.509899 0.642894 0.765661 0.021227 0.557623 0.678316 -0.478481 0.316442 0.404148 -0.858212 -0.018096 0.010448 -0.999782 -0.348821 -0.383384 -0.855185 -0.582706 -0.658684 -0.476015 -0.656168 -0.754318 0.021157 -0.648712 -0.760739 0.021196 -0.555062 -0.657256 0.509825 -0.319225 -0.380433 0.867966 -0.000519 0.000299 -1.000000 0.005541 -0.001485 -0.999984 -0.113735 -0.477702 -0.871129 -0.167844 -0.467722 -0.867793 -0.200924 -0.832874 -0.515704 -0.287597 -0.811003 -0.509473 -0.234210 -0.971947 -0.021548 -0.333827 -0.942396 -0.021194 -0.206824 -0.850616 0.483402 -0.294023 -0.828080 0.477320 -0.118649 -0.495678 0.860364 -0.175271 -0.484759 0.856906 0.000791 -0.000212 1.000000 0.001582 -0.000914 0.999998 0.111053 0.497640 0.860245 0.177295 0.483711 0.857082 0.196981 0.853019 0.483277 0.293259 0.828388 0.477255 0.214474 0.976492 -0.021531 0.320394 0.947049 -0.021135 0.356086 0.934211 -0.021280 0.253447 0.967109 -0.021553 
						0.208895 0.830865 -0.515777 0.296762 0.807203 -0.510250 0.123964 0.475006 -0.871207 0.169401 0.466910 -0.867928 0.002572 -0.000000 -0.999997 0.003425 -0.490905 -0.871206 0.004249 -0.856688 -0.515818 0.005857 -0.999751 -0.021553 0.004222 -0.875336 0.483498 0.005154 -0.509538 0.860433 0.005881 0.000000 0.999983 0.002734 0.509543 0.860441 0.000239 0.875343 0.483502 -0.020049 0.999567 -0.021549 0.017029 0.999623 -0.021551 0.001932 0.856694 -0.515821 0.002887 0.490906 -0.871208 0.000321 0.000086 -1.000000 0.128106 -0.473899 -0.871211 0.222457 -0.827309 -0.515822 0.258275 -0.965831 -0.021554 0.227540 -0.845252 0.483502 0.136896 -0.490831 0.860433 0.005685 0.001523 0.999983 -0.121141 0.495028 0.860391 -0.217552 0.847890 0.483481 -0.273037 0.961762 -0.021551 -0.246407 0.968927 -0.021552 -0.223916 0.826917 -0.515821 -0.128190 0.473877 -0.871211 -0.001624 -0.000938 -0.999998 0.243609 -0.426202 -0.871210 0.424733 -0.743998 -0.515818 0.495003 -0.868624 -0.021552 0.437307 -0.758280 0.483503 0.257981 -0.439422 0.860438 0.002105 0.001216 0.999997 -0.250839 0.443544 0.860435 -0.437366 0.758246 0.483502 -0.520921 0.853333 -0.021548 -0.490207 0.871339 -0.021553 -0.433488 0.738935 -0.515813 -0.249221 0.422959 -0.871203 -0.001753 -0.001753 -0.999997 0.344965 -0.349279 -0.871208 0.602013 -0.609521 -0.515815 0.702323 -0.711533 -0.021551 0.618089 -0.619833 0.483501 0.362354 -0.358249 0.860440 0.002700 0.002700 0.999993 -0.358416 0.362187 0.860441 -0.621222 0.616693 0.483500 -0.723876 0.689594 -0.021545 -0.699989 0.713828 -0.021551 -0.610735 0.600787 -0.515808 -0.350547 0.343694 -0.871201 -0.001097 -0.001900 -0.999998 0.423577 -0.248154 -0.871207 0.740243 -0.431245 -0.515818 0.863817 -0.503344 -0.021552 0.758923 -0.436192 0.483500 0.444176 -0.249738 0.860429 0.003558 0.006163 0.999975 -0.436773 0.262534 0.860410 
						-0.753893 0.444846 0.483485 -0.871157 0.490531 -0.021553 -0.860881 0.508349 -0.021553 -0.744595 0.423690 -0.515815 -0.426249 0.243528 -0.871209 -0.001210 -0.004518 -0.999989 0.473163 -0.130839 -0.871205 0.826758 -0.224498 -0.515821 0.965589 -0.259176 -0.021557 0.847135 -0.220450 0.483491 0.494020 -0.124966 0.860423 0.001779 0.006635 0.999976 -0.489593 0.141441 0.860403 -0.841369 0.241619 0.483444 -0.966001 0.257639 -0.021554 -0.962933 0.268877 -0.021553 -0.828627 0.217505 -0.515818 -0.474914 0.124310 -0.871208 -0.023389 -0.000004 0.999726 -0.047278 0.499442 0.865056 0.067073 0.498875 0.864075 0.039649 -0.000004 0.999214 0.032185 0.000004 -0.999482 0.057925 -0.499161 -0.864571 -0.057314 -0.499179 -0.864601 -0.032436 0.000004 -0.999474 -0.016944 -0.865899 0.499932 -0.000198 -0.499994 0.866029 0.014632 -0.499941 0.865936 0.035244 -0.865485 0.499693 0.020809 0.865836 -0.499895 0.005203 0.499988 -0.866017 -0.010666 0.499966 -0.865979 -0.032305 0.865571 -0.499743 0.014970 0.865926 0.499948 -0.002116 0.499993 0.866027 -0.012158 0.499957 0.865965 -0.032695 0.865560 0.499737 -0.021996 -0.865814 -0.499883 -0.005946 -0.499985 -0.866013 0.006486 -0.499984 -0.866011 0.028034 -0.865683 -0.499807 0.108766 0.860891 -0.497027 0.051145 0.499346 -0.864892 -0.055817 0.499221 -0.864675 -0.096870 0.861956 -0.497642 -0.124913 -0.859246 0.496078 -0.063313 -0.498998 0.864287 0.043077 -0.499537 0.865221 0.082102 -0.863105 0.498306 0.001684 -0.999999 0.000000 0.002900 -0.999996 0.000000 -0.002312 0.999997 -0.000000 -0.004706 0.999989 -0.000000 0.029310 -0.000004 -0.999570 -0.030098 -0.000004 -0.999547 -0.039176 0.000004 0.999232 0.019199 0.000004 0.999816 -0.085400 0.862866 0.498167 0.106435 0.861110 0.497153 0.097663 -0.861889 -0.497603 -0.093228 -0.862258 -0.497816 -0.103417 0.994638 0.000000 0.136756 0.990605 0.000000 
						0.117021 -0.993129 -0.000000 -0.121492 -0.992592 -0.000000 0.163694 0.986511 0.000000 -0.114341 0.993442 0.000000 -0.183163 -0.983082 -0.000000 0.098058 -0.995181 -0.000000 0.100773 -0.497456 -0.861616 0.066581 -0.000003 -0.997781 0.073974 -0.000003 -0.997260 0.094790 -0.497750 -0.862125 -0.029060 0.499787 -0.865661 -0.043116 0.499533 -0.865221 -0.058792 -0.000003 -0.998270 -0.045560 -0.000003 -0.998962 -0.058197 -0.499153 -0.864557 -0.087399 -0.498088 -0.862711 0.040471 0.499588 -0.865317 0.053397 0.499285 -0.864791 0.038475 -0.499628 0.865385 0.047893 -0.499424 0.865033 0.065431 0.000003 0.997857 0.061884 0.000003 0.998083 0.082588 0.498293 0.863066 0.098913 0.497549 0.861778 0.156892 0.855297 0.493813 0.103120 0.861405 0.497340 -0.140240 -0.857464 -0.495064 -0.072517 -0.863742 -0.498689 0.112731 -0.860502 -0.496818 0.156610 -0.855336 -0.493836 0.014357 -0.865939 0.499944 0.017554 -0.865894 0.499919 -0.012352 0.865962 -0.499958 -0.016512 0.865910 -0.499928 0.012249 0.865963 -0.499958 0.031902 0.865587 -0.499741 -0.012198 0.865963 0.499959 -0.012232 0.865963 0.499959 0.008599 0.999963 -0.000000 -0.003676 0.999993 -0.000000 0.001329 0.999999 -0.000000 -0.007337 0.999973 -0.000000 0.016506 0.865910 0.499928 0.007520 0.866003 0.499982 -0.005339 -0.999986 0.000000 0.005216 -0.999986 0.000000 -0.027696 -0.865696 -0.499804 -0.015305 -0.865926 -0.499937 -0.146657 -0.856658 0.494599 -0.092995 -0.862269 0.497839 -0.073273 -0.498656 0.863697 -0.098952 -0.497547 0.861775 0.063065 -0.499005 0.864301 0.080610 -0.498373 0.863207 0.048453 -0.000003 0.998825 0.048444 -0.000003 0.998826 -0.053027 -0.000003 0.998593 -0.066465 -0.000003 0.997789 0.073935 -0.863652 0.498637 0.135697 -0.858012 0.495381 -0.096164 0.497683 -0.862012 -0.096626 0.497661 -0.861973 -0.060895 0.000003 -0.998144 -0.074201 0.000003 -0.997243 
						-0.112374 0.860537 -0.496839 -0.156629 0.855333 -0.493834 0.033020 0.499725 0.865554 0.032051 0.499741 0.865582 -0.033289 0.499721 0.865547 -0.040825 0.499581 0.865305 -0.042948 -0.499537 -0.865228 -0.049607 -0.499382 -0.864960 -0.108491 0.994097 0.000000 -0.185076 0.982724 0.000000 0.070426 -0.997517 -0.000000 0.163230 -0.986588 -0.000000 -0.181640 -0.983365 -0.000000 -0.109737 -0.993961 -0.000000 -0.176310 -0.984335 -0.000000 -0.085750 -0.996317 -0.000000 0.108844 -0.994059 -0.000000 0.185171 -0.982706 -0.000000 0.196703 0.980463 0.000000 0.121276 0.992619 0.000000 0.021918 -0.499878 -0.865819 0.007581 -0.866003 -0.499981 0.010132 -0.865983 -0.499970 0.035254 -0.499687 -0.865488 -0.052337 0.469287 0.881493 -0.027276 -0.017897 0.999468 -0.035708 -0.023429 0.999088 -0.060111 0.464551 0.883504 0.040764 -0.029980 0.998719 0.065680 0.456509 0.887291 0.069132 0.454125 0.888252 0.043987 -0.032350 0.998508 0.060407 -0.460124 -0.885797 0.034260 0.025197 -0.999095 0.041230 0.030324 -0.998689 0.067033 -0.455572 -0.887672 -0.035956 0.023591 -0.999075 -0.059778 -0.464760 -0.883417 -0.063894 -0.462233 -0.884453 -0.040543 0.026601 -0.998824 -0.003678 -0.502079 0.864814 -0.025083 -0.873864 0.485523 -0.015219 -0.870875 0.491269 -0.017036 -0.509577 0.860256 0.015767 -0.871658 0.489861 0.020328 -0.512782 0.858278 0.029863 -0.518679 0.854447 0.007103 -0.868605 0.495454 0.007861 0.504977 -0.863097 0.027731 0.875709 -0.482042 0.017721 0.872333 -0.488591 0.019818 0.512473 -0.858474 -0.015661 0.871012 -0.491013 -0.017168 0.509643 -0.860214 -0.027806 0.515524 -0.856424 -0.006945 0.868275 -0.496034 0.001507 0.500849 0.865534 0.023901 0.873512 0.486216 0.014847 0.870760 0.491484 0.015993 0.508996 0.860620 -0.013417 0.870839 0.491385 -0.017080 0.510759 0.859554 -0.025570 0.516035 0.856186 -0.003671 0.867367 0.497656 
						-0.008525 -0.505396 -0.862846 -0.029442 -0.876273 -0.480914 -0.019964 -0.873101 -0.487130 -0.021382 -0.513444 -0.857857 0.011740 -0.869791 -0.493281 0.012602 -0.507097 -0.861797 0.022748 -0.512741 -0.858242 0.002484 -0.866837 -0.498586 0.054568 0.467933 -0.882078 0.117743 0.818770 -0.561919 0.107685 0.823486 -0.557023 0.061299 0.463823 -0.883805 -0.104405 0.820330 -0.562280 -0.058533 0.461403 -0.885258 -0.064371 0.457402 -0.886927 -0.112101 0.816376 -0.566536 -0.063012 -0.458339 0.886541 -0.129283 -0.807261 0.575861 -0.119739 -0.812374 0.570711 -0.068800 -0.454352 0.888161 0.092045 -0.830566 0.549260 0.048349 -0.471696 0.880435 0.055708 -0.467234 0.882377 0.100475 -0.826788 0.553468 0.019360 -0.999732 0.012704 0.014463 -0.999850 0.009491 0.021756 -0.999635 -0.015998 0.016529 -0.999790 -0.012154 -0.020957 0.999662 -0.015415 -0.015599 0.999812 -0.011475 -0.022300 0.999644 0.014630 -0.017156 0.999790 0.011255 0.032764 -0.021498 -0.999232 0.038965 -0.025566 -0.998913 -0.031367 -0.023069 -0.999242 -0.037524 -0.027597 -0.998915 -0.039881 0.029332 0.998774 -0.044484 0.032717 0.998474 0.022566 0.014806 0.999636 0.030622 0.020091 0.999329 -0.095464 0.829044 0.550975 -0.103395 0.825457 0.554914 0.109071 0.817942 0.564867 0.117850 0.813370 0.569685 0.105201 -0.819923 -0.562724 0.112503 -0.816166 -0.566759 -0.099898 -0.827049 -0.553182 -0.108026 -0.823326 -0.557193 -0.238918 0.958303 0.156757 -0.248085 0.954966 0.162771 0.264475 0.944573 0.194510 0.274283 0.940253 0.201724 0.253314 -0.949275 -0.186302 0.262432 -0.945451 -0.193008 -0.248220 -0.954916 -0.162860 -0.257204 -0.951508 -0.168755 0.260731 0.950134 -0.171071 0.238711 0.958377 -0.156623 -0.252657 0.949544 -0.185822 -0.262000 0.945635 -0.192694 -0.277101 -0.938979 0.203800 -0.256782 -0.947838 0.188856 0.235541 -0.959498 0.154543 0.245055 -0.956084 0.160785 
						-0.139020 0.857613 0.495150 -0.078426 0.863355 0.498465 -0.074835 0.997196 0.000000 -0.166700 0.986008 0.000000 0.158886 0.987297 0.000000 0.074857 0.997194 0.000000 0.062841 0.864310 -0.499017 0.128215 0.858874 -0.495879 0.056474 0.000003 -0.998404 0.035776 0.000003 -0.999360 0.049619 0.499385 -0.864958 0.085278 0.498179 -0.862870 -0.007332 -0.999973 0.000000 0.003460 -0.999994 0.000000 -0.023630 -0.865786 0.499856 -0.008433 -0.865997 0.499978 -0.038452 -0.499628 0.865386 -0.033923 -0.499710 0.865528 -0.087516 0.498082 0.862702 -0.067142 0.498873 0.864071 -0.055027 0.000003 0.998485 -0.051837 0.000003 0.998656 -0.006563 -0.011404 0.999913 -0.452957 0.214572 0.865326 -0.408430 0.291475 0.865001 0.032038 0.055588 0.997940 -0.031726 -0.055076 0.997978 -0.456337 0.208395 0.865059 -0.407739 0.292609 0.864945 0.014207 0.024642 0.999595 0.744317 -0.442747 0.499968 0.436498 -0.243909 0.866013 0.450706 -0.218638 0.865483 0.760078 -0.415179 0.499907 0.759790 -0.415698 0.499914 0.409794 -0.289225 0.865111 0.436159 -0.244511 0.866014 0.766735 -0.402981 0.499723 0.742801 -0.445307 -0.499948 0.434183 -0.247952 -0.866028 0.435909 -0.244943 -0.866018 0.759601 -0.416041 -0.499916 0.736610 -0.455620 -0.499816 0.427307 -0.259826 -0.865967 0.438591 -0.240254 -0.865977 0.765576 -0.405139 -0.499755 -0.699385 0.512967 -0.497720 -0.403321 0.299815 -0.864548 -0.463728 0.194709 -0.864317 -0.796636 0.343344 -0.497479 -0.682453 0.536779 -0.496110 -0.400808 0.303888 -0.864295 -0.451628 0.216986 -0.865418 -0.794845 0.347177 -0.497684 0.868863 -0.495053 -0.000006 0.864444 -0.502729 -0.000005 0.883417 -0.468587 0.000002 0.871375 -0.490618 0.000002 0.016579 0.028773 -0.999448 -0.019302 -0.033501 -0.999252 0.018928 0.032846 -0.999281 -0.007961 -0.013821 -0.999873 -0.787745 0.362002 0.498410 -0.686439 0.531285 0.496525 
						-0.793882 0.349226 0.497788 -0.693517 0.521370 0.497200 -0.910203 0.414162 0.000006 -0.763844 0.645401 0.000005 -0.916877 0.399170 -0.000003 -0.775792 0.630989 -0.000002 -0.798195 0.602399 0.000005 -0.919757 0.392488 0.000006 -0.759989 0.649936 -0.000003 -0.924607 0.380923 -0.000003 -0.480774 0.162141 0.861723 -0.027913 -0.048438 0.998436 -0.035650 -0.061865 0.997448 -0.477300 0.168903 0.862355 0.448429 -0.222759 0.865615 0.454140 -0.212418 0.865238 0.030183 0.052388 0.998171 0.022890 0.039731 0.998948 -0.403614 0.299349 0.864573 -0.387807 0.324608 0.862691 0.418328 -0.275051 0.865649 0.408426 -0.291485 0.865000 0.447821 -0.223852 0.865648 0.450864 -0.218366 0.865470 0.027910 0.048446 0.998436 0.024310 0.042198 0.998813 -0.399121 0.306616 0.864112 -0.381305 0.334757 0.861710 -0.670339 0.553049 0.494755 -0.703519 0.506945 0.498064 -0.677722 0.543204 0.495603 -0.713962 0.491385 0.498798 -0.799779 0.336524 0.497097 -0.818420 0.293487 0.494018 0.753692 -0.426572 0.499984 0.760032 -0.415273 0.499899 0.757949 -0.419018 0.499938 0.758972 -0.417185 0.499919 0.739469 -0.450892 0.499882 0.734914 -0.458403 0.499768 0.758472 -0.418078 -0.499931 0.756965 -0.420773 -0.499954 0.861501 -0.507756 0.000000 0.864189 -0.503167 -0.000000 0.867862 -0.496806 0.000000 0.871003 -0.491278 0.000000 0.744686 -0.442131 -0.499963 0.747618 -0.437127 -0.499986 0.861002 -0.508602 0.000000 0.868891 -0.495003 0.000000 0.734239 -0.459506 -0.499747 0.741987 -0.446685 -0.499928 -0.670489 0.552847 -0.494778 -0.702154 0.508935 -0.497961 -0.394602 0.313843 -0.863592 -0.381918 0.333798 -0.861811 -0.459460 0.202649 -0.864772 -0.471914 0.179249 -0.863231 -0.022917 -0.039770 -0.998946 -0.020174 -0.035006 -0.999183 0.027144 0.047115 -0.998521 0.033370 0.057920 -0.997763 -0.782008 0.373589 -0.498894 -0.808819 0.316253 -0.495777 
						-0.478362 0.166830 -0.862170 -0.482542 0.158664 -0.861382 -0.035834 -0.062186 -0.997421 -0.035851 -0.062216 -0.997419 -0.803476 0.328355 -0.496598 -0.821330 0.286297 -0.493407 0.417388 -0.276622 -0.865602 0.420110 -0.272049 -0.865735 0.450204 -0.219564 -0.865510 0.453855 -0.212936 -0.865259 0.408130 -0.291963 -0.864979 0.407500 -0.292994 -0.864926 -0.919254 0.393666 0.000000 -0.946538 0.322594 0.000000 -0.898215 0.439556 -0.000005 -0.931981 0.362507 -0.000005 -0.763426 0.645895 -0.000000 -0.810128 0.586253 0.000000 -0.772882 0.634550 -0.000004 -0.824405 0.566001 -0.000004 -0.913631 0.406544 0.000000 -0.942478 0.334269 -0.000000 -0.763906 0.645328 0.000000 -0.809503 0.587116 0.000000 0.449210 -0.221354 -0.865571 0.759405 -0.416405 -0.499911 0.756707 -0.421236 -0.499955 0.453674 -0.213262 -0.865274 -0.432904 0.197015 0.879647 0.001290 -0.022225 0.999752 0.001948 -0.033568 0.999435 -0.432697 0.187089 0.881913 0.046729 0.020529 0.998697 -0.375767 0.278550 0.883860 -0.360281 0.285991 0.887923 0.035400 0.015552 0.999252 -0.429764 0.189839 0.882759 0.009017 -0.080631 0.996703 0.006900 -0.061705 0.998071 -0.428711 0.175795 0.886173 0.034938 0.017634 0.999234 -0.378655 0.280643 0.881964 -0.369666 0.285551 0.884199 0.043274 0.021841 0.998824 0.433246 -0.246604 0.866882 0.745720 -0.453448 0.488146 0.747991 -0.443454 0.493819 0.433107 -0.263496 0.861968 0.753329 -0.429889 0.497686 0.483971 -0.222261 0.846388 0.473401 -0.228117 0.850796 0.754142 -0.429204 0.497045 0.434193 -0.274759 0.857895 0.751893 -0.423277 0.505463 0.748882 -0.440821 0.494826 0.433862 -0.265080 0.861102 0.763135 -0.420710 0.490538 0.447449 -0.241186 0.861173 0.459304 -0.234047 0.856891 0.756098 -0.427194 0.495803 0.433211 -0.251719 -0.865428 0.745238 -0.455532 -0.486940 0.747428 -0.446008 -0.492370 0.433050 -0.267402 -0.860793 
						0.754706 -0.428732 -0.496597 0.447777 -0.241959 -0.860786 0.460177 -0.235322 -0.856073 0.753741 -0.429548 -0.497357 0.433905 -0.266418 -0.860667 0.743762 -0.466758 -0.478492 0.746246 -0.454680 -0.486192 0.434379 -0.280472 -0.855950 0.761410 -0.422305 -0.491848 0.449939 -0.239691 -0.860292 0.459756 -0.233770 -0.856724 0.753688 -0.429377 -0.497584 -0.370176 0.285279 -0.884073 -0.665007 0.500701 -0.554134 -0.658243 0.505498 -0.557842 -0.364825 0.288176 -0.885357 -0.763176 0.313683 -0.564947 -0.428391 0.171670 -0.887136 -0.427872 0.165312 -0.888593 -0.763572 0.304405 -0.569469 -0.365884 0.283319 -0.886487 -0.635276 0.514821 -0.575660 -0.645516 0.508441 -0.569910 -0.359761 0.286239 -0.888054 -0.765869 0.332433 -0.550394 -0.432917 0.197443 -0.879545 -0.432664 0.185431 -0.882280 -0.765962 0.331524 -0.550812 0.877505 -0.479335 0.014942 0.874832 -0.484297 0.011246 0.874502 -0.484870 -0.012120 0.873755 -0.486243 -0.010970 0.879145 -0.476160 0.019376 0.869433 -0.494031 0.004422 0.878623 -0.477231 -0.016500 0.875598 -0.482885 -0.012295 0.039125 0.019748 -0.999039 0.045905 0.023170 -0.998677 0.005417 -0.048451 -0.998811 0.006255 -0.055945 -0.998414 0.044552 0.019574 -0.998815 0.050606 0.022233 -0.998471 0.001363 -0.023534 -0.999722 0.001983 -0.034229 -0.999412 -0.765413 0.336737 0.548408 -0.766506 0.326097 0.553289 -0.640917 0.511327 0.572512 -0.646970 0.507522 0.569079 -0.762586 0.324854 0.559404 -0.763104 0.315132 0.564237 -0.651462 0.510227 0.561485 -0.657268 0.506181 0.558373 -0.948522 0.277253 0.153088 -0.950684 0.265374 0.160549 -0.679764 0.705621 0.200052 -0.696179 0.693306 0.186178 -0.948114 0.260660 0.182032 -0.949465 0.250672 0.188892 -0.691865 0.701237 0.172016 -0.706895 0.688959 0.160113 -0.702073 0.692970 -0.163971 -0.694902 0.698809 -0.169640 -0.949395 0.251218 -0.188518 -0.950854 0.239046 -0.196811 
						-0.676599 0.707911 -0.202674 -0.695535 0.693803 -0.186730 -0.954100 0.243810 -0.173927 -0.951784 0.258862 -0.164611 -0.810996 0.311215 0.495410 -0.784840 0.367913 0.498665 -0.900549 0.434755 -0.000005 -0.936602 0.350394 -0.000005 -0.763915 0.645316 -0.000004 -0.819201 0.573507 -0.000004 -0.710944 0.495931 -0.498608 -0.672141 0.550661 -0.494974 0.031305 0.054341 -0.998032 0.023140 0.040167 -0.998925 -0.402094 0.301809 -0.864425 -0.385122 0.328811 -0.862302 0.868176 -0.496256 0.000000 0.869941 -0.493155 0.000000 0.742929 -0.445100 0.499942 0.749593 -0.433721 0.499997 0.418085 -0.275450 0.865639 0.419653 -0.272813 0.865716 -0.471263 0.180499 0.863326 -0.462193 0.197584 0.864487 -0.022629 -0.039269 0.998972 -0.022230 -0.038578 0.999008 0.011980 -0.020657 0.999715 -0.406421 -0.294572 0.864898 -0.461083 -0.199878 0.864553 -0.017316 0.029880 0.999403 0.022872 -0.039441 0.998960 -0.396715 -0.310214 0.863936 -0.456804 -0.207745 0.864970 -0.011646 0.020106 0.999730 0.755099 0.424095 0.499969 0.433317 0.249470 0.866026 0.429308 0.256365 0.866009 0.735999 0.456585 0.499836 0.750007 0.432993 0.500006 0.445093 0.228835 0.865752 0.433657 0.248878 0.866026 0.742484 0.445821 0.499962 0.746470 0.439080 -0.499991 0.439405 0.238872 -0.865947 0.430507 0.254306 -0.866021 0.741719 0.447113 -0.499943 0.765097 0.406065 -0.499738 0.439463 0.238769 -0.865945 0.424186 0.265082 -0.865909 0.749731 0.433479 -0.500000 -0.798522 -0.339447 -0.497131 -0.456636 -0.208050 -0.864985 -0.397238 -0.309378 -0.863995 -0.691843 -0.523616 -0.497172 -0.796181 -0.344483 -0.497420 -0.462516 -0.197233 -0.864394 -0.407365 -0.293042 -0.864974 -0.692496 -0.522696 -0.497231 0.877812 0.479006 0.000007 0.867704 0.497082 0.000007 0.851411 0.524500 0.000007 0.850283 0.526326 0.000007 -0.015750 0.027185 -0.999506 0.020612 -0.035543 -0.999156 
						-0.016696 0.028806 -0.999446 0.015089 -0.026026 -0.999547 -0.700769 -0.510856 0.497945 -0.794064 -0.348975 0.497674 -0.692374 -0.522864 0.497224 -0.790394 -0.356666 0.498062 -0.806227 -0.591607 0.000006 -0.922372 -0.386304 0.000007 -0.797118 -0.603823 0.000006 -0.917994 -0.396594 0.000007 -0.935124 -0.354321 0.000007 -0.797985 -0.602677 0.000006 -0.924489 -0.381210 0.000007 -0.785358 -0.619043 0.000006 -0.374359 -0.345054 0.860694 0.035341 -0.060972 0.997514 0.039156 -0.067553 0.996947 -0.381000 -0.334871 0.861801 0.419430 0.273093 0.865736 0.413399 0.283123 0.865415 -0.027314 0.047108 0.998516 -0.020765 0.035814 0.999143 -0.458728 -0.204219 0.864791 -0.472435 -0.178604 0.863079 0.452387 0.215774 0.865325 0.460761 0.200477 0.864586 0.414203 0.281802 0.865462 0.410863 0.287311 0.865242 -0.032693 0.056395 0.997873 -0.029554 0.050979 0.998262 -0.471722 -0.179964 0.863187 -0.478198 -0.167563 0.862119 -0.815583 -0.300612 0.494425 -0.796436 -0.343920 0.497401 -0.808825 -0.316454 0.495640 -0.781529 -0.374642 0.498854 -0.685991 -0.531770 0.496626 -0.655427 -0.572122 0.493044 0.742927 0.445088 0.499956 0.743027 0.444920 0.499957 0.745218 0.441212 0.499982 0.740310 0.449466 0.499922 0.758917 0.417308 0.499899 0.766929 0.402683 0.499667 0.743015 0.444933 -0.499963 0.742960 0.445027 -0.499962 0.870951 0.491370 -0.000006 0.868884 0.495015 -0.000006 0.868714 0.495315 0.000003 0.866473 0.499223 0.000000 0.759702 0.415895 -0.499884 0.757683 0.419514 -0.499925 0.867905 0.496730 -0.000006 0.867219 0.497927 -0.000007 0.762017 0.411702 -0.499832 0.760749 0.414002 -0.499864 -0.816193 -0.299149 -0.494306 -0.793768 -0.349594 -0.497711 -0.468757 -0.185572 -0.863615 -0.479604 -0.164842 -0.861863 -0.399191 -0.306252 -0.864208 -0.388129 -0.323781 -0.862857 0.026125 -0.045078 -0.998642 0.025568 -0.044114 -0.998699 
						-0.026688 0.046034 -0.998583 -0.032821 0.056615 -0.997856 -0.708041 -0.500179 -0.498497 -0.673785 -0.548332 -0.495324 -0.383969 -0.330275 -0.862257 -0.375111 -0.343908 -0.860825 0.035369 -0.061020 -0.997510 0.036424 -0.062841 -0.997359 -0.688851 -0.527798 -0.496904 -0.656873 -0.570294 -0.493237 0.448725 0.222358 -0.865565 0.450033 0.220011 -0.865485 0.415908 0.278974 -0.865560 0.411357 0.286497 -0.865277 0.456089 0.209051 -0.865032 0.457020 0.207349 -0.864950 -0.805445 -0.592671 0.000000 -0.755230 -0.655460 -0.000000 -0.823556 -0.567235 0.000000 -0.773012 -0.634391 0.000004 -0.944841 -0.327530 0.000000 -0.916660 -0.399668 0.000000 -0.938224 -0.346028 0.000005 -0.902730 -0.430208 0.000000 -0.802632 -0.596475 0.000000 -0.753173 -0.657822 0.000000 -0.945995 -0.324181 -0.000000 -0.918894 -0.394503 0.000000 0.419926 0.272262 -0.865757 0.743601 0.443950 -0.499965 0.741776 0.447020 -0.499941 0.417502 0.276316 -0.865645 -0.377953 -0.281613 0.881956 0.028200 -0.014142 0.999502 0.036905 -0.018507 0.999147 -0.372619 -0.284512 0.883294 0.004895 0.044830 0.998983 -0.428397 -0.178885 0.885707 -0.427857 -0.171819 0.887365 0.005691 0.052116 0.998625 -0.355278 -0.288946 0.888982 0.050755 -0.022140 0.998466 0.052731 -0.023002 0.998344 -0.350589 -0.291140 0.890126 0.001812 0.032682 0.999464 -0.432197 -0.187562 0.882058 -0.432036 -0.180414 0.883627 0.002351 0.042413 0.999097 0.437874 0.247644 0.864256 0.764913 0.420023 0.488354 0.763563 0.421282 0.489381 0.452265 0.239111 0.859234 0.747715 0.442842 0.494786 0.433230 0.268155 0.860468 0.433642 0.281422 0.856012 0.748826 0.436707 0.498544 0.457462 0.237634 0.856889 0.751516 0.432427 0.498228 0.756308 0.428393 0.494447 0.458994 0.236821 0.856295 0.748547 0.437592 0.498187 0.432457 0.260820 0.863107 0.432173 0.277529 0.858023 0.748123 0.439556 0.497094 
						0.447022 0.242233 -0.861100 0.748017 0.435419 -0.500881 0.755271 0.428902 -0.495588 0.452515 0.238962 -0.859144 0.748743 0.437175 -0.498260 0.433147 0.265738 -0.861259 0.433612 0.280337 -0.856383 0.748928 0.436132 -0.498894 0.448325 0.242498 -0.860349 0.778212 0.409195 -0.476388 0.770222 0.416349 -0.483126 0.459204 0.236710 -0.856213 0.748455 0.438024 -0.497946 0.432297 0.271240 -0.859970 0.432253 0.273880 -0.859155 0.747154 0.443967 -0.494625 -0.432242 -0.189634 -0.881593 -0.767298 -0.310131 -0.561313 -0.766377 -0.320582 -0.556681 -0.432066 -0.181597 -0.883369 -0.649526 -0.506754 -0.566847 -0.356950 -0.288158 -0.888567 -0.351856 -0.290547 -0.889820 -0.643184 -0.510753 -0.570478 -0.428188 -0.176095 -0.886367 -0.762118 -0.320171 -0.562731 -0.762590 -0.310659 -0.567404 -0.427626 -0.168864 -0.888043 -0.662509 -0.503275 -0.554793 -0.376981 -0.282143 -0.882202 -0.370967 -0.285407 -0.883700 -0.663914 -0.502276 -0.554019 0.872306 0.488867 -0.009530 0.865429 0.501032 -0.000361 0.858098 0.513386 -0.010153 0.860367 0.509627 -0.006924 0.854725 0.518868 0.014887 0.863458 0.504414 0.002468 0.853169 0.521413 -0.015241 0.862203 0.506548 -0.003830 0.002194 0.039600 -0.999213 0.002437 0.044002 -0.999028 0.046702 -0.020373 -0.998701 0.051390 -0.022418 -0.998427 0.004824 0.044179 -0.999012 0.005768 0.052826 -0.998587 0.034120 -0.017109 -0.999271 0.037840 -0.018974 -0.999104 -0.667184 -0.499942 0.552199 -0.662330 -0.503403 0.554892 -0.761837 -0.325119 0.560269 -0.762473 -0.313181 0.566174 -0.649176 -0.506975 0.567050 -0.642012 -0.511484 0.571143 -0.764933 -0.335032 0.550119 -0.765785 -0.326752 0.553901 -0.707904 -0.688445 0.157844 -0.702304 -0.693120 0.162340 -0.949326 -0.249088 0.191663 -0.950862 -0.235735 0.200726 -0.688820 -0.699342 0.190911 -0.681092 -0.705083 0.197414 -0.949807 -0.268884 0.159901 -0.951443 -0.259310 0.165874 
						-0.952712 -0.251295 -0.170852 -0.948880 -0.273984 -0.156712 -0.689195 -0.699060 -0.190593 -0.682348 -0.704161 -0.196363 -0.949346 -0.248931 -0.191770 -0.950483 -0.239246 -0.198351 -0.681142 -0.709965 -0.178873 -0.693256 -0.700475 -0.169500 -0.672357 -0.550226 0.495163 -0.709244 -0.498390 0.498579 -0.826858 -0.562411 0.000000 -0.770200 -0.637802 -0.000004 -0.933734 -0.357967 -0.000005 -0.901157 -0.433493 0.000000 -0.780239 -0.377195 -0.498950 -0.806962 -0.320701 -0.495946 -0.026728 0.046104 -0.998579 -0.019161 0.033048 -0.999270 -0.457989 -0.205573 -0.864862 -0.472754 -0.177995 -0.863031 0.866817 0.498626 0.000002 0.863334 0.504634 0.000005 0.758857 0.417411 0.499903 0.758630 0.417821 0.499906 0.450344 0.219453 0.865466 0.451586 0.217219 0.865382 -0.388064 -0.323882 0.862848 -0.398888 -0.306740 0.864175 0.027181 -0.046895 0.998530 0.025223 -0.043519 0.998734 0.382684 -0.923880 -0.000000 0.382683 -0.923880 -0.000000 0.382683 -0.923880 -0.000000 0.382683 -0.923880 -0.000000 0.382683 -0.923880 -0.000000 0.382683 -0.923880 -0.000000 0.382684 -0.923879 -0.000000 0.382682 -0.923880 -0.000000 0.382683 -0.923880 -0.000000 0.382683 -0.923880 -0.000000 0.382683 -0.923880 -0.000000 0.382683 -0.923880 -0.000000 0.382683 -0.923880 -0.000000 0.382683 -0.923880 -0.000000 0.382682 -0.923880 -0.000000 0.382683 -0.923880 -0.000000 0.382683 -0.923880 -0.000000 0.382684 -0.923880 -0.000000 0.382681 -0.923881 -0.000000 0.382685 -0.923879 -0.000000 0.382684 -0.923879 -0.000000 0.382683 -0.923880 -0.000000 0.382670 -0.923885 -0.000000 0.382683 -0.923880 -0.000000 0.665617 0.437536 -0.604579 0.615356 0.451604 -0.646058 0.609404 0.463119 -0.643543 0.665214 0.438655 -0.604212 -0.736986 -0.093659 -0.669387 -0.724912 -0.152283 -0.671798 -0.715278 -0.190587 -0.672350 -0.735028 -0.118453 -0.667609 0.539678 0.521124 -0.661194 0.519859 0.546066 -0.656931 
						-0.681580 -0.294479 -0.669874 -0.654333 -0.346586 -0.672106 0.437768 0.601994 -0.667804 0.405641 0.628163 -0.663978 -0.584579 -0.458076 -0.669652 -0.539198 -0.507388 -0.672178 0.312350 0.672559 -0.670896 0.270100 0.693352 -0.668064 -0.431955 -0.603109 -0.670578 -0.373586 -0.639053 -0.672343 0.168749 0.720916 -0.672164 0.119182 0.732286 -0.670487 -0.251110 -0.697585 -0.671058 -0.184662 -0.716846 -0.672334 0.012818 0.740173 -0.672295 -0.039324 0.739661 -0.671830 -0.044494 -0.739500 -0.671684 0.027565 -0.739952 -0.672095 -0.139409 0.727883 -0.671380 -0.189574 0.715547 -0.672350 0.168973 -0.720860 -0.672167 0.240689 -0.700852 -0.671473 -0.283832 0.686796 -0.669141 -0.329622 0.663523 -0.671630 0.372729 -0.639548 -0.672348 0.435848 -0.600561 -0.670346 -0.415988 0.619918 -0.665324 -0.453393 0.588655 -0.669268 0.538457 -0.508150 -0.672196 0.584251 -0.458446 -0.669685 -0.528864 0.534895 -0.658931 -0.554136 0.502127 -0.663929 0.647853 -0.358197 -0.672295 0.675458 -0.306665 -0.670607 -0.620204 0.442037 -0.648036 -0.628675 0.424774 -0.651410 0.710306 -0.208694 -0.672245 0.720200 -0.171607 -0.672207 -0.672389 0.418233 -0.610716 -0.672592 0.417636 -0.610901 0.733301 -0.136597 -0.666041 0.735409 -0.114062 -0.667955 0.674752 0.411231 0.612861 0.622069 0.438263 0.648811 0.614631 0.453021 0.645756 0.672937 0.416624 0.611212 -0.735383 -0.114367 0.667931 -0.722222 -0.163433 0.672075 -0.712874 -0.199436 0.672337 -0.733446 -0.135179 0.666172 0.542465 0.517514 0.661748 0.521946 0.543496 0.657407 -0.678594 -0.300452 0.670253 -0.651195 -0.352236 0.672217 0.438456 0.601421 0.667869 0.406845 0.627218 0.664135 -0.580072 -0.463194 0.670050 -0.534887 -0.511821 0.672261 0.316631 0.670350 0.671100 0.275707 0.690699 0.668521 -0.429625 -0.604621 0.670713 -0.369957 -0.641152 0.672351 0.177940 0.718589 0.672285 0.130162 0.729936 0.671007 
						-0.240115 -0.701029 0.671494 -0.170592 -0.720455 0.672193 0.030964 0.739878 0.672028 -0.020595 0.740076 0.672208 -0.028224 -0.739938 0.672082 0.046813 -0.739422 0.671613 -0.122897 0.731502 0.670672 -0.174699 0.719418 0.672249 0.192615 -0.714734 0.672350 0.265408 -0.692954 0.670353 -0.271592 0.692652 0.668185 -0.317466 0.669919 0.671136 0.392521 -0.627843 0.672117 0.453070 -0.589075 0.669118 -0.401792 0.631194 0.663444 -0.439416 0.600612 0.667966 0.546247 -0.500049 0.671986 0.591674 -0.449909 0.668957 -0.518812 0.547358 0.656683 -0.544986 0.514238 0.662231 0.655747 -0.344000 0.672056 0.683695 -0.290175 0.669596 -0.613785 0.454685 0.645391 -0.621818 0.438783 0.648700 0.715311 -0.190462 0.672350 0.724910 -0.152289 0.671798 -0.665389 0.438169 0.604372 -0.666241 0.435801 0.605145 0.737051 -0.092721 0.669447 0.735226 -0.116187 0.667789 0.660709 0.450930 0.600105 0.598115 0.484198 0.638600 0.587216 0.503690 0.633620 0.654974 0.465949 0.594896 0.523283 0.541845 0.657707 0.501317 0.568320 0.652452 0.429362 0.609001 0.666907 0.390800 0.639702 0.661858 0.303485 0.677076 0.670421 0.251469 0.701945 0.666361 0.166515 0.721472 0.672124 0.110332 0.734111 0.670006 0.030704 0.739884 0.672033 -0.029999 0.739900 0.672048 -0.111461 0.733881 0.670071 -0.177012 0.718828 0.672274 -0.261308 0.697453 0.667291 -0.321984 0.667561 0.671333 -0.393108 0.637933 0.662199 -0.440695 0.599529 0.668097 -0.503799 0.565409 0.653069 -0.536956 0.524636 0.660633 -0.593234 0.493044 0.636381 -0.610077 0.461842 0.643823 -0.659429 0.454310 0.598962 -0.667764 0.431520 0.606532 0.657608 0.459102 -0.597308 0.595655 0.488686 -0.637480 0.586158 0.505554 -0.633114 0.652866 0.471291 -0.593001 0.522669 0.542604 -0.657570 0.501858 0.567684 -0.652589 0.430323 0.608210 -0.667010 0.394051 0.637207 -0.662338 
						0.313715 0.671863 -0.670957 0.262777 0.696776 -0.667421 0.175141 0.719308 -0.672252 0.114836 0.733191 -0.670256 0.029054 0.739921 -0.672067 -0.033470 0.739818 -0.671974 -0.113409 0.733484 -0.670178 -0.174490 0.719473 -0.672244 -0.249469 0.702849 -0.666159 -0.306324 0.675641 -0.670578 -0.376872 0.650232 -0.659671 -0.425459 0.612220 -0.666462 -0.491863 0.579300 -0.649987 -0.525366 0.539272 -0.658162 -0.581652 0.513375 -0.630973 -0.600753 0.479400 -0.639743 -0.667684 0.431771 -0.606442 -0.655212 0.465335 -0.595114 -0.000002 0.322180 0.946679 -0.073525 0.274390 0.958803 -0.071805 0.267969 0.960748 -0.000002 0.317580 0.948231 -0.873585 0.486671 -0.000000 -0.843968 0.536394 -0.000015 -0.817180 0.576382 -0.000014 -0.859368 0.511357 -0.000000 0.820855 0.571137 -0.000014 0.857264 0.514877 0.000000 0.863821 0.503799 0.000000 0.836834 0.547457 -0.000015 0.080656 0.301009 -0.950204 -0.000002 0.339558 -0.940585 -0.000002 0.342779 -0.939416 0.082662 0.308493 -0.947628 -0.106943 0.185221 0.976861 -0.102541 0.177598 0.978746 0.713984 0.700162 -0.000000 0.749628 0.661860 -0.000000 -0.104161 0.104161 0.989091 -0.097880 0.097879 0.990373 0.567451 0.823407 -0.000005 0.618255 0.785978 -0.000005 -0.072662 0.041952 0.996474 -0.067000 0.038683 0.997003 0.393688 0.919244 -0.000003 0.459837 0.888003 -0.000004 -0.050806 0.013613 0.998616 -0.046562 0.012476 0.998837 0.180143 0.983641 -0.000000 0.262560 0.964916 -0.000001 -0.021615 -0.000000 0.999766 -0.015732 -0.000000 0.999876 -0.053697 0.998557 -0.000000 0.034609 0.999401 -0.000000 0.024065 0.006448 0.999690 0.031936 0.008557 0.999453 -0.273900 0.961758 -0.000001 -0.192212 0.981353 -0.000000 0.073446 0.042405 0.996397 0.080852 0.046681 0.995632 -0.461051 0.887373 -0.000000 -0.388086 0.921623 0.000000 0.097517 0.097521 0.990444 0.104197 0.104201 0.989083 
						-0.628685 0.777660 -0.000000 -0.563834 0.825888 -0.000000 0.104446 0.180907 0.977938 0.110654 0.191659 0.975204 -0.763869 0.645371 -0.000000 -0.714923 0.699203 -0.000000 0.078821 0.294162 0.952500 0.081137 0.302801 0.949594 -0.851337 0.524619 -0.000030 -0.824998 0.565135 -0.000029 0.000000 0.339780 0.940505 0.000000 0.343979 0.938977 -0.883610 0.468224 -0.000016 -0.868330 0.495986 -0.000015 0.000000 0.333773 -0.942653 -0.079053 0.295045 -0.952208 -0.077495 0.289231 -0.954117 0.000000 0.330388 -0.943845 0.829176 0.558988 -0.000015 0.865152 0.501510 0.000015 0.871543 0.490320 0.000015 0.844636 0.535341 -0.000015 -0.119173 0.206411 -0.971181 -0.114623 0.198530 -0.973369 0.724597 0.689173 -0.000000 0.759763 0.650200 -0.000000 -0.119505 0.119503 -0.985615 -0.112370 0.112369 -0.987292 0.577562 0.816347 -0.000000 0.629587 0.776930 0.000000 -0.081959 0.047320 -0.995512 -0.073103 0.042207 -0.996431 0.400826 0.916154 0.000004 0.466764 0.884382 0.000004 -0.026392 0.007071 -0.999627 -0.018494 0.004955 -0.999817 0.200589 0.979675 0.000001 0.278043 0.960569 0.000002 0.018550 0.000000 -0.999828 0.023856 0.000000 -0.999715 -0.016174 0.999869 0.000000 0.069489 0.997583 -0.000000 0.044896 0.012030 -0.998919 0.049259 0.013199 -0.998699 -0.239075 0.971001 0.000002 -0.151616 0.988440 0.000001 0.068815 0.039728 -0.996838 0.074883 0.043231 -0.996255 -0.445456 0.895304 0.000004 -0.365616 0.930766 0.000003 0.097260 0.097253 -0.990496 0.105133 0.105125 -0.988886 -0.617682 0.786428 -0.000000 -0.551111 0.834432 -0.000000 0.112171 0.194275 -0.974513 0.118586 0.205386 -0.971470 -0.753313 0.657663 -0.000000 -0.703132 0.711059 -0.000000 0.025772 0.096181 0.995030 0.026631 0.099388 0.994692 0.000000 0.101128 0.994874 0.000000 0.101153 0.994871 0.000000 0.118284 -0.992980 0.000000 0.098712 -0.995116 
						-0.023761 0.088677 -0.995777 -0.029098 0.108596 -0.993660 -0.038589 0.066838 -0.997017 -0.050194 0.086939 -0.994948 -0.040973 0.040973 -0.998320 -0.057830 0.057830 -0.996650 -0.033228 0.019184 -0.999264 -0.052289 0.030189 -0.998176 -0.016433 0.004403 -0.999855 -0.037504 0.010049 -0.999246 0.006783 0.000000 -0.999977 -0.014892 -0.000000 -0.999889 0.029954 0.008026 -0.999519 0.010776 0.002888 -0.999938 0.046743 0.026987 -0.998542 0.032641 0.018845 -0.999289 0.051112 0.051112 -0.997384 0.043209 0.043209 -0.998131 0.042002 0.072750 -0.996465 0.038442 0.066583 -0.997040 0.022057 0.082318 -0.996362 0.021593 0.080585 -0.996514 -0.000000 0.081679 -0.996659 -0.000000 0.083652 -0.996495 -0.000000 0.094785 0.995498 -0.000000 0.087231 0.996188 -0.021592 0.080582 0.996514 -0.024525 0.091528 0.995500 -0.035735 0.061894 0.997443 -0.045042 0.078015 0.995934 -0.036722 0.036722 0.998651 -0.053345 0.053345 0.997150 -0.024888 0.014369 0.999587 -0.046457 0.026822 0.998560 -0.004053 0.001086 0.999991 -0.026865 0.007199 0.999613 0.021144 -0.000000 0.999776 -0.000740 0.000000 1.000000 0.044627 0.011958 0.998932 0.026621 0.007133 0.999620 0.057965 0.033466 0.997758 0.046622 0.026917 0.998550 0.053744 0.053744 0.997107 0.057990 0.057990 0.996632 0.049593 0.085898 0.995069 0.045677 0.079115 0.995819 0.923879 -0.382684 -0.000000 1.000000 -0.000000 -0.000000 1.000000 -0.000000 0.000000 0.925541 -0.378648 -0.000415 0.602771 -0.325639 -0.728441 0.998830 0.004744 0.048125 0.999901 -0.005447 -0.012998 0.509982 -0.519014 -0.685961 -0.707107 0.707107 0.000000 -0.923879 0.382684 0.000000 -0.922041 0.387092 -0.000450 -0.700855 0.713303 -0.000629 0.707107 -0.707107 -0.000000 0.712895 -0.701270 -0.000608 -0.382684 0.923879 0.000000 -0.372101 0.928192 -0.000426 0.382684 -0.923879 -0.000000 0.392829 -0.919611 -0.000458 
						0.000000 1.000000 0.000000 0.012184 0.999926 0.000031 0.000000 -1.000000 -0.000000 0.012184 -0.999926 -0.000031 0.382684 0.923879 0.000000 0.392829 0.919611 0.000458 -0.382684 -0.923879 -0.000000 -0.372102 -0.928192 0.000426 0.707107 0.707107 0.000000 0.712896 0.701270 0.000608 -0.707106 -0.707107 -0.000000 -0.700855 -0.713303 0.000629 0.923880 0.382684 0.000000 0.925541 0.378647 0.000415 -0.923879 -0.382684 -0.000000 -0.922041 -0.387092 0.000450 -1.000000 -0.000000 0.000000 -0.999810 0.001914 0.019416 -1.000000 -0.000000 -0.000000 -0.999810 -0.001914 -0.019416 0.411892 0.592973 -0.691902 0.312667 0.678139 -0.665106 0.274008 0.686610 -0.673414 0.367511 0.616365 -0.696441 0.562430 0.443657 -0.697740 0.514886 0.494665 -0.700142 0.681410 0.217147 -0.698948 0.651712 0.291841 -0.700072 0.712777 -0.056857 -0.699083 0.713678 0.026664 -0.699966 0.638160 -0.322268 -0.699210 0.670543 -0.245957 -0.699912 0.471841 -0.536748 -0.699477 0.529227 -0.479810 -0.699787 0.241092 -0.672429 -0.699796 0.316815 -0.640652 -0.699423 -0.038419 -0.713407 -0.699696 0.047073 -0.713142 -0.699437 -0.314442 -0.641729 -0.699507 -0.237163 -0.673937 -0.699687 -0.531135 -0.477800 -0.699716 -0.472846 -0.535806 -0.699520 -0.672653 -0.240512 -0.699779 -0.640750 -0.316603 -0.699430 -0.713632 0.028999 -0.699920 -0.712992 -0.051309 -0.699293 -0.654758 0.284720 -0.700161 -0.682751 0.213452 -0.698777 -0.520142 0.489271 -0.700048 -0.564736 0.441047 -0.697531 -0.373133 0.613515 -0.695968 -0.411056 0.593433 -0.692005 -0.290761 0.683089 -0.669961 -0.317261 0.677051 -0.664039 0.383329 0.923612 0.000000 0.486269 0.873809 0.000000 0.559002 0.829167 -0.000000 0.434352 0.900743 -0.000000 0.030161 -0.000000 -0.999545 0.030053 -0.000000 -0.999548 0.026599 -0.011018 -0.999586 0.027781 -0.011507 -0.999548 0.017838 -0.017838 -0.999682 0.019795 -0.019795 -0.999608 
						0.715684 0.698425 -0.000000 0.792821 0.609454 -0.000000 -0.025985 -0.010764 -0.999604 -0.028427 -0.011775 -0.999527 -0.030145 -0.000000 -0.999546 -0.029954 -0.000000 -0.999551 -0.551313 0.834298 -0.000000 -0.441326 0.897347 -0.000000 -0.413128 0.910673 -0.000000 -0.496837 0.867844 -0.000000 0.007875 -0.019013 -0.999788 0.009111 -0.021996 -0.999717 0.910181 0.414211 -0.000000 0.954001 0.299804 -0.000000 0.000000 -0.015788 -0.999875 0.000000 -0.019274 -0.999814 0.997913 0.064566 0.000000 0.998140 -0.060965 0.000000 -0.004239 -0.010234 -0.999939 -0.005632 -0.013598 -0.999892 0.951186 -0.308618 0.000000 0.903915 -0.427711 0.000000 -0.004636 -0.004636 -0.999978 -0.007261 -0.007261 -0.999947 0.764575 -0.644534 0.000000 0.673154 -0.739503 0.000000 -0.002106 -0.000872 -0.999997 -0.005545 -0.002297 -0.999982 0.452497 -0.891766 0.000000 0.326942 -0.945044 0.000000 0.001904 -0.000000 -0.999998 -0.001957 -0.000000 -0.999998 0.059681 -0.998217 0.000000 -0.078842 -0.996887 0.000000 0.005761 -0.002386 -0.999981 0.001885 -0.000781 -0.999998 -0.342214 -0.939622 0.000000 -0.467618 -0.883931 0.000000 0.007531 -0.007531 -0.999943 0.004375 -0.004375 -0.999981 -0.680650 -0.732608 0.000000 -0.770496 -0.637445 0.000000 0.005797 -0.013994 -0.999885 0.003979 -0.009606 -0.999946 -0.902216 -0.431283 0.000000 -0.949126 -0.314896 0.000000 0.000000 -0.019899 -0.999802 0.000000 -0.014681 -0.999892 -0.997158 -0.075345 0.000000 -0.998767 0.049648 -0.000000 -0.009514 -0.022969 -0.999691 -0.007337 -0.017713 -0.999816 -0.954953 0.296756 -0.000000 -0.911761 0.410720 0.000000 -0.020738 -0.020738 -0.999570 -0.016854 -0.016854 -0.999716 -0.786149 0.618037 -0.000000 -0.714484 0.699652 -0.000000 -0.516633 -0.519780 -0.680382 -0.465439 -0.729484 -0.501218 -0.307243 -0.859206 -0.409105 -0.402027 -0.757005 -0.515091 -0.999657 0.002569 0.026064 -0.600956 -0.325052 -0.730201 
						1.000000 0.000000 0.000000 -0.999854 -0.006596 -0.015751 0.220499 -0.183792 -0.957915 0.049462 -0.096733 -0.994081 -0.025026 -0.382563 -0.923590 0.107523 -0.420208 -0.901035 0.571119 -0.633030 -0.522586 0.468028 -0.730668 -0.497066 0.290783 -0.373160 -0.881020 0.178073 -0.529851 -0.829185 0.287029 -0.771115 -0.568327 0.218537 -0.825569 -0.520267 0.218754 -0.590820 -0.776582 0.149736 -0.669376 -0.727677 -0.007144 -0.723566 -0.690218 -0.012354 -0.798050 -0.602464 0.007516 -0.748672 -0.662898 0.011898 -0.784888 -0.619524 -0.196940 -0.543734 -0.815823 -0.160596 -0.687856 -0.707858 -0.287176 -0.771431 -0.567824 -0.214243 -0.818733 -0.532706 -0.237841 -0.324495 -0.915497 -0.205631 -0.550408 -0.809177 -0.564872 -0.627936 -0.535366 -0.135600 -0.151139 -0.979168 -0.149834 -0.433542 -0.888589 -0.079219 -0.820494 -0.566139 -0.006484 -0.869690 -0.493556 -0.000604 -0.933077 -0.359675 -0.002962 -0.926428 -0.376461 -0.068611 -0.724757 -0.685580 -0.014784 -0.707028 -0.707031 0.997399 0.027848 0.066484 0.999973 -0.005196 -0.005113 1.000000 0.000000 0.000000 -0.432457 -0.642524 -0.632570 0.042349 -0.718460 -0.694278 0.403504 -0.756888 -0.514106 0.309051 -0.859619 -0.406869 0.076012 -0.755119 -0.651166 0.123516 -0.889809 -0.439300 0.067644 -0.805674 -0.588485 0.005826 -0.855597 -0.517610 -0.118850 -0.884547 -0.451056 -0.096441 -0.766660 -0.634769 -0.014433 -0.918351 -0.395503 -0.017415 -0.921026 -0.389112 -0.011135 -0.994748 -0.101749 -0.019993 -0.992828 -0.117871 0.000200 -0.926993 -0.375079 -0.021125 -0.943149 -0.331699 -0.003068 -0.925005 -0.379942 -0.125973 -0.958491 -0.255784 -0.005958 -0.924781 -0.380453 -0.311751 -0.920004 -0.237497 -0.012463 -0.923807 -0.382656 0.999769 0.015324 0.015089 0.999024 -0.040985 -0.016464 1.000000 0.000000 0.000000 -0.999206 -0.028391 -0.027954 1.000000 0.000000 0.000000 -0.995725 -0.085712 -0.034413 0.342368 -0.913297 -0.220618 
						0.130361 -0.959135 -0.251131 0.025554 -0.946789 -0.320839 -0.005269 -0.919221 -0.393706 -0.129568 -0.990583 -0.044234 -0.010630 -0.996085 -0.087754 0.027669 -0.997126 0.070521 0.133003 -0.990191 0.042805 0.025288 -0.997017 -0.072926 -0.011533 -0.992095 -0.124959 -0.015369 -0.990532 -0.136418 -0.000607 -0.989151 -0.146904 0.000637 -0.989502 -0.144520 0.018342 -0.989513 -0.143272 0.014916 -0.990965 -0.133287 0.027173 -0.991806 -0.124832 0.021707 -0.994128 -0.106013 0.006040 -0.995280 -0.096852 -0.992449 -0.113829 -0.045704 -0.998189 -0.059888 -0.005683 1.000000 0.000000 0.000000 0.991143 -0.123229 -0.049490 1.000000 0.000000 0.000000 0.997630 -0.068500 -0.006510 0.176091 -0.984080 -0.024050 -0.010802 -0.992328 0.123158 -0.000592 -0.988970 0.148113 -0.000680 -0.934190 0.356774 0.029186 -0.949666 0.311902 -0.010756 -0.994767 0.101597 0.006115 -0.995280 0.096851 0.001017 -0.995520 -0.094545 -0.012314 -0.994510 0.103909 -0.118512 -0.991741 0.049045 0.000027 -0.995521 -0.094545 0.000048 -0.994586 0.103917 0.022030 -0.994107 0.106144 -0.015857 -0.996467 0.082479 0.027541 -0.991751 0.125186 0.014029 -0.991269 0.131105 0.018419 -0.989486 0.143449 0.000630 -0.989417 0.145095 -0.015169 -0.990599 0.135953 -0.019909 -0.992839 0.117788 -0.025217 -0.946514 0.321676 -0.135621 -0.959852 0.245543 -0.311006 -0.860051 0.404460 -0.122284 -0.888426 0.442431 -0.004903 -0.919550 0.392942 -0.014615 -0.918280 0.395661 0.138348 -0.960203 0.242631 -0.016437 -0.921194 0.388757 0.317249 -0.918869 0.234590 -0.012003 -0.923813 0.382656 -0.999778 -0.020963 0.002190 -0.989913 0.129561 -0.057322 -0.913964 -0.041779 -0.403639 0.999666 0.025714 -0.002687 0.359890 -0.853192 0.377547 -0.005918 -0.924774 0.380472 -0.314502 -0.919429 0.236091 -0.002933 -0.924957 0.380059 -0.004413 -0.927657 0.373406 0.000249 -0.927747 0.373209 -0.013891 -0.707038 0.707039 
						0.043204 -0.718671 0.694006 0.110062 -0.421028 0.900345 -0.023093 -0.382579 0.923634 -0.097290 -0.767127 0.634075 -0.081463 -0.823293 0.561740 0.005984 -0.859024 0.511901 -0.006538 -0.870821 0.491557 0.069202 -0.807701 0.585517 0.127496 -0.894180 0.429171 0.076357 -0.755318 0.650895 0.315858 -0.861106 0.398411 0.403720 -0.756850 0.513992 -0.995282 -0.088724 0.039273 -0.999893 -0.010078 0.010590 1.000000 0.000000 0.000000 0.996203 -0.079621 0.035222 1.000000 0.000000 0.000000 0.999992 0.002828 -0.002981 -0.069397 -0.724934 0.685314 -0.412081 -0.756189 0.508298 0.219066 -0.826393 0.518734 -0.012387 -0.798969 0.601245 -0.007159 -0.724559 0.689176 0.286741 -0.770483 0.569329 -0.999168 -0.028129 0.029539 -0.997954 0.023466 -0.059470 1.000000 0.000000 0.000000 0.485235 -0.515857 0.706002 0.992860 -0.043781 0.110956 -0.149532 -0.433447 0.888687 -0.502688 -0.518115 0.691998 -0.466513 -0.729966 0.499515 -0.204740 -0.549753 0.809848 -0.214923 -0.819810 0.530772 -0.161892 -0.690033 0.705440 0.011964 -0.786749 0.617158 0.151050 -0.671627 0.725329 0.180344 -0.531568 0.827594 0.470232 -0.731651 0.493527 -0.036600 0.015638 -0.999208 -0.049326 0.050149 -0.997523 -0.000000 0.000002 -1.000000 -0.000000 0.000002 -1.000000 0.219181 -0.591733 0.775765 0.292162 -0.374421 0.880029 0.572522 -0.634166 0.519666 0.222652 -0.184608 0.957259 0.575201 -0.316584 0.754267 0.051096 -0.096724 0.993999 -0.995872 -0.033313 0.084430 -0.999996 -0.000252 0.002695 -0.582050 -0.318854 0.748031 0.999991 0.000391 -0.004172 -0.134524 -0.150719 0.979381 -0.566477 -0.629245 0.532123 -0.236084 -0.322872 0.916525 -0.287532 -0.772193 0.566608 -0.197527 -0.545006 0.814832 0.007526 -0.749232 0.662265 0.002423 0.000030 -0.999997 -0.033460 0.013414 -0.999350 -0.000000 0.000001 -1.000000 -0.000000 0.000001 -1.000000 -0.002424 0.000032 -0.999997 
						-0.000000 0.000003 -1.000000 0.036600 0.015637 -0.999208 -0.000000 0.000001 -1.000000 0.033460 0.013415 -0.999350 -0.000001 0.000002 -1.000000 0.049326 0.050148 -0.997523 -0.000000 0.000001 -1.000000 0.049342 0.048479 -0.997605 -0.000001 0.000001 -1.000000 0.034099 0.083360 -0.995936 0.000000 0.000001 -1.000000 0.035373 0.084247 -0.995817 -0.000001 0.000001 -1.000000 -0.000000 0.096851 -0.995299 0.000000 0.000002 -1.000000 -0.035381 0.084262 -0.995815 -0.000000 0.093474 -0.995622 -0.000000 0.000001 -1.000000 -0.000000 0.000001 -1.000000 -0.000000 0.093474 -0.995622 -0.000002 0.000001 -1.000000 -0.034099 0.083359 -0.995936 -0.000000 0.000001 -1.000000 -0.049343 0.048478 -0.997605 -0.000000 0.000001 -1.000000 -1.000000 -0.000000 -0.000000 -0.923879 -0.382684 -0.000000 -0.923879 -0.382684 -0.000000 -1.000000 0.000000 -0.000000 -0.443373 -0.896338 -0.000001 -0.498751 -0.866745 -0.000001 -0.754817 -0.655936 0.000003 -0.693147 -0.720796 0.000003 -0.923879 0.382684 0.000000 -1.000000 -0.000000 0.000000 -1.000000 0.000000 0.000000 -0.923879 0.382684 0.000000 0.496897 0.867810 0.000001 0.450252 0.892902 0.000001 0.342719 0.939438 -0.000000 0.369949 0.929052 -0.000000 1.000000 -0.000000 0.000000 0.923879 0.382684 0.000000 0.923879 0.382684 0.000000 1.000000 0.000000 -0.000000 0.998882 0.047267 0.000001 0.998775 -0.049477 0.000001 0.906629 -0.421928 0.000006 0.942706 -0.333624 0.000007 -0.707107 -0.707107 -0.000000 -0.707107 -0.707107 -0.000000 0.746856 0.664986 0.000004 0.688141 0.725577 0.000004 0.707107 0.707107 0.000000 0.707106 0.707107 0.000000 0.501157 -0.865356 0.000000 0.454620 -0.890685 0.000000 0.347394 -0.937719 0.000001 0.374471 -0.927239 0.000001 -0.382684 -0.923879 -0.000000 -0.382684 -0.923879 -0.000000 -0.902878 0.429897 0.000004 -0.939522 0.342488 0.000004 -0.999234 -0.039138 0.000001 
						-0.998279 0.058641 0.000001 0.382684 0.923879 0.000000 0.382684 0.923879 0.000000 0.376061 0.926595 -0.000002 0.463744 0.885969 -0.000002 0.756175 0.654370 0.000002 0.690844 0.723004 0.000002 0.000000 -1.000000 -0.000008 0.000000 -1.000000 -0.000000 -0.327400 0.944886 -0.000000 -0.365228 0.930918 -0.000000 -0.494870 0.868967 0.000001 -0.439464 0.898260 0.000001 0.000000 1.000000 0.000000 0.000000 1.000000 0.000000 -0.925945 0.377660 0.000005 -0.882988 0.469396 0.000005 -0.639979 0.768392 0.000001 -0.712627 0.701543 0.000001 0.382684 -0.923879 -0.000008 0.382684 -0.923879 -0.000000 -0.752807 -0.658242 0.000004 -0.686965 -0.726691 0.000004 -0.361130 -0.932515 0.000001 -0.449344 -0.893359 0.000001 -0.382684 0.923879 0.000000 -0.382684 0.923879 0.000000 0.682436 -0.730945 0.000001 0.753069 -0.657942 0.000001 0.945949 -0.324317 -0.000001 0.909311 -0.416118 -0.000001 0.707107 -0.707107 -0.000000 0.707107 -0.707107 -0.000000 -0.943878 -0.330294 0.000004 -0.906499 -0.422208 0.000004 -0.707107 0.707107 0.000000 -0.707107 0.707107 0.000000 0.692769 -0.721160 0.000004 0.751796 -0.659395 0.000004 0.923879 -0.382684 -0.000000 0.923879 -0.382684 -0.000000 0.936877 0.349658 0.000004 0.899701 0.436506 0.000004 -0.689789 0.724010 0.000005 -0.751197 0.660078 0.000005 0.943802 0.330513 0.000004 0.907871 0.419249 0.000004 -0.001321 0.999999 -0.000000 -0.001321 0.999999 -0.000000 -0.001321 0.999999 -0.000000 -0.001321 0.999999 -0.000000 0.000000 0.999999 -0.001321 0.000000 0.999999 -0.001320 0.000000 0.999999 -0.001319 0.000000 0.999999 -0.001320 -0.004543 0.000000 -0.999990 -0.003839 0.000000 -0.999993 -0.000970 -0.000402 -0.999999 -0.003288 -0.001362 -0.999994 -0.015499 -0.006420 -0.999859 0.020512 0.008499 -0.999753 0.003058 0.003058 -0.999991 0.003076 0.003076 -0.999991 0.001088 0.001087 -0.999999 
						-0.000380 -0.000380 -1.000000 0.001616 0.003900 -0.999991 0.001646 0.003972 -0.999991 0.000371 0.000895 -1.000000 0.000614 0.001481 -0.999999 0.000000 0.004326 -0.999991 0.000000 0.004206 -0.999991 0.000000 0.000028 -1.000000 0.000000 0.000735 -1.000000 -0.001707 0.004121 -0.999990 -0.001656 0.004000 -0.999991 -0.000106 0.000257 -1.000000 -0.000029 0.000073 -1.000000 -0.003205 0.003205 -0.999990 -0.003132 0.003132 -0.999990 -0.000237 0.000238 -1.000000 -0.000196 0.000197 -1.000000 -0.004257 0.001764 -0.999989 -0.004173 0.001729 -0.999990 -0.019753 0.008182 -0.999771 0.016209 -0.006715 -0.999846 0.997745 0.067116 0.000001 0.999503 -0.031529 0.000001 -0.331772 -0.943360 -0.000001 -0.369503 -0.929230 -0.000001 0.024886 -0.999690 0.000000 -0.072520 -0.997367 0.000000 -0.999605 -0.028092 0.000001 -0.997093 0.076191 0.000001 0.413392 -0.910553 0.000001 0.317447 -0.948276 0.000001 -0.004044 0.999992 0.000000 0.095637 0.995416 -0.000000 -0.907371 -0.420331 0.000004 -0.943558 -0.331206 0.000004 -0.392109 0.919919 -0.000001 -0.297962 0.954578 -0.000001 0.043012 -0.008557 -0.999038 -0.010263 0.002041 -0.999945 0.047608 0.009474 -0.998821 -0.005755 -0.001144 -0.999983 -0.137835 -0.000001 -0.990455 -0.106078 -0.000001 -0.994358 0.134045 0.000004 -0.990975 0.109761 0.000004 -0.993958 0.129420 -0.000001 -0.991590 0.105023 -0.000001 -0.994470 -0.142556 0.000004 -0.989787 -0.110800 0.000004 -0.993843 -0.001318 0.999999 -0.000000 -0.001318 0.999999 -0.000000 -0.001318 0.999999 -0.000000 -0.001318 0.999999 -0.000000 -0.000000 0.999999 0.001316 -0.000000 0.999999 0.001317 -0.000000 0.999999 0.001318 -0.000000 0.999999 0.001317 0.001319 0.999999 0.000000 0.001316 0.999999 -0.000000 0.001316 0.999999 0.000000 0.001318 0.999999 0.000000 0.001316 0.999999 0.000000 0.001316 0.999999 0.000000 -0.908549 0.376334 0.181415 
						-0.979455 0.000000 0.201665 -0.912522 0.012110 0.408848 -0.859090 0.381762 0.340914 0.694831 -0.694831 -0.185526 0.907777 -0.376013 -0.185890 0.848347 -0.355330 -0.392490 0.660516 -0.679897 -0.318526 -0.698739 0.698741 0.153377 -0.667926 0.703482 0.242876 0.376388 -0.908683 -0.180630 0.365557 -0.913274 -0.179718 -0.379955 0.917290 0.119221 -0.364559 0.922132 0.129494 -0.000000 -0.983508 -0.180865 -0.014745 -0.988628 -0.149656 0.000000 0.999903 0.013944 0.000850 0.999962 0.008732 -0.374230 -0.903473 0.209015 0.000000 -0.979329 0.202276 0.016894 -0.985046 0.171463 -0.357890 -0.905995 0.226026 0.380872 0.919505 -0.097196 0.366519 0.923339 -0.114492 -0.690630 -0.690631 0.214614 -0.647829 -0.671447 0.359828 0.701044 0.701046 -0.130658 0.672254 0.705896 -0.223126 -0.902708 -0.373914 0.212852 -0.834987 -0.351185 0.423634 0.912313 0.377893 -0.157741 0.867804 0.384359 -0.314934 0.984280 0.000000 -0.176617 0.925636 0.012195 -0.378218 -0.925272 0.379277 0.004605 -0.999997 -0.001444 0.001806 -0.999998 -0.001390 0.001739 -0.925260 0.379306 0.004564 -0.711363 0.702784 0.007589 -0.711050 0.703106 0.007028 -0.409160 0.911736 0.036415 -0.411241 0.910678 0.039326 -0.099169 0.987306 0.124066 -0.103658 0.986123 0.129681 0.397845 0.917219 -0.020711 0.118375 0.981863 -0.148093 0.121648 0.980837 -0.152188 0.398823 0.916763 -0.022060 0.712326 0.701786 -0.009324 0.712064 0.702059 -0.008851 0.925485 0.378747 -0.005319 0.925480 0.378760 -0.005301 1.000000 -0.000584 -0.000731 1.000000 -0.000500 -0.000626 0.924487 -0.381207 0.001997 0.924577 -0.380987 0.002294 0.708114 -0.706095 0.001787 0.708191 -0.706018 0.001922 0.384125 -0.923279 0.001956 0.384213 -0.923242 0.002074 -0.000350 -1.000000 -0.000438 -0.000357 -1.000000 -0.000447 -0.383742 -0.923439 -0.001436 -0.383819 -0.923407 -0.001539 -0.708600 -0.705605 -0.002650 
						-0.708692 -0.705512 -0.002812 -0.924505 -0.381165 -0.002055 -0.924593 -0.380949 -0.002346 -1.000000 -0.000785 -0.000000 -0.925269 0.379312 0.000001 -0.925479 0.378800 0.000001 -1.000000 -0.000998 -0.000000 -0.999969 0.000000 0.007913 -0.999998 0.000000 0.002008 -0.923860 0.382675 0.006572 -0.923847 0.382670 0.008405 -0.707052 0.707053 0.012350 -0.707079 0.707079 0.008862 -0.708995 0.705214 0.000001 -0.710152 0.704048 0.000001 -0.923854 -0.382673 0.007475 -0.923878 -0.382683 -0.001520 -0.925649 -0.378384 -0.000001 -0.925480 -0.378798 -0.000001 -0.382535 0.923522 0.027820 -0.382667 0.923839 0.009342 -0.427917 0.903818 -0.000000 -0.426530 0.904473 -0.000000 0.000000 0.999176 0.040597 0.000000 0.999943 0.010646 -0.270473 0.962728 0.000000 -0.266736 0.963770 -0.000000 0.000000 0.999956 -0.009349 0.000000 0.999228 -0.039284 0.382528 0.923504 -0.028524 0.382665 0.923834 -0.009878 0.280778 0.959773 -0.000000 0.418713 0.908118 0.000001 0.418690 0.908129 0.000001 0.277679 0.960674 -0.000000 0.707050 0.707051 -0.012650 0.707077 0.707078 -0.009068 0.710376 0.703822 -0.000000 0.711419 0.702768 -0.000000 0.923859 0.382675 -0.006581 0.923846 0.382670 -0.008528 0.925780 0.378063 -0.000001 0.925944 0.377662 -0.000001 0.999998 0.000000 -0.002120 0.999968 0.000000 -0.008055 1.000000 -0.000209 0.000000 1.000000 -0.000463 0.000000 0.923879 -0.382683 0.001418 0.923853 -0.382673 -0.007560 0.925699 -0.378261 0.000001 0.925518 -0.378704 0.000001 0.707105 -0.707106 0.002157 0.707088 -0.707089 -0.007138 0.709979 -0.704223 0.000001 0.709671 -0.704533 0.000001 0.382683 -0.923878 0.001662 0.382675 -0.923858 -0.006777 0.387527 -0.921858 0.000000 0.386697 -0.922207 0.000000 0.000000 -1.000000 0.000290 0.000000 -1.000000 0.000153 -0.002066 -0.999998 0.000000 -0.001892 -0.999998 0.000000 -0.382683 -0.923878 -0.001635 
						-0.382675 -0.923858 0.006754 -0.386090 -0.922461 0.000001 -0.385374 -0.922760 0.000001 -0.707105 -0.707105 -0.002294 -0.707088 -0.707089 0.007108 -0.710256 -0.703944 -0.000000 -0.709955 -0.704247 -0.000000 0.848897 0.024046 -0.528011 0.789595 -0.356911 -0.499154 0.785728 0.399361 -0.472380 -0.830067 0.023894 0.557151 -0.773346 0.397895 0.493575 0.623581 -0.691127 -0.365364 -0.597720 0.714748 0.363134 0.357140 -0.920101 -0.160825 -0.324003 0.925837 0.194545 1.000000 0.000000 0.000000 0.001644 0.999991 0.003968 1.000000 0.000000 0.000000 -0.333739 -0.917861 0.214824 0.327599 0.926264 -0.186316 -0.600355 -0.686802 0.409728 0.603739 0.715720 -0.351061 -0.769769 -0.354509 0.530829 0.505344 0.718716 -0.477571 0.666836 0.402931 -0.626879 -0.682489 -0.361310 0.635346 -0.717981 0.024369 0.695636 0.741052 0.024342 -0.671006 0.711169 -0.360463 -0.603577 -0.654022 0.403073 0.640147 0.572726 -0.691482 -0.440269 -0.500408 0.718799 0.482618 0.340185 -0.916333 -0.211205 -0.267444 0.927272 0.261993 -0.000363 -1.000000 -0.000895 0.045570 -0.997846 0.047195 0.002780 0.999992 0.002779 0.029050 -0.997046 0.071104 0.002439 -0.999994 0.002522 1.000000 0.000000 0.000000 0.273434 0.927208 -0.255968 -0.299925 -0.919672 0.253472 -0.538529 -0.693899 0.478007 0.054964 -0.996864 0.056925 0.004198 -0.999989 0.001853 -0.149812 -0.920167 0.361731 0.006125 0.999978 0.002537 0.211268 0.924734 -0.316595 -0.274936 -0.911498 0.305910 -0.491093 -0.673815 0.552089 0.391791 0.711885 -0.582855 -0.587089 -0.348800 0.730524 0.527824 0.394956 -0.751939 -0.585450 0.023714 0.810362 0.611864 0.023516 -0.790613 0.621654 -0.344276 -0.703577 -0.508203 0.396728 0.764419 0.530086 -0.665021 -0.526076 -0.379598 0.713199 0.589281 0.327167 -0.902492 -0.280126 -0.198137 0.925627 0.322424 -0.002439 -0.999994 -0.002530 0.133405 -0.989311 0.058881 
						-0.375074 0.377857 0.846489 -0.266537 0.700184 0.662345 0.488739 -0.635135 -0.598112 0.372849 -0.868211 -0.327404 -0.134030 0.921725 0.363949 -0.004197 -0.999990 -0.001853 0.355100 -0.934093 0.037067 0.010422 0.999945 0.001014 0.073276 -0.996787 0.032342 0.020544 -0.999787 0.002144 1.000000 0.000000 0.000000 0.154462 0.919645 -0.361102 -0.322189 -0.883885 0.339029 -0.456249 -0.645805 0.612187 0.288227 0.696769 -0.656840 -0.491000 -0.340520 0.801851 0.399569 0.374705 -0.836625 -0.458133 0.011940 0.888804 0.480558 0.011850 -0.876883 0.519085 -0.335336 -0.786194 0.408996 -0.843074 -0.349212 0.399485 -0.916740 0.000000 -0.194707 0.693573 0.693575 -0.100624 0.919191 0.380741 0.406041 -0.646193 -0.646193 -0.272548 0.368196 0.888904 0.388291 -0.352657 -0.851389 -0.325323 -0.000000 0.945603 0.298787 0.365202 -0.881677 0.353234 0.000000 -0.935535 -0.353010 -0.358046 0.864400 0.218610 0.690003 -0.690005 -0.366407 -0.657931 0.657931 0.123423 0.916816 -0.379757 -0.372494 -0.857392 0.355143 0.012602 0.999921 -0.000000 -0.344463 -0.938111 -0.035956 -0.390360 -0.920662 0.000000 -0.061768 0.937250 0.343144 0.007318 0.999961 0.004947 0.007137 0.999963 0.004824 -0.062664 0.937358 0.342684 -0.292525 -0.935592 0.197732 -0.298086 -0.783510 0.545212 -0.311410 -0.774031 0.551271 -0.311741 -0.926506 0.210721 0.080920 0.940400 -0.330302 0.081337 0.940415 -0.330157 -0.259574 -0.541567 0.799579 -0.264398 -0.537567 0.800697 0.138994 0.765091 -0.628742 0.139161 0.764991 -0.628827 -0.233493 -0.210675 0.949261 -0.237451 -0.207280 0.949027 0.189962 0.497744 -0.846265 0.189722 0.497439 -0.846498 -0.202898 0.147744 0.967990 -0.206896 0.150655 0.966694 0.223709 0.162898 -0.960947 0.251698 -0.195888 -0.947774 0.250811 -0.196414 -0.947901 0.223100 0.162454 -0.961163 -0.174368 0.489067 0.854640 -0.177918 0.490882 0.852866 
						0.279177 -0.525975 -0.803375 0.277825 -0.526856 -0.803266 -0.121935 0.759017 0.639551 -0.123561 0.759448 0.638726 0.299687 -0.782398 -0.545932 0.296074 -0.784823 -0.544419 0.359219 -0.901113 -0.242811 0.353028 -0.904670 -0.238627 0.000001 -0.785003 -0.619492 -0.000001 -0.675801 -0.737085 -0.000001 -0.694992 -0.719017 0.000001 -0.796472 -0.604675 0.347569 -0.937654 -0.000000 0.333957 -0.870838 -0.360713 0.291589 -0.883731 -0.366054 0.299336 -0.954148 -0.000000 -0.000000 -0.386280 -0.922382 -0.000000 -0.418066 -0.908417 0.312655 -0.671657 -0.671657 0.282136 -0.678380 -0.678380 -0.000001 0.956768 0.290852 -0.000001 0.826183 0.563403 -0.000001 0.804583 0.593839 -0.000001 0.951352 0.308107 -0.067098 0.921798 0.381820 -0.130674 0.701044 0.701044 -0.146796 0.699447 0.699446 -0.098065 0.919427 0.380838 -0.000001 0.613451 0.789733 -0.000001 0.570419 0.821353 -0.187973 0.375862 0.907411 -0.187331 0.375908 0.907524 0.000001 -0.035533 -0.999369 0.000000 -0.070016 -0.997546 0.284336 -0.366888 -0.885746 0.265264 -0.368974 -0.890782 -0.000001 0.324166 0.946000 -0.000001 0.259390 0.965773 -0.232433 0.000000 0.972612 -0.218659 0.000000 0.975801 0.000001 0.313248 -0.949671 0.000001 0.282793 -0.959181 0.250913 0.000000 -0.968010 0.241489 0.000000 -0.970404 0.000001 0.612038 -0.790828 0.000001 0.588631 -0.808402 0.206515 0.374434 -0.903964 0.209194 0.374216 -0.903438 -0.000001 -0.016946 0.999856 -0.000000 -0.097859 0.995200 -0.266953 -0.368796 0.890352 -0.242375 -0.371273 0.896332 0.000000 0.828681 -0.559721 0.000000 0.814709 -0.579869 0.149955 0.699111 -0.699111 0.168596 0.696985 -0.696985 0.000001 -0.367300 0.930103 0.000001 -0.448117 0.893975 -0.296322 -0.675349 0.675349 -0.258692 -0.683037 0.683037 0.000001 0.959732 -0.280917 0.000001 0.955561 -0.294795 0.086562 0.920412 -0.381246 0.120321 0.917168 -0.379902 
						0.000001 -0.678585 0.734522 0.000001 -0.729449 0.684035 -0.318520 -0.875760 0.362752 -0.267438 -0.890227 0.368745 0.000000 0.999977 0.006828 0.000000 0.999977 0.006763 0.013816 0.999905 -0.000000 0.015468 0.999880 -0.000000 -0.000001 -0.811546 0.584288 -0.000001 -0.839901 0.542740 -0.321892 -0.946777 -0.000000 -0.263996 -0.964524 -0.000000 
					</float_array>
					<technique_common>
						<accessor count="3852" offset="0" source="#meshId0-tangents-array" stride="3">
							<param name="X" type="float" />
							<param name="Y" type="float" />
							<param name="Z" type="float" />
						</accessor>
					</technique_common>
				</source>
				<source id="meshId0-bitangents" name="meshId0-bitangents">
					<float_array id="meshId0-bitangents-array" count="11556"> 
						1.000000 0.000000 0.000000 1.000000 0.000000 0.000000 0.980785 -0.195090 0.000000 0.980785 -0.195090 0.000000 0.923880 -0.382683 0.000000 0.923880 -0.382683 0.000000 0.831470 -0.555570 0.000000 0.831470 -0.555570 0.000000 0.707107 -0.707107 0.000000 0.707107 -0.707107 0.000000 0.555570 -0.831470 -0.000000 0.555570 -0.831470 0.000000 0.382684 -0.923880 0.000000 0.382684 -0.923879 -0.000000 0.195091 -0.980785 0.000000 0.195091 -0.980785 0.000000 0.000000 -1.000000 -0.000000 0.000000 -1.000000 0.000000 0.000000 1.000000 0.000000 0.000000 1.000000 0.000000 0.195091 0.980785 -0.000000 0.195091 0.980785 0.000000 0.382684 0.923879 -0.000000 0.382684 0.923879 -0.000000 0.555570 0.831470 0.000000 0.555570 0.831470 -0.000000 0.707107 0.707107 0.000000 0.707107 0.707107 0.000000 0.831470 0.555570 0.000000 0.831470 0.555570 0.000000 0.923880 0.382683 0.000000 0.923880 0.382683 0.000000 0.980785 0.195090 -0.000000 0.980785 0.195090 0.000000 1.000000 0.000000 0.000000 1.000000 0.000000 0.000000 0.980785 -0.195090 0.000000 0.980785 -0.195090 0.000000 0.923880 -0.382683 0.000000 0.923880 -0.382683 0.000000 0.831470 -0.555570 -0.000000 0.831470 -0.555570 0.000000 0.707107 -0.707107 -0.000000 0.707107 -0.707107 -0.000000 0.555570 -0.831470 0.000000 0.555570 -0.831470 -0.000000 0.382684 -0.923879 0.000000 0.382684 -0.923880 0.000000 0.195091 -0.980785 0.000000 0.195091 -0.980785 0.000000 0.000000 -1.000000 0.000000 0.000000 -1.000000 0.000000 0.000000 1.000000 0.000000 0.000000 1.000000 0.000000 0.195091 0.980785 0.000000 0.195091 0.980785 0.000000 0.382684 0.923879 0.000000 0.382684 0.923879 0.000000 0.555570 0.831470 0.000000 0.555570 0.831470 0.000000 0.707107 0.707107 0.000000 0.707107 0.707107 0.000000 0.831470 0.555570 0.000000 0.831469 0.555570 0.000000 
						0.923880 0.382683 0.000000 0.923880 0.382683 0.000000 -0.234936 -0.972011 0.000000 -0.144850 -0.989454 0.000000 -0.131666 -0.991294 0.000000 -0.214472 -0.976730 0.000000 0.980785 0.195090 0.000000 0.980785 0.195090 0.000000 -0.098017 -0.995185 0.000000 -0.098017 -0.995185 0.000000 -0.098017 -0.995185 0.000000 -0.098017 -0.995185 0.000000 -0.098019 -0.995184 0.000000 -0.098016 -0.995185 0.000000 -0.098018 -0.995185 0.000000 -0.098018 -0.995185 0.000000 -0.098016 -0.995185 0.000000 -0.098018 -0.995185 0.000000 -0.098016 -0.995185 0.000000 -0.098018 -0.995185 0.000000 -0.098018 -0.995185 0.000000 -0.098015 -0.995185 0.000000 -0.098016 -0.995185 0.000000 -0.098019 -0.995185 0.000000 -0.098019 -0.995185 0.000000 -0.098016 -0.995185 0.000000 -0.098015 -0.995185 0.000000 -0.098018 -0.995185 0.000000 -0.098020 -0.995184 0.000000 -0.098016 -0.995185 0.000000 -0.098016 -0.995185 0.000000 -0.098016 -0.995185 0.000000 -0.098019 -0.995184 0.000000 -0.098013 -0.995185 0.000000 -0.098021 -0.995184 0.000000 -0.098015 -0.995185 0.000000 -0.098021 -0.995184 0.000000 -0.098024 -0.995184 0.000000 -0.098007 -0.995186 0.000000 -0.098017 -0.995185 0.000000 -0.980785 -0.195090 -0.001172 -0.980785 -0.195090 -0.000976 -1.000000 0.000000 0.000097 -1.000000 -0.000000 -0.000098 -0.923877 -0.382682 -0.002225 -0.923878 -0.382683 -0.002051 -0.831466 -0.555568 -0.003076 -0.831466 -0.555568 -0.002906 -0.707101 -0.707101 -0.004139 -0.707101 -0.707101 -0.003917 -0.555562 -0.831457 -0.005579 -0.555563 -0.831458 -0.005281 -0.382672 -0.923853 -0.007630 -0.382674 -0.923856 -0.007120 -0.195078 -0.980725 -0.011072 -0.195079 -0.980729 -0.010751 0.000000 -0.999940 -0.010961 0.000000 -0.999939 -0.010998 0.195079 -0.980729 0.010724 0.195078 -0.980725 0.011054 0.000000 -0.999940 0.010977 0.000000 -0.999939 0.011007 0.382674 -0.923856 0.007057 0.382672 -0.923853 0.007566 
						0.555562 -0.831458 0.005305 0.555562 -0.831457 0.005585 0.707101 -0.707101 0.004053 0.707100 -0.707100 0.004273 0.831466 -0.555568 0.002929 0.831466 -0.555567 0.003119 0.923878 -0.382683 0.001988 0.923877 -0.382682 0.002166 0.980785 -0.195090 0.000961 0.980785 -0.195090 0.001151 1.000000 -0.000000 -0.000098 1.000000 0.000000 0.000097 0.980785 0.195090 -0.001172 0.980785 0.195090 -0.000976 0.923877 0.382682 -0.002220 0.923878 0.382683 -0.002046 0.831466 0.555568 -0.003081 0.831466 0.555568 -0.002910 0.707101 0.707101 -0.004138 0.707101 0.707101 -0.003918 0.555562 0.831457 -0.005575 0.555563 0.831458 -0.005276 0.382672 0.923853 -0.007635 0.382674 0.923856 -0.007124 0.195078 0.980725 -0.011071 0.195079 0.980729 -0.010751 0.000000 0.999940 -0.010955 0.000000 0.999940 -0.010993 -0.195079 0.980729 0.010724 -0.195078 0.980725 0.011054 0.000000 0.999940 0.010978 0.000000 0.999939 0.011007 -0.382674 0.923856 0.007055 -0.382672 0.923853 0.007564 -0.555562 0.831458 0.005310 -0.555562 0.831457 0.005589 -0.707101 0.707101 0.004058 -0.707100 0.707100 0.004278 -0.831466 0.555568 0.002929 -0.831466 0.555567 0.003120 -0.923878 0.382683 0.001988 -0.923877 0.382682 0.002166 -0.980785 0.195090 0.000961 -0.980785 0.195090 0.001151 -0.980190 -0.198037 -0.003031 -0.999995 -0.002273 -0.002291 -0.999994 0.002350 0.002369 -0.981098 -0.193504 0.001630 -0.922444 -0.386114 -0.003750 -0.924223 -0.381852 0.000906 -0.829091 -0.559097 -0.004289 -0.831671 -0.555268 0.000366 -0.703634 -0.710546 -0.004930 -0.706924 -0.707289 -0.000263 -0.550600 -0.834748 -0.006003 -0.554502 -0.832182 -0.001294 -0.375065 -0.926961 -0.008283 -0.379387 -0.925231 -0.003591 -0.187732 -0.982191 -0.007553 -0.191060 -0.981570 -0.004140 -0.043016 -0.998133 0.043365 -0.045173 -0.997941 0.045540 0.191043 -0.981573 0.004157 0.045110 -0.997946 -0.045476 
						0.042753 -0.998156 -0.043101 0.187615 -0.982213 0.007673 0.379401 -0.925225 0.003575 0.375082 -0.926955 0.008265 0.554449 -0.832217 0.001359 0.550553 -0.834778 0.006058 0.706872 -0.707342 0.000337 0.703579 -0.710599 0.005006 0.831757 -0.555140 -0.000520 0.829176 -0.558972 0.004137 0.924274 -0.381727 -0.001042 0.922498 -0.385984 0.003608 0.981086 -0.193565 -0.001567 0.980178 -0.198092 0.003088 0.999995 0.002274 -0.002292 0.999994 -0.002350 0.002369 0.980187 0.198051 -0.003046 0.981095 0.193518 0.001615 0.922442 0.386117 -0.003753 0.924222 0.381855 0.000903 0.829083 0.559110 -0.004304 0.831663 0.555281 0.000350 0.703643 0.710537 -0.004916 0.706933 0.707281 -0.000250 0.550614 0.834739 -0.005986 0.554516 0.832172 -0.001278 0.375067 0.926961 -0.008281 0.379389 0.925230 -0.003588 0.187716 0.982194 -0.007569 0.191045 0.981573 -0.004155 0.043016 0.998133 0.043365 0.045173 0.997941 0.045540 -0.191036 0.981574 0.004165 -0.045094 0.997948 -0.045461 -0.042738 0.998157 -0.043085 -0.187607 0.982214 0.007681 -0.379402 0.925225 0.003574 -0.375082 0.926955 0.008265 -0.554449 0.832216 0.001358 -0.550554 0.834777 0.006057 -0.706872 0.707342 0.000337 -0.703579 0.710599 0.005007 -0.831759 0.555137 -0.000524 -0.829178 0.558969 0.004133 -0.924280 0.381714 -0.001057 -0.922504 0.385970 0.003593 -0.981086 0.193564 -0.001567 -0.980179 0.198091 0.003088 -0.980478 -0.196624 0.001576 -0.999995 -0.002302 0.002321 -0.999995 0.002251 -0.002269 -0.981359 -0.192158 -0.003012 -0.923615 -0.383320 0.000696 -0.925343 -0.379110 -0.003893 -0.831498 -0.555527 -0.000050 -0.834016 -0.551721 -0.004650 -0.707420 -0.706793 -0.000446 -0.710635 -0.703543 -0.005055 -0.556283 -0.830993 -0.000865 -0.560062 -0.828433 -0.005466 -0.384192 -0.923252 -0.001647 -0.388339 -0.921496 -0.006187 -0.200754 -0.979624 -0.005828 -0.204068 -0.978913 -0.009245 
						-0.056672 -0.996757 -0.057133 -0.059000 -0.996484 -0.059480 0.204160 -0.978893 0.009340 0.059094 -0.996473 0.059574 0.056965 -0.996723 0.057428 0.200945 -0.979584 0.006025 0.388378 -0.921479 0.006230 0.384240 -0.923232 0.001699 0.560099 -0.828407 0.005512 0.556325 -0.830964 0.000916 0.710588 -0.703591 0.004988 0.707379 -0.706835 0.000389 0.833905 -0.551890 0.004449 0.831387 -0.555694 -0.000149 0.925322 -0.379164 0.003833 0.923591 -0.383380 -0.000761 0.981377 -0.192064 0.003108 0.980496 -0.196532 -0.001483 0.999995 0.002317 0.002336 0.999995 -0.002236 -0.002254 0.980481 0.196608 0.001560 0.981362 0.192143 -0.003028 0.923614 0.383324 0.000699 0.925342 0.379113 -0.003890 0.831498 0.555528 -0.000050 0.834015 0.551722 -0.004650 0.707418 0.706795 -0.000443 0.710633 0.703545 -0.005052 0.556283 0.830992 -0.000865 0.560063 0.828432 -0.005467 0.384180 0.923257 -0.001634 0.388327 0.921501 -0.006174 0.200769 0.979621 -0.005843 0.204083 0.978910 -0.009261 0.056656 0.996759 -0.057117 0.058986 0.996486 -0.059465 -0.204160 0.978893 0.009339 -0.059079 0.996475 0.059559 -0.056950 0.996725 0.057413 -0.200944 0.979584 0.006024 -0.388378 0.921479 0.006230 -0.384240 0.923232 0.001700 -0.560087 0.828415 0.005497 -0.556314 0.830972 0.000902 -0.710588 0.703591 0.004989 -0.707378 0.706835 0.000388 -0.833907 0.551887 0.004453 -0.831389 0.555690 -0.000145 -0.925322 0.379164 0.003833 -0.923591 0.383380 -0.000761 -0.981377 0.192064 0.003108 -0.980496 0.196531 -0.001482 -1.000000 -0.000000 -0.000177 -1.000000 0.000000 0.000196 -0.980784 0.195090 0.001256 -0.980785 0.195090 0.000896 -0.923877 0.382682 0.002254 -0.923878 0.382683 0.001920 -0.999990 -0.004408 0.000000 -0.981838 0.189719 -0.000000 -0.980019 0.198902 0.000000 -0.999988 0.004951 -0.000000 -0.926338 0.376694 -0.000000 -0.922767 0.385359 -0.000000 
						-0.921414 0.388583 -0.000000 -0.979706 0.200438 -0.000001 -0.981558 0.191165 -0.000001 -0.925047 0.379853 -0.000000 -0.999990 0.004434 -0.000000 -0.999987 -0.005026 0.000000 -0.831465 0.555567 0.003165 -0.831466 0.555568 0.002853 -0.835388 0.549661 -0.000002 -0.830201 0.557464 -0.000002 -0.827330 0.561716 -0.000001 -0.832601 0.553873 -0.000001 -0.712803 0.701364 -0.000000 -0.706206 0.708006 -0.000000 -0.707101 0.707101 0.004064 -0.707102 0.707102 0.003744 -0.701316 0.712850 -0.000002 -0.708023 0.706189 -0.000002 -0.563090 0.826396 0.000000 -0.555323 0.831635 -0.000000 -0.555563 0.831459 0.005104 -0.555564 0.831460 0.004692 -0.547727 0.836657 -0.000001 -0.555661 0.831409 -0.000001 -0.391665 0.920108 -0.000001 -0.383107 0.923704 -0.000001 -0.382675 0.923859 0.006684 -0.382676 0.923863 0.006034 -0.370855 0.928691 -0.000000 -0.379672 0.925121 0.000000 -0.208827 0.977953 0.000000 -0.202226 0.979339 0.000000 -0.195083 0.980747 0.008845 -0.195084 0.980752 0.008211 -0.183753 0.982972 -0.000000 -0.190849 0.981619 -0.000000 -0.114973 0.993369 0.000000 -0.110707 0.993853 0.000000 0.000000 0.999951 0.009934 0.000000 0.999955 0.009476 -0.089143 0.996019 -0.000000 -0.094118 0.995561 -0.000000 0.109907 0.993942 -0.000000 0.202452 0.979292 -0.000000 0.209362 0.977838 -0.000000 0.114787 0.993390 -0.000000 0.000000 0.999951 -0.009919 0.000000 0.999955 -0.009470 0.195084 0.980752 -0.008220 0.195083 0.980747 -0.008843 0.190207 0.981744 -0.000000 0.094277 0.995546 -0.000000 0.089922 0.995949 -0.000000 0.183417 0.983035 -0.000000 0.383653 0.923477 0.000001 0.392227 0.919869 0.000001 0.382676 0.923863 -0.006059 0.382675 0.923859 -0.006705 0.379001 0.925396 -0.000000 0.370177 0.928961 -0.000000 0.555790 0.831323 -0.000000 0.563558 0.826076 0.000000 0.555564 0.831460 -0.004692 0.555563 0.831459 -0.005111 
						0.555194 0.831721 0.000001 0.547238 0.836977 0.000001 0.706619 0.707594 -0.000000 0.713217 0.700944 -0.000000 0.707102 0.707102 -0.003715 0.707101 0.707101 -0.004036 0.707761 0.706452 0.000002 0.701045 0.713117 0.000002 0.830541 0.556957 0.000002 0.835727 0.549146 0.000002 0.831466 0.555568 -0.002846 0.831465 0.555567 -0.003149 0.832324 0.554290 0.000001 0.827051 0.562127 0.000001 0.923001 0.384797 -0.000000 0.926567 0.376129 -0.000000 0.923878 0.382683 -0.001928 0.923877 0.382682 -0.002261 0.924783 0.380496 0.000000 0.921143 0.389223 0.000000 0.980136 0.198329 -0.000000 0.981949 0.189145 -0.000000 0.980785 0.195090 -0.000888 0.980784 0.195090 -0.001253 0.981441 0.191766 0.000001 0.979583 0.201042 0.000001 0.999990 0.004387 -0.000000 0.999988 -0.004971 0.000000 1.000000 0.000000 0.000194 1.000000 0.000000 -0.000179 0.999990 -0.004433 0.000000 0.999987 0.005026 -0.000000 0.980784 -0.195090 0.001256 0.980785 -0.195090 0.000895 0.981843 -0.189698 0.000000 0.980024 -0.198880 0.000000 0.979711 -0.200416 -0.000001 0.981562 -0.191143 -0.000001 0.923877 -0.382682 0.002254 0.923878 -0.382683 0.001920 0.926339 -0.376692 0.000000 0.922768 -0.385357 0.000000 0.921423 -0.388561 -0.000000 0.925056 -0.379831 -0.000000 0.831465 -0.555567 0.003167 0.831466 -0.555568 0.002855 0.835393 -0.549654 -0.000002 0.830206 -0.557457 -0.000002 0.827346 -0.561692 -0.000001 0.832618 -0.553847 -0.000001 0.707101 -0.707101 0.004063 0.707102 -0.707102 0.003744 0.712789 -0.701378 0.000000 0.706192 -0.708020 0.000000 0.701303 -0.712864 -0.000002 0.708010 -0.706202 -0.000002 0.555563 -0.831459 0.005103 0.555564 -0.831461 0.004692 0.563072 -0.826408 0.000000 0.555305 -0.831647 -0.000000 0.547727 -0.836657 -0.000001 0.555660 -0.831410 -0.000001 0.382675 -0.923859 0.006683 0.382676 -0.923863 0.006033 
						0.391677 -0.920103 -0.000001 0.383120 -0.923699 -0.000001 0.370843 -0.928696 0.000000 0.379660 -0.925126 0.000000 0.195083 -0.980747 0.008844 0.195084 -0.980752 0.008209 0.208828 -0.977952 0.000000 0.202226 -0.979339 0.000000 0.183732 -0.982976 0.000000 0.190828 -0.981623 0.000000 0.000000 -0.999951 0.009933 0.000000 -0.999955 0.009474 0.114973 -0.993369 0.000000 0.110707 -0.993853 0.000000 0.089132 -0.996020 0.000000 0.094106 -0.995562 0.000000 0.000000 -0.999951 -0.009916 0.000000 -0.999955 -0.009468 -0.195084 -0.980752 -0.008220 -0.195083 -0.980747 -0.008842 -0.109907 -0.993942 -0.000000 -0.202473 -0.979288 -0.000000 -0.209382 -0.977834 -0.000000 -0.114788 -0.993390 -0.000000 -0.190185 -0.981748 0.000000 -0.094276 -0.995546 0.000000 -0.089922 -0.995949 0.000000 -0.183396 -0.983039 0.000000 -0.382676 -0.923863 -0.006057 -0.382675 -0.923859 -0.006702 -0.383654 -0.923477 0.000001 -0.392228 -0.919868 0.000001 -0.378987 -0.925402 0.000000 -0.370163 -0.928967 0.000000 -0.555564 -0.831461 -0.004690 -0.555563 -0.831459 -0.005108 -0.555790 -0.831323 -0.000000 -0.563558 -0.826076 0.000000 -0.555194 -0.831721 0.000001 -0.547237 -0.836977 0.000001 -0.707102 -0.707102 -0.003716 -0.707101 -0.707101 -0.004036 -0.706618 -0.707595 0.000000 -0.713215 -0.700945 0.000000 -0.707774 -0.706439 0.000002 -0.701059 -0.713103 0.000002 -0.831466 -0.555568 -0.002846 -0.831465 -0.555567 -0.003149 -0.830527 -0.556978 0.000002 -0.835713 -0.549167 0.000002 -0.832310 -0.554310 0.000001 -0.827037 -0.562148 0.000001 -0.923878 -0.382683 -0.001929 -0.923877 -0.382682 -0.002261 -0.923000 -0.384799 0.000000 -0.926566 -0.376131 0.000000 -0.924790 -0.380478 0.000000 -0.921151 -0.389206 0.000000 -0.980136 -0.198328 0.000000 -0.981949 -0.189144 0.000000 -0.980785 -0.195090 -0.000890 -0.980784 -0.195090 -0.001256 -0.981441 -0.191765 0.000001 -0.979583 -0.201040 0.000001 
						-0.980603 -0.196004 0.000977 -0.999997 -0.001674 0.001754 -0.999997 0.001659 -0.001737 -0.981248 -0.192734 -0.002514 -0.923805 -0.382863 0.000205 -0.925075 -0.379770 -0.003298 -0.831409 -0.555661 0.000115 -0.833261 -0.552869 -0.003394 -0.707383 -0.706830 -0.000410 -0.709726 -0.704467 -0.003896 -0.556994 -0.830514 -0.001797 -0.559719 -0.828666 -0.005246 -0.386693 -0.922197 -0.004554 -0.389551 -0.920972 -0.007811 -0.211339 -0.977258 -0.017413 -0.213873 -0.976654 -0.020139 -0.048681 -0.997512 -0.050991 -0.051018 -0.997267 -0.053439 0.213854 -0.976658 0.020120 0.051163 -0.997251 0.053591 0.049031 -0.997476 0.051358 0.211362 -0.977252 0.017438 0.389308 -0.921077 0.007533 0.386468 -0.922293 0.004298 0.559671 -0.828699 0.005184 0.556940 -0.830551 0.001728 0.709943 -0.704247 0.004219 0.707602 -0.706611 0.000734 0.833246 -0.552893 0.003365 0.831400 -0.555674 -0.000132 0.924992 -0.379973 0.003068 0.923721 -0.383066 -0.000435 0.981240 -0.192776 0.002470 0.980593 -0.196050 -0.001025 0.999997 0.001674 0.001754 0.999997 -0.001659 -0.001737 0.980603 0.196004 0.000977 0.981248 0.192735 -0.002514 0.923806 0.382861 0.000203 0.925076 0.379768 -0.003300 0.831421 0.555642 0.000092 0.833273 0.552851 -0.003417 0.707380 0.706833 -0.000405 0.709724 0.704469 -0.003892 0.556976 0.830527 -0.001774 0.559701 0.828678 -0.005223 0.386715 0.922188 -0.004578 0.389571 0.920963 -0.007834 0.211340 0.977257 -0.017414 0.213874 0.976654 -0.020140 0.048680 0.997512 -0.050991 0.051018 0.997267 -0.053439 -0.213846 0.976660 0.020110 -0.051172 0.997250 0.053601 -0.049041 0.997475 0.051369 -0.211354 0.977254 0.017429 -0.389305 0.921078 0.007530 -0.386465 0.922294 0.004294 -0.559657 0.828709 0.005166 -0.556925 0.830561 0.001710 -0.709959 0.704230 0.004244 -0.707618 0.706595 0.000758 -0.833258 0.552874 0.003388 -0.831412 0.555656 -0.000109 
						-0.924999 0.379957 0.003086 -0.923728 0.383049 -0.000416 -0.981239 0.192777 0.002469 -0.980593 0.196050 -0.001025 -1.000000 -0.000000 -0.000444 -1.000000 0.000000 0.000444 -0.980784 0.195090 0.001531 -0.980785 0.195090 0.000637 -0.923876 0.382682 0.002630 -0.923878 0.382683 0.001722 -0.999949 -0.010089 0.000000 -0.982896 0.184162 -0.000000 -0.978705 0.205273 -0.000000 -0.999935 0.011434 0.000000 -0.928451 0.371455 -0.000000 -0.920239 0.391356 -0.000000 -0.831464 0.555566 0.003758 -0.831466 0.555568 0.002820 -0.838620 0.544716 -0.000000 -0.826661 0.562701 -0.000000 -0.707098 0.707098 0.004928 -0.707101 0.707101 0.003953 -0.716102 0.697995 -0.000000 -0.700886 0.713273 -0.000000 -0.555560 0.831454 0.006127 -0.555563 0.831459 0.005125 -0.567183 0.823592 -0.000000 -0.549477 0.835509 -0.000000 -0.398838 0.917021 -0.000000 -0.379552 0.925170 -0.000000 -0.382673 0.923855 0.007292 -0.382676 0.923861 0.006322 -0.220218 0.975451 -0.000000 -0.204952 0.978772 -0.000000 -0.195084 0.980753 0.008054 -0.195085 0.980758 0.007464 -0.121496 0.992592 -0.000000 -0.111107 0.993809 -0.000000 0.000000 0.999966 0.008220 0.000000 0.999968 0.007967 0.109080 0.994033 -0.000000 0.205416 0.978675 -0.000000 0.221432 0.975176 -0.000000 0.121130 0.992637 -0.000000 0.000000 0.999966 -0.008209 0.000000 0.999968 -0.007972 0.195085 0.980758 -0.007476 0.195084 0.980754 -0.008035 0.380819 0.924650 -0.000000 0.400260 0.916402 -0.000000 0.382676 0.923861 -0.006337 0.382673 0.923855 -0.007267 0.551732 0.834021 -0.000000 0.569566 0.821946 -0.000000 0.555563 0.831459 -0.005123 0.555560 0.831454 -0.006098 0.703699 0.710498 -0.000000 0.718876 0.695138 -0.000000 0.707101 0.707101 -0.003944 0.707098 0.707098 -0.004890 0.828252 0.560356 -0.000000 0.840094 0.542441 -0.000000 0.831466 0.555568 -0.002820 0.831464 0.555566 -0.003726 
						0.920835 0.389952 -0.000000 0.928996 0.370091 -0.000000 0.923878 0.382683 -0.001728 0.923876 0.382682 -0.002615 0.978984 0.203937 0.000000 0.983147 0.182819 0.000000 0.980785 0.195090 -0.000641 0.980784 0.195090 -0.001527 0.999949 0.010089 0.000000 0.999935 -0.011434 0.000000 1.000000 0.000000 0.000444 1.000000 -0.000000 -0.000444 0.982897 -0.184154 0.000000 0.978707 -0.205265 0.000000 0.980784 -0.195090 0.001531 0.980785 -0.195090 0.000637 0.928451 -0.371455 0.000000 0.920239 -0.391356 0.000000 0.923876 -0.382682 0.002630 0.923878 -0.382683 0.001722 0.838622 -0.544715 0.000000 0.826662 -0.562698 0.000000 0.831464 -0.555566 0.003758 0.831466 -0.555568 0.002821 0.707098 -0.707098 0.004928 0.707101 -0.707101 0.003953 0.716110 -0.697987 0.000000 0.700894 -0.713265 0.000000 0.555560 -0.831454 0.006127 0.555563 -0.831459 0.005125 0.567184 -0.823591 0.000000 0.549477 -0.835509 0.000000 0.382673 -0.923855 0.007291 0.382676 -0.923861 0.006322 0.398833 -0.917023 0.000000 0.379547 -0.925173 0.000000 0.195084 -0.980753 0.008053 0.195085 -0.980758 0.007464 0.220209 -0.975453 0.000000 0.204943 -0.978774 0.000000 0.000000 -0.999966 0.008220 0.000000 -0.999968 0.007966 0.121500 -0.992591 0.000000 0.111112 -0.993808 0.000000 0.000000 -0.999966 -0.008208 0.000000 -0.999968 -0.007971 -0.195085 -0.980758 -0.007476 -0.195084 -0.980754 -0.008035 -0.109080 -0.994033 0.000000 -0.205416 -0.978675 0.000000 -0.221432 -0.975176 0.000000 -0.121130 -0.992637 0.000000 -0.382676 -0.923861 -0.006336 -0.382673 -0.923855 -0.007267 -0.380829 -0.924645 0.000000 -0.400269 -0.916398 0.000000 -0.555563 -0.831459 -0.005123 -0.555560 -0.831454 -0.006097 -0.551724 -0.834027 0.000000 -0.569557 -0.821952 0.000000 -0.707101 -0.707101 -0.003944 -0.707098 -0.707098 -0.004890 -0.703698 -0.710499 0.000000 -0.718876 -0.695138 0.000000 
						-0.831466 -0.555568 -0.002821 -0.831464 -0.555566 -0.003726 -0.828257 -0.560349 -0.000000 -0.840099 -0.542434 -0.000000 -0.923878 -0.382683 -0.001728 -0.923876 -0.382682 -0.002615 -0.920835 -0.389951 -0.000000 -0.928996 -0.370091 -0.000000 -0.980785 -0.195090 -0.000641 -0.980784 -0.195090 -0.001527 -0.978984 -0.203937 0.000000 -0.983147 -0.182819 0.000000 0.234941 0.972010 0.000000 0.144853 0.989453 -0.000000 0.131670 0.991294 -0.000000 0.214478 0.976729 0.000000 -0.703287 0.710906 -0.000001 -0.827203 0.561904 -0.000001 -0.843845 0.536587 -0.000001 -0.724410 0.689369 -0.000001 0.931749 0.363103 0.000001 0.844586 0.535420 0.000001 0.828196 0.560439 0.000001 0.920459 0.390840 0.000001 0.703289 -0.710904 -0.000001 0.827202 -0.561905 -0.000001 0.843844 -0.536589 -0.000001 0.724412 -0.689368 -0.000001 -0.984183 -0.177157 0.000000 -0.931750 -0.363102 0.000001 -0.920459 -0.390839 0.000001 -0.978431 -0.206573 0.000000 -0.411234 -0.911530 0.000000 -0.384265 -0.923223 0.000000 -0.552927 0.833230 -0.000000 -0.577836 0.816153 -0.000000 0.552929 -0.833228 -0.000000 0.577839 -0.816151 -0.000000 0.411228 0.911533 0.000000 0.384259 0.923225 0.000000 0.984183 0.177157 0.000000 0.978431 0.206573 0.000000 -0.999884 0.015217 0.000000 -0.999893 -0.014650 0.000000 -0.580231 -0.814452 0.000000 -0.555511 -0.831509 0.000000 0.382051 -0.924141 -0.000000 0.409349 -0.912378 -0.000000 0.978642 -0.205570 -0.000000 0.999884 -0.015217 0.000000 0.999893 0.014650 -0.000000 0.984351 -0.176220 -0.000000 -0.382051 0.924141 -0.000000 -0.409349 0.912378 -0.000000 -0.978642 0.205573 -0.000000 -0.984350 0.176223 -0.000000 0.580229 0.814453 -0.000000 0.555508 0.831511 0.000000 -0.725985 -0.687711 0.000001 -0.705107 -0.709101 0.000001 0.210134 -0.977672 -0.000000 0.231836 -0.972755 -0.000000 0.920689 -0.390297 -0.000001 0.932070 -0.362279 -0.000001 
						-0.210135 0.977672 -0.000000 -0.231837 0.972755 -0.000000 -0.920689 0.390297 -0.000001 -0.932070 0.362279 -0.000001 0.725985 0.687710 0.000001 0.705107 0.709100 0.000001 -0.844587 -0.535419 0.000001 -0.828197 -0.560438 0.000001 0.125867 -0.992047 0.000000 0.141065 -0.990000 0.000000 -0.125867 0.992047 -0.000000 -0.141065 0.990000 0.000000 -0.422773 -0.662600 0.618244 -0.465199 -0.676407 0.571020 -0.465476 -0.676295 0.570926 -0.422169 -0.662869 0.618367 -0.382945 -0.664352 0.641864 -0.382792 -0.664430 0.641875 -0.344639 -0.684670 0.642223 -0.345950 -0.683924 0.642314 -0.314826 -0.720414 0.617971 -0.317812 -0.718534 0.618631 -0.300479 -0.764963 0.569688 -0.305691 -0.761405 0.571678 -0.302206 -0.812667 0.498241 -0.309925 -0.807135 0.502474 -0.321040 -0.855305 0.406677 -0.329830 -0.848952 0.412909 -0.356487 -0.884505 0.300945 -0.365407 -0.878249 0.308475 -0.402224 -0.896579 0.185369 -0.410633 -0.891089 0.193236 -0.452934 -0.889095 0.066028 -0.461533 -0.884000 0.074381 -0.493187 -0.867795 -0.060826 -0.502591 -0.862961 -0.051958 -0.519065 -0.833827 -0.187894 -0.527965 -0.829918 -0.180247 -0.529373 -0.790936 -0.306895 -0.536184 -0.788288 -0.301841 -0.529916 -0.743204 -0.408456 -0.533401 -0.741889 -0.406305 -0.519500 -0.698222 -0.492551 -0.521231 -0.697534 -0.491696 -0.484017 -0.668653 -0.564474 -0.484754 -0.668341 -0.564211 -0.440296 -0.654609 -0.614513 -0.439806 -0.654837 -0.614622 -0.393206 -0.659096 -0.641079 -0.392701 -0.659357 -0.641120 -0.348485 -0.682474 -0.642485 -0.349484 -0.681901 -0.642552 -0.318467 -0.718120 -0.618775 -0.319395 -0.717532 -0.618978 -0.309307 -0.758912 -0.573046 -0.314179 -0.755520 -0.574875 -0.304116 -0.811309 -0.499290 -0.311508 -0.805987 -0.503336 -0.331498 -0.847727 -0.414086 -0.339090 -0.842074 -0.419441 -0.364076 -0.879195 -0.307352 -0.373836 -0.872152 -0.315591 -0.405496 -0.894465 -0.188426 -0.415899 -0.887555 -0.198178 
						-0.448776 -0.891490 -0.062012 -0.459318 -0.885331 -0.072224 -0.485049 -0.871806 0.068418 -0.495347 -0.866703 0.058796 -0.509862 -0.837701 0.195699 -0.518347 -0.834135 0.188505 -0.523998 -0.792971 0.310844 -0.529755 -0.790790 0.306613 -0.521290 -0.746385 0.413723 -0.524905 -0.745065 0.411526 -0.500583 -0.705496 0.501689 -0.502421 -0.704809 0.500817 -0.321172 -0.072130 0.944270 -0.479410 -0.122763 0.868962 -0.454508 -0.124602 0.881985 -0.298636 -0.077612 0.951206 -0.471587 -0.881819 0.000000 -0.467376 -0.884059 0.000000 -0.467886 -0.883789 0.000000 -0.463885 -0.885895 0.000000 -0.465498 -0.885049 0.000000 -0.468492 -0.883467 0.000000 -0.468424 -0.883504 0.000000 -0.467811 -0.883829 0.000000 -0.467739 -0.883867 0.000000 -0.468472 -0.883479 0.000000 -0.470948 -0.882161 0.000000 -0.470794 -0.882243 0.000000 -0.472504 -0.881329 0.000000 -0.475486 -0.879723 0.000000 -0.477617 -0.878568 0.000000 -0.482956 -0.875645 0.000000 -0.487676 -0.873024 0.000000 -0.488481 -0.872574 0.000000 -0.488676 -0.872465 0.000000 -0.484029 -0.875052 0.000000 -0.475437 -0.879749 0.000000 -0.472501 -0.881330 0.000000 -0.472550 -0.881304 0.000000 -0.473401 -0.880847 0.000000 -0.474094 -0.880474 0.000000 -0.473938 -0.880558 0.000000 -0.474326 -0.880349 0.000000 -0.473737 -0.880667 0.000000 -0.475943 -0.879476 0.000000 -0.475094 -0.879935 0.000000 -0.476071 -0.879407 0.000000 -0.473994 -0.880528 0.000000 -0.603202 -0.229991 0.763709 -0.587941 -0.228712 0.775897 -0.149498 -0.088663 0.984779 -0.142703 -0.091591 0.985519 0.005981 -0.171389 0.985185 -0.006265 -0.163436 0.986534 0.122543 -0.310852 0.942525 0.091018 -0.281846 0.955133 0.179542 -0.486175 0.855219 0.138695 -0.433939 0.890203 0.161207 -0.660054 0.733717 0.124036 -0.593124 0.795500 0.076779 -0.808505 0.583460 0.049878 -0.738041 0.672910 -0.058475 -0.908439 0.413908 -0.073785 -0.849578 0.522277 
						-0.222217 -0.945871 0.236534 -0.230982 -0.907887 0.349841 -0.389237 -0.919512 0.054693 -0.398431 -0.903411 0.158435 -0.536575 -0.834648 -0.124297 -0.550054 -0.834042 -0.042584 -0.644367 -0.704019 -0.298576 -0.660630 -0.709589 -0.245055 -0.697776 -0.545184 -0.464632 -0.710259 -0.549365 -0.440148 -0.688745 -0.379728 -0.617605 -0.689278 -0.379847 -0.616938 -0.620720 -0.231374 -0.749115 -0.607957 -0.230376 -0.759813 -0.502105 -0.120974 -0.856303 -0.477734 -0.122890 -0.869867 -0.348445 -0.065376 -0.935047 -0.321170 -0.072130 -0.944271 -0.170870 -0.079399 -0.982089 -0.156389 -0.085685 -0.983972 -0.010582 -0.160623 -0.986959 -0.013292 -0.158855 -0.987212 0.110573 -0.299885 -0.947546 0.080015 -0.271630 -0.959070 0.175223 -0.480720 -0.859189 0.135986 -0.430424 -0.892325 0.153704 -0.646836 -0.746980 0.117357 -0.580725 -0.805597 0.075953 -0.806466 -0.586382 0.047043 -0.730138 -0.681679 -0.058158 -0.909477 -0.411665 -0.074189 -0.847774 -0.525143 -0.221624 -0.947617 -0.230009 -0.230773 -0.909181 -0.346602 -0.388187 -0.920470 -0.045227 -0.397893 -0.904972 -0.150684 -0.533972 -0.834193 0.137825 -0.548162 -0.834522 0.055603 -0.638935 -0.701851 0.314910 -0.655424 -0.707977 0.263036 -0.688903 -0.542073 0.481216 -0.700412 -0.546086 0.459579 -0.676357 -0.376924 0.632826 -0.675283 -0.376677 0.634119 0.980092 -0.198465 0.005566 0.999992 -0.002105 0.003402 0.999997 0.001283 -0.002075 0.980775 -0.195143 0.000085 0.922024 -0.387058 0.007679 0.923355 -0.383941 0.002202 0.828094 -0.560507 0.009667 0.830020 -0.557719 0.004192 0.701920 -0.712160 0.011702 0.704368 -0.709808 0.006217 0.548312 -0.836157 0.013959 0.551185 -0.834340 0.008466 0.373447 -0.927513 0.016034 0.376509 -0.926351 0.010743 0.188538 -0.982007 0.010766 0.190976 -0.981571 0.006765 0.018380 -0.999390 -0.029706 0.020158 -0.999266 -0.032579 -0.189709 -0.981800 -0.008849 -0.018537 -0.999379 0.029959 
						-0.016618 -0.999501 0.026858 -0.187206 -0.982235 -0.012953 -0.375784 -0.926630 -0.012001 -0.372688 -0.927795 -0.017344 -0.551030 -0.834440 -0.008764 -0.548140 -0.836265 -0.014286 -0.704441 -0.709737 -0.006053 -0.701986 -0.712097 -0.011555 -0.830247 -0.557384 -0.003538 -0.828317 -0.560187 -0.009038 -0.923652 -0.383230 -0.000957 -0.922325 -0.386362 -0.006454 -0.980951 -0.194251 0.001383 -0.980279 -0.197575 -0.004098 -0.999992 0.002105 0.003401 -0.999997 -0.001284 -0.002075 -0.980094 0.198457 0.005553 -0.980776 0.195134 0.000072 -0.922022 0.387061 0.007686 -0.923353 0.383944 0.002208 -0.828091 0.560510 0.009674 -0.830017 0.557722 0.004198 -0.701913 0.712167 0.011718 -0.704360 0.709815 0.006234 -0.548313 0.836157 0.013958 -0.551186 0.834340 0.008465 -0.373437 0.927517 0.016051 -0.376498 0.926355 0.010761 -0.188547 0.982005 0.010753 -0.190984 0.981570 0.006752 -0.018371 0.999390 -0.029692 -0.020150 0.999266 -0.032566 0.189710 0.981800 -0.008847 0.018544 0.999379 0.029971 0.016626 0.999501 0.026871 0.187208 0.982235 -0.012951 0.375784 0.926630 -0.012002 0.372688 0.927795 -0.017345 0.551027 0.834441 -0.008769 0.548137 0.836266 -0.014291 0.704441 0.709736 -0.006051 0.701987 0.712096 -0.011553 0.830247 0.557385 -0.003540 0.828316 0.560188 -0.009040 0.923653 0.383229 -0.000955 0.922325 0.386361 -0.006453 0.980953 0.194238 0.001404 0.980282 0.197562 -0.004077 0.980776 -0.195088 0.004308 0.999999 0.000000 0.001742 1.000000 -0.000000 -0.000065 0.980782 -0.195090 0.002553 0.980785 0.195090 -0.000931 0.980781 0.195089 -0.002811 0.923858 -0.382674 0.006843 0.923868 -0.382678 0.005101 0.831433 -0.555546 0.009309 0.831445 -0.555554 0.007618 0.707059 -0.707059 0.011657 0.707071 -0.707071 0.010033 0.555517 -0.831389 0.013914 0.555528 -0.831406 0.012349 0.382634 -0.923760 0.016076 0.382643 -0.923782 0.014568 
						0.195060 -0.980633 0.017634 0.195063 -0.980649 0.016676 0.000000 -0.999838 0.017989 0.000000 -0.999846 0.017559 -0.195055 -0.980607 -0.019076 0.000000 -0.999784 -0.020770 0.000000 -0.999757 -0.022066 -0.195048 -0.980573 -0.020810 -0.382635 -0.923763 -0.015851 -0.382621 -0.923730 -0.018013 -0.555526 -0.831403 -0.012647 -0.555510 -0.831379 -0.014760 -0.707074 -0.707075 -0.009570 -0.707059 -0.707059 -0.011614 -0.831451 -0.555558 -0.006595 -0.831439 -0.555550 -0.008582 -0.923873 -0.382681 -0.003717 -0.923865 -0.382677 -0.005650 -0.980785 -0.195090 -0.000931 -0.980781 -0.195089 -0.002811 -0.999999 0.000000 0.001742 -1.000000 -0.000000 -0.000065 -0.980776 0.195088 0.004308 -0.980782 0.195090 0.002553 -0.923858 0.382674 0.006842 -0.923868 0.382678 0.005101 -0.831433 0.555546 0.009309 -0.831445 0.555554 0.007617 -0.707059 0.707059 0.011657 -0.707071 0.707071 0.010033 -0.555517 0.831389 0.013914 -0.555528 0.831406 0.012349 -0.382634 0.923760 0.016076 -0.382643 0.923782 0.014568 -0.195060 0.980633 0.017634 -0.195063 0.980649 0.016676 0.000000 0.999838 0.017988 0.000000 0.999846 0.017559 0.195055 0.980607 -0.019076 0.000000 0.999784 -0.020769 0.000000 0.999757 -0.022066 0.195048 0.980573 -0.020809 0.382635 0.923764 -0.015851 0.382621 0.923730 -0.018013 0.555526 0.831403 -0.012647 0.555510 0.831379 -0.014760 0.707074 0.707075 -0.009570 0.707059 0.707059 -0.011614 0.831451 0.555558 -0.006595 0.831439 0.555550 -0.008582 0.923873 0.382681 -0.003717 0.923865 0.382677 -0.005650 0.626975 0.667149 -0.402262 0.644771 0.678736 -0.351549 0.612283 0.702057 -0.363628 0.598166 0.688446 -0.410170 0.656332 0.697366 -0.287938 0.627059 0.718255 -0.301507 0.601309 0.667787 -0.438735 0.580076 0.684023 -0.442295 0.574796 0.678414 -0.457564 0.565584 0.685768 -0.458080 0.553469 0.695913 -0.457578 0.559368 0.690952 -0.457922 
						0.538717 0.719113 -0.438931 0.559497 0.700763 -0.442600 0.532834 0.744360 -0.402511 0.566089 0.713791 -0.412366 0.536614 0.767739 -0.350174 0.578365 0.728359 -0.367405 0.548564 0.786352 -0.284127 0.594658 0.742642 -0.308001 0.567878 0.796397 -0.208006 0.611804 0.755464 -0.234456 0.592493 0.795692 -0.125806 0.627742 0.764038 -0.148948 0.617158 0.785839 -0.039654 0.640009 0.766390 -0.055091 0.638254 0.768350 0.047647 0.646549 0.761706 0.042175 0.653154 0.745439 0.133080 0.646606 0.750402 0.137102 0.659793 0.720353 0.213927 0.640269 0.734580 0.224604 0.655904 0.697684 0.288143 0.626650 0.718535 0.301691 0.644319 0.679075 0.351725 0.611898 0.702322 0.363765 0.624431 0.669092 0.402992 0.594588 0.690987 0.411099 0.598700 0.669827 0.439193 0.576604 0.686600 0.442840 0.576330 0.677173 0.457471 0.568244 0.683660 0.457938 0.554693 0.694889 0.457651 0.561802 0.688886 0.458056 0.539551 0.718394 0.439084 0.561616 0.698838 0.442959 0.535195 0.742276 0.403228 0.570005 0.710014 0.413491 0.537183 0.767232 0.350412 0.579423 0.727301 0.367835 0.548599 0.786321 0.284145 0.594406 0.742898 0.307870 0.568246 0.796078 0.208225 0.611550 0.755718 0.234301 0.592431 0.795744 0.125766 0.627022 0.764723 0.148468 0.617199 0.785806 0.039681 0.639734 0.766633 0.054903 0.638461 0.768186 -0.047511 0.646684 0.761596 -0.042086 0.653155 0.745439 -0.133080 0.646546 0.750447 -0.137138 0.659865 0.720299 -0.213886 0.640275 0.734576 -0.224601 -0.374933 -0.432655 0.819899 -0.461972 -0.460070 0.758233 -0.463348 -0.459698 0.757619 -0.375074 -0.432604 0.819862 -0.288111 -0.439441 0.850813 -0.288085 -0.439454 0.850816 -0.205594 -0.483531 0.850840 -0.206196 -0.483171 0.850899 -0.148784 -0.554061 0.819072 -0.151344 -0.552185 0.819870 -0.118579 -0.646049 0.754029 -0.122942 -0.642274 0.756551 
						-0.127859 -0.739400 0.661014 -0.133495 -0.733833 0.666084 -0.171668 -0.822665 0.541989 -0.178676 -0.815207 0.550920 -0.241432 -0.885093 0.397895 -0.248700 -0.877583 0.409874 -0.331629 -0.911590 0.242951 -0.339124 -0.904894 0.257219 -0.422816 -0.903175 0.074167 -0.430388 -0.898266 0.088793 -0.508700 -0.856520 -0.087164 -0.515987 -0.853369 -0.074293 -0.572803 -0.782441 -0.244302 -0.580117 -0.780383 -0.233380 -0.606079 -0.691634 -0.392824 -0.613212 -0.690154 -0.384264 -0.598639 -0.597988 -0.532955 -0.605095 -0.596758 -0.527010 -0.552405 -0.515257 -0.655255 -0.556767 -0.514302 -0.652307 -0.484317 -0.453844 -0.747972 -0.486158 -0.453315 -0.747099 -0.399474 -0.423533 -0.813044 -0.399714 -0.423441 -0.812974 -0.309842 -0.428942 -0.848532 -0.309645 -0.429039 -0.848555 -0.225667 -0.471380 -0.852570 -0.226298 -0.470993 -0.852616 -0.157265 -0.547820 -0.821682 -0.159113 -0.546449 -0.822239 -0.128649 -0.637291 -0.759809 -0.132904 -0.633543 -0.762207 -0.131739 -0.735576 -0.664510 -0.137750 -0.729578 -0.669881 -0.172820 -0.821449 -0.543465 -0.179642 -0.814162 -0.552149 -0.241935 -0.884583 -0.398723 -0.249644 -0.876587 -0.411428 -0.328212 -0.914524 -0.236481 -0.335935 -0.907790 -0.251129 -0.421959 -0.903710 -0.072524 -0.429578 -0.898808 -0.087217 -0.503943 -0.858447 0.095445 -0.512134 -0.855066 0.081126 -0.559798 -0.785699 0.263254 -0.568107 -0.783675 0.251212 -0.584513 -0.695504 0.417873 -0.591834 -0.694289 0.409506 -0.573185 -0.602310 0.555592 -0.578799 -0.601427 0.550707 -0.530773 -0.519733 0.669446 -0.534116 -0.519069 0.667299 0.999996 0.002556 0.001537 0.980864 -0.194694 0.000245 0.979528 -0.201274 -0.003790 0.999988 -0.004155 -0.002496 0.923220 -0.384269 -0.001032 0.920608 -0.390456 -0.005067 0.829295 -0.558806 -0.002342 0.825510 -0.564351 -0.006377 0.702900 -0.711280 -0.003560 0.698093 -0.715966 -0.007594 0.548869 -0.835894 -0.004827 0.543218 -0.839545 -0.008869 
						0.372847 -0.927871 -0.006380 0.366724 -0.930272 -0.010332 0.188501 -0.982065 -0.004035 0.183734 -0.982952 -0.006949 0.063024 -0.997293 0.037872 0.059788 -0.997564 0.035927 -0.056818 -0.997801 -0.034143 -0.181676 -0.983324 0.008206 -0.186630 -0.982417 0.005180 -0.060450 -0.997510 -0.036325 -0.365723 -0.930659 0.010977 -0.371886 -0.928252 0.007002 -0.542987 -0.839693 0.009035 -0.548659 -0.836032 0.004978 -0.698515 -0.715558 0.007241 -0.703336 -0.710851 0.003193 -0.826225 -0.563312 0.005619 -0.830010 -0.557746 0.001574 -0.921259 -0.388929 0.004070 -0.923859 -0.382733 0.000032 -0.979874 -0.199597 0.002761 -0.981194 -0.193018 -0.001271 -0.999995 -0.002565 0.001542 -0.999988 0.004145 -0.002490 -0.980864 0.194694 0.000245 -0.979528 0.201274 -0.003789 -0.923220 0.384270 -0.001032 -0.920607 0.390457 -0.005068 -0.829296 0.558804 -0.002341 -0.825511 0.564349 -0.006375 -0.702900 0.711279 -0.003560 -0.698094 0.715966 -0.007594 -0.548884 0.835885 -0.004817 -0.543233 0.839535 -0.008859 -0.372864 0.927864 -0.006369 -0.366741 0.930266 -0.010321 -0.188518 0.982061 -0.004025 -0.183750 0.982948 -0.006939 -0.063006 0.997295 0.037861 -0.059768 0.997566 0.035916 0.056818 0.997801 -0.034143 0.181668 0.983326 0.008211 0.186622 0.982418 0.005184 0.060449 0.997510 -0.036325 0.365721 0.930660 0.010978 0.371884 0.928253 0.007002 0.542984 0.839694 0.009036 0.548656 0.836033 0.004980 0.698509 0.715565 0.007247 0.703329 0.710857 0.003198 0.826221 0.563318 0.005624 0.830006 0.557753 0.001579 0.921256 0.388935 0.004074 0.923857 0.382739 0.000035 0.979874 0.199596 0.002761 0.981194 0.193018 -0.001271 -0.462552 0.000000 0.886592 -0.278504 0.055398 0.958836 -0.278548 0.055407 0.958823 -0.459544 0.000000 0.888155 -0.466713 -0.783520 0.410215 -0.487420 -0.795977 0.358945 -0.488340 -0.795554 0.358634 -0.467273 -0.783257 0.410078 
						-0.448302 -0.775742 0.444128 -0.448066 -0.775858 0.444163 -0.614512 -0.122235 0.779380 -0.607413 -0.120823 0.785144 -0.090883 0.037645 0.995150 -0.091370 0.037847 0.995098 -0.427281 -0.777386 0.461630 -0.426812 -0.777630 0.461654 0.077957 -0.052089 0.995595 0.079720 -0.053267 0.995393 -0.410454 -0.786357 0.461704 -0.411352 -0.785861 0.461749 0.199350 -0.199350 0.959437 0.204566 -0.204566 0.957239 -0.388457 -0.808022 0.442947 -0.388870 -0.807787 0.443012 0.255937 -0.383038 0.887569 0.263464 -0.394303 0.880404 -0.389838 -0.824771 0.409608 -0.390949 -0.824102 0.409897 0.238965 -0.576913 0.781068 0.245914 -0.593690 0.766198 -0.384520 -0.851463 0.356589 -0.387818 -0.849463 0.357784 0.148789 -0.748012 0.646792 0.152644 -0.767395 0.622740 -0.391699 -0.873092 0.290315 -0.393813 -0.871822 0.291270 0.000000 -0.873840 0.486214 0.000000 -0.891306 0.453402 -0.417043 -0.882270 0.218346 -0.419835 -0.880581 0.219808 -0.185698 -0.933568 0.306540 -0.187954 -0.944909 0.267994 -0.433522 -0.891489 0.131556 -0.436856 -0.889575 0.133463 -0.380085 -0.917608 0.116320 -0.381555 -0.921157 0.076718 -0.461272 -0.886087 0.045587 -0.463663 -0.884764 0.047008 -0.554044 -0.829186 -0.074072 -0.552168 -0.826378 -0.110498 -0.486333 -0.872756 -0.042150 -0.488108 -0.871815 -0.041104 -0.682812 -0.682812 -0.259875 -0.676501 -0.676502 -0.291018 -0.510088 -0.850822 -0.126144 -0.512478 -0.849583 -0.124801 -0.745543 -0.498156 -0.442726 -0.735409 -0.491385 -0.466598 -0.515103 -0.830565 -0.211734 -0.517634 -0.829315 -0.210453 -0.729414 -0.302132 -0.613735 -0.718450 -0.297591 -0.628704 -0.518062 -0.806075 -0.286103 -0.519167 -0.805535 -0.285621 -0.636676 -0.126642 -0.760661 -0.628495 -0.125015 -0.767702 -0.508190 -0.786131 -0.351767 -0.509699 -0.785392 -0.351234 -0.487063 -0.000000 -0.873367 -0.483304 -0.000000 -0.875453 -0.485649 -0.774434 -0.405459 -0.486679 -0.773927 -0.405193 
						-0.304721 0.060613 -0.950511 -0.304473 0.060564 -0.950594 -0.472284 -0.763581 -0.440333 -0.472245 -0.763601 -0.440339 -0.114242 0.047320 -0.992325 -0.115015 0.047641 -0.992221 -0.448118 -0.766284 -0.460434 -0.447476 -0.766634 -0.460475 0.058796 -0.039286 -0.997497 0.060011 -0.040098 -0.997392 -0.430076 -0.775274 -0.462586 -0.430516 -0.775019 -0.462603 0.189389 -0.189389 -0.963464 0.194118 -0.194118 -0.961580 -0.398165 -0.802439 -0.444473 -0.397867 -0.802612 -0.444427 0.250277 -0.374565 -0.892784 0.257564 -0.385472 -0.886043 -0.400143 -0.818488 -0.412266 -0.401713 -0.817516 -0.412667 0.235715 -0.569064 -0.787785 0.242759 -0.586070 -0.773039 -0.388616 -0.848977 -0.358072 -0.391756 -0.847053 -0.359206 0.148441 -0.746263 -0.648889 0.152378 -0.766053 -0.624455 -0.397285 -0.869718 -0.292838 -0.399308 -0.868483 -0.293751 0.000000 -0.874588 -0.484866 0.000000 -0.892289 -0.451465 -0.415588 -0.883144 -0.217584 -0.418915 -0.881139 -0.219326 -0.185915 -0.934655 -0.303077 -0.188174 -0.946013 -0.263915 -0.433786 -0.891338 -0.131707 -0.437669 -0.889106 -0.133928 -0.380316 -0.918160 -0.111095 -0.381729 -0.921571 -0.070637 -0.455509 -0.889232 -0.042169 -0.458775 -0.887457 -0.044104 -0.553534 -0.828422 0.085538 -0.551329 -0.825121 0.123337 -0.477305 -0.877456 0.047447 -0.480247 -0.875941 0.045725 -0.678357 -0.678358 0.282244 -0.671394 -0.671395 0.313783 -0.491531 -0.860104 0.136451 -0.494740 -0.858541 0.134684 -0.733331 -0.489996 0.471307 -0.723063 -0.483136 0.493720 -0.494178 -0.840500 0.222144 -0.496467 -0.839446 0.221020 -0.709574 -0.293915 0.640405 -0.699419 -0.289709 0.653362 -0.495370 -0.816762 0.295818 -0.496150 -0.816407 0.295491 0.980779 -0.195090 -0.003594 0.999999 -0.000000 -0.001072 1.000000 -0.000000 -0.000844 0.980780 -0.195090 -0.003372 0.999986 0.004730 -0.002477 0.981266 -0.192654 -0.001302 0.978929 -0.204145 0.004837 0.999969 -0.007015 0.003672 
						0.980784 0.195091 0.001518 0.980784 0.195091 0.001756 0.979272 0.202511 -0.003963 0.981589 0.190990 0.002189 0.923983 -0.382433 -0.000142 0.919412 -0.393250 0.006007 0.923862 -0.382677 -0.006050 0.923864 -0.382677 -0.005835 0.830186 -0.557485 0.001207 0.823574 -0.567162 0.007343 0.831440 -0.555551 -0.008393 0.831442 -0.555552 -0.008184 0.704346 -0.709854 0.002038 0.695976 -0.718019 0.008159 0.707066 -0.707066 -0.010735 0.707067 -0.707068 -0.010516 0.550892 -0.834572 0.002939 0.541030 -0.840954 0.009089 0.555520 -0.831396 -0.013320 0.555522 -0.831399 -0.013066 0.374835 -0.927081 0.004438 0.364108 -0.931298 0.010471 0.382633 -0.923757 -0.016265 0.382633 -0.923758 -0.016192 0.190234 -0.981735 0.002591 0.181928 -0.983287 0.007015 0.195069 -0.980676 -0.014912 0.195069 -0.980674 -0.015043 0.000000 -0.999907 -0.013662 0.000000 -0.999905 -0.013790 0.070710 -0.996810 -0.037020 0.065143 -0.997293 -0.034105 -0.195061 -0.980636 0.017452 0.000000 -0.999860 0.016734 0.000000 -0.999861 0.016652 -0.195061 -0.980637 0.017392 -0.061770 -0.997566 0.032340 -0.180581 -0.983530 -0.007731 -0.189254 -0.981923 -0.003113 -0.068116 -0.997040 0.035662 -0.364008 -0.931336 -0.010527 -0.374751 -0.927115 -0.004485 -0.382625 -0.923738 0.017513 -0.382624 -0.923735 0.017683 -0.540892 -0.841042 -0.009174 -0.550741 -0.834671 -0.003034 -0.555521 -0.831396 0.013309 -0.555518 -0.831392 0.013648 -0.696352 -0.717657 -0.007886 -0.704741 -0.709462 -0.001746 -0.707071 -0.707072 0.009956 -0.707069 -0.707070 0.010237 -0.824447 -0.565901 -0.006537 -0.831048 -0.556201 -0.000395 -0.831449 -0.555557 0.007047 -0.831447 -0.555556 0.007302 -0.919990 -0.391907 -0.005238 -0.924537 -0.381092 0.000904 -0.923871 -0.382680 0.004247 -0.923870 -0.382680 0.004494 -0.979273 -0.202505 -0.003960 -0.981591 -0.190985 0.002192 -0.980784 -0.195091 0.001518 -0.980784 -0.195091 0.001756 
						-0.999986 -0.004730 -0.002477 -0.999969 0.007015 0.003672 -0.999999 -0.000000 -0.001078 -1.000000 -0.000000 -0.000850 -0.981264 0.192666 -0.001296 -0.978926 0.204157 0.004843 -0.980779 0.195090 -0.003589 -0.980780 0.195090 -0.003366 -0.923985 0.382428 -0.000144 -0.919414 0.393246 0.006004 -0.923862 0.382677 -0.006055 -0.923864 0.382677 -0.005840 -0.830182 0.557491 0.001211 -0.823570 0.567167 0.007346 -0.831440 0.555551 -0.008393 -0.831442 0.555552 -0.008184 -0.704348 0.709852 0.002036 -0.695978 0.718017 0.008158 -0.707066 0.707066 -0.010734 -0.707067 0.707068 -0.010516 -0.550871 0.834585 0.002952 -0.541010 0.840967 0.009101 -0.555521 0.831396 -0.013315 -0.555522 0.831399 -0.013060 -0.374846 0.927077 0.004431 -0.364120 0.931293 0.010464 -0.382633 0.923757 -0.016265 -0.382633 0.923758 -0.016191 -0.190225 0.981737 0.002596 -0.181919 0.983289 0.007020 -0.195069 0.980676 -0.014912 -0.195069 0.980674 -0.015043 -0.070732 0.996808 -0.037032 -0.065167 0.997291 -0.034118 0.000000 0.999907 -0.013650 0.000000 0.999905 -0.013779 0.061754 0.997568 0.032331 0.180578 0.983530 -0.007733 0.189252 0.981924 -0.003115 0.068101 0.997041 0.035654 0.195061 0.980636 0.017441 0.000000 0.999860 0.016728 0.000000 0.999861 0.016646 0.195061 0.980637 0.017381 0.364003 0.931338 -0.010530 0.374746 0.927117 -0.004488 0.382625 0.923738 0.017501 0.382624 0.923735 0.017670 0.540896 0.841039 -0.009172 0.550745 0.834668 -0.003031 0.555521 0.831396 0.013306 0.555518 0.831392 0.013645 0.696351 0.717659 -0.007887 0.704740 0.709464 -0.001747 0.707071 0.707072 0.009951 0.707069 0.707070 0.010231 0.824450 0.565897 -0.006535 0.831051 0.556197 -0.000392 0.831449 0.555557 0.007044 0.831447 0.555556 0.007299 0.919990 0.391908 -0.005239 0.924536 0.381093 0.000904 0.923871 0.382680 0.004245 0.923870 0.382680 0.004491 
						0.000000 0.999968 -0.007990 -0.258816 0.965908 -0.005942 -0.257830 0.966188 -0.001818 0.002106 0.999991 -0.003736 -0.255702 0.966754 -0.001942 0.003527 0.999991 -0.002124 -0.254808 0.966992 -0.000090 0.001530 0.999999 -0.000033 -0.257605 0.966250 0.000694 -0.003673 0.999991 -0.002028 -0.260162 0.965562 -0.002350 -0.002860 0.999984 -0.004830 -0.258812 0.965895 -0.007950 0.000000 0.999983 -0.005869 -0.251781 0.967707 -0.012260 0.004617 0.999959 -0.007796 -0.250934 0.967994 -0.004502 0.009059 0.999946 -0.005004 -0.276169 0.961109 -0.000388 -0.011631 0.999932 -0.000251 0.008900 0.999960 0.000192 -0.249835 0.968288 0.000200 -0.265123 0.964207 -0.003934 -0.006867 0.999968 -0.004134 -0.263064 0.964747 -0.007817 -0.004492 0.999958 -0.007970 -0.500001 0.866023 -0.001907 -0.499299 0.866429 -0.001438 -0.496801 0.867862 -0.002220 -0.495496 0.868610 -0.000112 -0.498054 0.867145 0.001240 -0.500938 0.865481 -0.001830 -0.499982 0.865991 -0.008882 -0.492359 0.870267 -0.014760 -0.490405 0.871473 -0.006094 -0.511124 0.859507 -0.000277 -0.491060 0.871126 0.000223 -0.503060 0.864249 -0.002131 -0.501418 0.865200 -0.002911 -0.707107 0.707106 -0.001376 -0.702276 0.711804 -0.011958 -0.694834 0.719096 -0.010329 -0.692575 0.721346 -0.000439 -0.696389 0.717616 0.008290 -0.704054 0.710110 0.007237 -0.707060 0.707059 -0.011565 -0.696732 0.716926 -0.024116 -0.686586 0.726878 -0.015736 -0.692323 0.721587 0.000445 -0.687069 0.726592 0.000601 -0.697497 0.716541 0.008102 -0.703447 0.710690 0.009086 -0.866010 0.499993 -0.005844 -0.840365 0.536297 -0.078559 -0.789217 0.608894 -0.079908 -0.762575 0.646888 -0.003857 -0.789601 0.609220 0.073357 -0.843255 0.533219 0.067812 -0.865967 0.499967 -0.011603 -0.835400 0.542541 -0.088069 -0.777963 0.622796 -0.083059 -0.756366 0.654136 0.004057 -0.761950 0.647624 0.003875 -0.793064 0.604333 0.076364 
						-0.843444 0.532616 0.070162 0.866024 -0.500001 0.001244 0.965925 -0.258821 -0.000624 0.967442 -0.252858 -0.010914 0.884475 -0.460065 -0.077745 0.969848 -0.243526 -0.009503 0.923012 -0.375968 -0.081828 0.970899 -0.239489 -0.000433 0.944389 -0.328804 -0.004042 0.970956 -0.238991 0.011295 0.925877 -0.369483 0.078958 0.968007 -0.250507 0.014467 0.886944 -0.454002 0.084925 0.965925 -0.258819 -0.000841 0.865980 -0.499975 0.010226 0.967875 -0.251072 -0.013490 0.883868 -0.462476 -0.069943 0.971509 -0.236668 -0.012617 0.922927 -0.377759 -0.074191 0.975869 -0.218353 0.000898 0.945020 -0.326986 0.004085 0.934793 -0.355177 0.003449 0.968984 -0.247122 0.000261 0.970353 -0.241453 0.010789 0.919877 -0.384707 0.076336 0.967410 -0.252991 0.010672 0.884250 -0.460689 0.076596 0.999992 -0.000000 0.003956 0.999999 -0.000712 0.001264 0.999996 -0.002557 0.001539 1.000000 -0.000837 0.000018 0.999988 0.004280 0.002365 0.999997 0.001255 0.002120 0.999999 -0.000000 0.001657 0.999999 -0.000734 0.001239 0.999990 0.003959 -0.002186 0.999589 0.028654 0.000618 0.999965 -0.008425 -0.000182 0.999970 0.006590 0.003967 0.999974 0.003554 0.006308 0.965915 0.258819 0.004605 0.966358 0.257183 0.003004 0.967228 0.253889 0.003069 0.966065 0.258300 0.000012 0.965190 0.261547 0.001560 0.966083 0.258229 -0.001033 0.965925 0.258818 0.001368 0.966727 0.255753 0.005350 0.966504 0.256650 0.001241 0.959266 0.282505 0.000530 0.968823 0.247754 -0.000247 0.964642 0.263548 0.002951 0.965075 0.261912 0.005690 0.866009 0.499993 0.005876 0.867126 0.498073 0.003941 0.868966 0.494860 0.003566 0.866567 0.499060 0.000022 0.865201 0.501424 0.000907 0.865938 0.500151 0.000298 0.866021 0.499999 0.002967 0.866740 0.498754 0.002423 0.865666 0.500622 -0.000400 0.853043 0.521841 0.000547 0.872807 0.488066 -0.000297 
						0.863525 0.504296 0.002990 0.863929 0.503560 0.007324 0.707099 0.707100 0.004659 0.708336 0.705869 0.003099 0.709596 0.704606 0.002126 0.708328 0.705883 0.000033 0.706842 0.707372 0.000206 0.706045 0.708162 0.002534 0.707096 0.707098 0.005172 0.708973 0.705222 0.004477 0.708248 0.705963 0.000890 0.690853 0.722995 0.000492 0.718994 0.695016 -0.000363 0.705242 0.708965 0.001585 0.705183 0.709009 0.004795 0.499999 0.866026 0.000628 0.499845 0.866115 -0.000318 0.500061 0.865990 0.000042 0.500678 0.865633 0.000015 0.499230 0.866469 0.000491 0.497675 0.867352 0.004521 0.499988 0.866004 0.006979 0.505323 0.862867 0.010449 0.506727 0.862096 0.004303 0.484567 0.874754 0.000385 0.514941 0.857226 -0.000371 0.499737 0.866177 0.000185 0.499570 0.866273 0.000875 0.258818 0.965921 -0.003163 0.258151 0.966104 -0.001226 0.256764 0.966473 -0.001281 0.257427 0.966298 -0.000032 0.255848 0.966716 0.001698 0.253603 0.967266 0.009094 0.258808 0.965883 0.009453 0.265145 0.964145 0.011097 0.270172 0.962790 0.006506 0.249431 0.968393 0.000209 0.276676 0.960963 -0.000400 0.260867 0.965374 -0.001277 0.260729 0.965406 -0.003513 0.000001 0.999999 -0.001439 0.000002 1.000000 0.000003 -0.001109 0.999999 -0.000667 0.000299 1.000000 0.000006 -0.004210 0.999988 0.002325 -0.006151 0.999927 0.010388 0.000000 0.999973 0.007319 0.003847 0.999972 0.006496 0.006679 0.999971 0.003689 -0.014044 0.999901 0.000303 0.018978 0.999820 -0.000409 0.000933 0.999999 -0.000561 0.000791 0.999999 -0.001402 -0.258818 0.965926 0.000760 -0.258166 0.966100 0.001199 -0.257200 0.966358 0.001010 -0.255112 0.966911 0.000083 -0.262359 0.964968 0.002025 -0.263058 0.964751 0.007428 -0.258815 0.965907 0.006226 -0.254675 0.967000 0.007229 -0.256930 0.966429 0.001079 -0.280419 0.959877 0.000484 
						-0.240594 0.970626 -0.000406 -0.259539 0.965733 0.000450 -0.259452 0.965755 0.001163 -0.500000 0.866025 -0.001276 -0.499813 0.866133 0.000385 -0.498434 0.866927 0.001087 -0.496534 0.868017 0.000086 -0.500941 0.865481 0.000601 -0.502405 0.864619 0.004703 -0.499972 0.865974 0.010815 -0.493618 0.869591 0.012343 -0.494564 0.869134 0.003457 -0.512480 0.858699 0.000311 -0.483691 0.875239 -0.000405 -0.498892 0.866664 -0.000769 -0.499095 0.866545 -0.001849 -0.707098 0.707096 -0.005313 -0.704701 0.709479 0.005996 -0.697531 0.716509 0.008075 -0.693818 0.720150 0.000400 -0.697426 0.716617 -0.007493 -0.705772 0.708432 -0.003184 -0.707032 0.707030 0.014640 -0.696631 0.717016 0.024340 -0.682971 0.730213 0.018451 -0.684267 0.729231 -0.000686 -0.683609 0.729848 -0.000705 -0.695688 0.718279 -0.009615 -0.702345 0.711739 -0.011783 -0.866019 0.499996 0.003922 -0.840673 0.535936 0.077725 -0.791330 0.606398 0.077962 -0.765880 0.642973 0.003746 -0.794111 0.603785 -0.069507 -0.845444 0.530462 -0.061930 -0.865837 0.499890 0.020896 -0.832606 0.545659 0.094989 -0.775894 0.625144 0.084757 -0.754538 0.656244 -0.004118 -0.760958 0.648790 -0.003910 -0.790814 0.607010 -0.078439 -0.841630 0.534803 -0.075133 0.866025 -0.500000 -0.000599 0.965910 -0.258816 0.005737 0.967585 -0.252261 0.012005 0.884350 -0.460413 0.077106 0.970467 -0.240981 0.011085 0.922370 -0.377784 0.080697 0.972170 -0.234276 0.000550 0.942573 -0.333978 0.003928 0.970342 -0.241534 -0.009853 0.924720 -0.372764 -0.077075 0.967640 -0.252060 -0.011775 0.885546 -0.457967 -0.077946 0.965925 -0.258819 -0.000818 0.866024 -0.499999 -0.001827 0.968541 -0.248163 0.018525 0.885142 -0.459075 0.075989 0.972388 -0.232903 0.014751 0.924963 -0.372078 0.077467 0.976714 -0.214545 -0.000982 0.947223 -0.320547 -0.004226 0.934391 -0.356233 -0.003422 0.967333 -0.253509 -0.000119 
						0.968783 -0.247818 -0.006843 0.919463 -0.385835 -0.075621 0.966328 -0.257300 -0.002789 0.884052 -0.461237 -0.075578 0.999997 0.000000 0.002572 0.999994 0.001681 0.002984 0.999991 0.003639 0.002192 0.999983 0.005855 0.000128 0.999991 0.003696 -0.002042 0.999987 0.002625 -0.004436 0.999983 -0.000001 -0.005881 0.999996 -0.001394 -0.002352 1.000000 -0.000210 -0.000114 0.999799 0.020045 -0.000432 0.999855 -0.017025 0.000367 0.999998 -0.001656 0.000996 0.999996 -0.001417 0.002516 0.965926 0.258820 0.000332 0.965787 0.259333 0.000947 0.965758 0.259443 0.000389 0.966055 0.258336 -0.000011 0.965694 0.259681 -0.000491 0.965227 0.261373 -0.004470 0.965909 0.258813 -0.005885 0.967332 0.253333 -0.009558 0.967994 0.250935 -0.004500 0.961987 0.273094 -0.000319 0.969150 0.246470 0.000275 0.965422 0.260691 -0.001169 0.965776 0.259375 -0.001023 0.866024 0.499999 -0.001876 0.866546 0.499094 -0.001855 0.867804 0.496902 -0.002150 0.868825 0.495120 -0.000120 0.866210 0.499681 0.000204 0.865075 0.501633 -0.003190 0.866023 0.499998 -0.002431 0.867175 0.497989 -0.003903 0.866180 0.499732 -0.000169 0.853537 0.521032 -0.000527 0.871539 0.490326 0.000241 0.863464 0.504401 -0.003068 0.864950 0.501844 -0.003793 0.707104 0.707105 -0.002479 0.708162 0.706045 -0.002658 0.710313 0.703880 -0.002738 0.711696 0.702488 -0.000138 0.707870 0.706343 0.000595 0.706059 0.708149 -0.002498 0.707101 0.707102 -0.003818 0.708066 0.706142 -0.002294 0.705121 0.709085 0.001548 0.689762 0.724036 -0.000525 0.713991 0.700155 0.000208 0.702829 0.711349 -0.003630 0.705417 0.708780 -0.004222 0.499998 0.866024 -0.002194 0.501323 0.865256 -0.002718 0.502482 0.864586 -0.001726 0.503459 0.864019 -0.000085 0.498705 0.866771 -0.000827 0.497430 0.867490 -0.004998 0.499987 0.866004 -0.007116 0.503940 0.863704 -0.007723 
						0.506276 0.862362 -0.004014 0.490649 0.871357 -0.000232 0.508463 0.861084 0.000212 0.496008 0.868314 -0.002770 0.499053 0.866569 -0.001937 0.258816 0.965915 -0.004677 0.260674 0.965421 -0.003413 0.261191 0.965286 -0.001480 0.259236 0.965814 -0.000010 0.253473 0.967337 -0.003054 0.255291 0.966845 -0.006156 0.258813 0.965903 -0.006869 0.263681 0.964572 -0.008523 0.271997 0.962268 -0.007554 0.257699 0.966225 -0.000025 0.268935 0.963158 0.000226 0.255200 0.966886 -0.002254 0.257470 0.966283 -0.002476 0.999726 -0.000000 0.023389 0.998882 0.023639 0.040944 0.997748 -0.033537 -0.058087 0.999214 0.000000 -0.039649 -0.999482 0.000000 -0.032185 -0.998321 -0.028963 -0.050165 -0.998356 0.028657 0.049635 -0.999474 -0.000000 0.032436 0.999856 -0.014674 0.008472 1.000000 -0.000099 0.000171 0.999893 0.007316 -0.012672 0.999379 0.030522 -0.017622 -0.999784 0.018021 -0.010405 -0.999987 0.002602 -0.004506 -0.999943 -0.005333 0.009237 -0.999478 -0.027976 0.016152 -0.999888 0.012964 0.007485 -0.999998 -0.001058 -0.001833 -0.999926 -0.006079 -0.010529 -0.999465 -0.028315 -0.016348 0.999758 -0.019049 -0.010998 0.999982 -0.002973 -0.005149 0.999979 0.003243 0.005617 0.999607 0.024278 0.014017 0.994067 -0.094195 0.054382 0.998691 -0.025572 0.044293 0.998441 0.027909 -0.048339 0.995297 0.083892 -0.048434 -0.992168 0.108178 -0.062456 -0.997994 0.031657 -0.054831 -0.999072 -0.021538 0.037306 -0.996624 -0.071103 0.041050 0.999999 0.001684 -0.000000 0.999996 0.002900 -0.000000 -0.999997 -0.002312 0.000000 -0.999989 -0.004706 0.000000 0.999570 0.000000 0.029310 0.999547 -0.000000 -0.030098 -0.999232 -0.000000 -0.039176 -0.999816 0.000000 0.019199 0.996347 0.073959 0.042699 0.994320 -0.092175 -0.053217 -0.995220 -0.084579 -0.048831 -0.995645 0.080738 0.046613 0.994638 0.103417 0.000000 0.990605 -0.136756 -0.000000 
						-0.993129 -0.117021 -0.000000 -0.992592 0.121492 0.000000 0.986511 -0.163694 -0.000000 0.993442 0.114341 0.000000 -0.983082 0.183163 0.000000 -0.995181 -0.098058 -0.000000 -0.994909 -0.050387 -0.087272 -0.997781 -0.000000 -0.066581 -0.997260 -0.000000 -0.073974 -0.995497 -0.047395 -0.082091 -0.999578 -0.014530 0.025167 -0.999070 -0.021558 0.037340 -0.998270 0.000000 0.058792 -0.998962 0.000000 0.045560 -0.998305 0.029099 0.050400 -0.996173 0.043699 0.075690 -0.999181 0.020235 -0.035049 -0.998573 0.026698 -0.046243 0.999260 0.019237 -0.033320 0.998853 0.023946 -0.041476 0.997857 -0.000000 -0.065431 0.998083 -0.000000 -0.061884 0.996584 -0.041294 -0.071524 0.995096 -0.049457 -0.085661 0.987616 -0.135872 -0.078447 0.994669 -0.089304 -0.051560 -0.990118 0.121451 0.070121 -0.997367 0.062802 0.036259 -0.993626 -0.097627 -0.056366 -0.987661 -0.135628 -0.078306 0.999897 0.012434 -0.007179 0.999846 0.015202 -0.008777 -0.999924 -0.010697 0.006176 -0.999864 -0.014300 0.008256 -0.999925 0.010608 -0.006124 -0.999491 0.027628 -0.015951 -0.999926 -0.010564 -0.006099 -0.999925 -0.010593 -0.006116 -0.999963 0.008599 -0.000000 -0.999993 -0.003676 0.000000 -0.999999 0.001329 -0.000000 -0.999973 -0.007337 0.000000 -0.999864 0.014294 0.008253 -0.999972 0.006512 0.003760 0.999986 -0.005339 0.000000 0.999986 0.005216 -0.000000 0.999616 -0.023985 -0.013848 0.999883 -0.013254 -0.007652 -0.989187 0.127008 -0.073329 -0.995667 0.080536 -0.046498 -0.997312 0.036636 -0.063456 -0.995092 0.049476 -0.085695 -0.998009 -0.031533 0.054616 -0.996746 -0.040305 0.069810 -0.998825 -0.000000 0.048453 -0.998826 -0.000000 0.048444 -0.998593 0.000000 -0.053027 -0.997789 0.000000 -0.066465 -0.997263 -0.064029 0.036968 -0.990750 -0.117517 0.067849 0.995365 0.048082 -0.083281 0.995321 0.048313 -0.083681 0.998144 0.000000 -0.060895 0.997243 0.000000 -0.074201 
						0.993666 0.097318 -0.056187 0.987657 0.135644 -0.078316 -0.999455 0.016510 0.028596 -0.999486 0.016026 0.027757 -0.999446 -0.016645 -0.028829 -0.999166 -0.020412 -0.035356 0.999077 -0.021474 -0.037194 0.998769 -0.024803 -0.042961 0.994097 0.108491 0.000000 0.982724 0.185076 0.000000 -0.997517 -0.070426 -0.000000 -0.986588 -0.163230 -0.000000 -0.983365 0.181640 0.000000 -0.993961 0.109737 0.000000 -0.984335 0.176310 0.000000 -0.996317 0.085750 0.000000 -0.994059 -0.108844 -0.000000 -0.982706 -0.185171 -0.000000 0.980463 -0.196703 -0.000000 0.992619 -0.121276 -0.000000 0.999760 0.010959 0.018982 0.999971 0.006565 0.003790 0.999949 0.008775 0.005066 0.999378 0.017627 0.030531 0.834466 0.505439 -0.219540 0.835653 0.548288 0.032623 0.835335 0.548080 0.042709 0.833942 0.509792 -0.211312 0.804549 -0.591726 -0.050601 0.802911 -0.552149 0.224646 0.802621 -0.554108 0.220824 0.804380 -0.591601 -0.054602 -0.803324 -0.549141 0.230466 -0.804854 -0.591947 -0.042528 -0.804527 -0.591706 -0.051181 -0.802798 -0.552920 0.223146 -0.835323 0.548075 0.043004 -0.833967 0.509604 -0.211667 -0.833662 0.511893 -0.207301 -0.835112 0.547938 0.048491 0.836095 0.472876 0.278091 0.835728 0.248181 0.489862 0.835966 0.258476 0.484098 0.835929 0.464791 0.291876 0.805431 -0.279233 -0.522790 0.805324 -0.500331 -0.317998 0.805027 -0.494220 -0.328145 0.805554 -0.288591 -0.517492 -0.805550 -0.508197 -0.304671 -0.805113 -0.266249 -0.530004 -0.805396 -0.277113 -0.523971 -0.805345 -0.500642 -0.317454 -0.835953 0.258019 0.484365 -0.835919 0.464723 0.292013 -0.835633 0.458197 0.302942 -0.836071 0.267084 0.479220 -0.836098 -0.474182 0.275845 -0.835755 -0.249423 0.489184 -0.835965 -0.258869 0.483890 -0.835947 -0.465431 0.290804 -0.805468 0.281779 -0.521365 -0.805401 0.502393 -0.314533 -0.805176 0.496978 -0.323582 -0.805571 0.292294 -0.515382 
						0.805541 0.507784 -0.305384 0.805044 0.264394 -0.531036 0.805335 0.274688 -0.525340 0.805302 0.499650 -0.319122 0.836012 -0.262106 0.482062 0.836002 -0.467499 0.287309 0.835787 -0.461307 0.297752 0.836091 -0.271718 0.476572 0.834320 -0.506697 -0.217184 0.827775 -0.393506 -0.399927 0.829144 -0.383537 -0.406719 0.833852 -0.510458 -0.210055 0.798799 0.405973 0.443966 0.803461 0.548068 0.232533 0.803014 0.551409 0.226089 0.797756 0.413864 0.438523 -0.803120 0.550636 0.227594 -0.795152 0.431376 0.426202 -0.796645 0.421666 0.433075 -0.802645 0.553927 0.221194 -0.831025 -0.367955 -0.417141 -0.834705 -0.503193 -0.223750 -0.834246 -0.507335 -0.215974 -0.830048 -0.376367 -0.411544 0.835875 0.023156 0.548431 0.835975 0.017299 0.548496 0.805291 0.027005 -0.592264 0.805416 0.020516 -0.592355 -0.805313 -0.026016 -0.592279 -0.805434 -0.019365 -0.592369 -0.835802 -0.026670 0.548383 -0.835923 -0.020518 0.548462 0.835453 -0.548163 0.039187 0.835187 -0.547988 0.046604 0.804973 0.592032 -0.038937 0.804710 0.591838 -0.046579 -0.804592 0.591760 -0.049506 -0.804351 0.591583 -0.055220 -0.835794 -0.548379 0.026990 -0.835538 -0.548211 0.036625 0.830637 0.371373 -0.414879 0.829687 0.379276 -0.409596 0.798173 -0.410762 0.440675 0.796924 -0.419742 0.434429 -0.798692 -0.406793 0.443408 -0.797696 -0.414278 0.438240 -0.830115 0.375794 -0.411932 -0.829096 0.383880 -0.406492 0.801237 0.285753 -0.525704 0.798446 0.296717 -0.523873 0.760934 -0.328300 0.559641 0.757454 -0.340475 0.557082 -0.764722 -0.314446 0.562427 -0.761641 -0.325765 0.560161 -0.798404 0.296877 -0.523846 -0.795555 0.307624 -0.521977 0.794407 -0.311843 -0.521222 0.801299 -0.285506 -0.525744 0.764939 0.313633 0.562585 0.761790 0.325230 0.560269 -0.756428 0.343975 0.556326 -0.763564 0.318753 0.561574 -0.802236 -0.281714 -0.526359 -0.799381 -0.293093 -0.524486 
						0.990290 0.120394 0.069511 0.996920 0.067918 0.039213 0.997196 0.074835 0.000000 0.986008 0.166700 0.000000 0.987297 -0.158886 -0.000000 0.997194 -0.074857 -0.000000 0.998023 -0.054422 0.031421 0.991746 -0.111037 0.064108 0.998404 -0.000000 0.056474 0.999360 -0.000000 0.035776 0.998768 -0.024810 0.042972 0.996357 -0.042639 0.073853 0.999973 -0.007332 0.000000 0.999994 0.003460 -0.000000 0.999721 -0.020464 0.011815 0.999964 -0.007303 0.004217 0.999260 -0.019226 0.033300 0.999425 -0.016961 0.029378 0.996163 0.043758 0.075791 0.997743 0.033571 0.058147 0.998485 0.000000 0.055027 0.998656 0.000000 0.051837 0.499202 0.866385 0.013158 0.481413 0.875802 0.034827 0.519724 0.853295 -0.042131 0.498217 0.864675 -0.064160 0.498237 0.864708 0.063560 0.478210 0.877292 0.040924 0.520267 0.852906 -0.043280 0.499044 0.866110 -0.028444 0.508232 0.861199 0.006016 0.496381 0.868086 -0.005698 0.483516 0.874793 -0.030804 0.484343 0.874823 -0.009862 0.484794 0.874576 -0.009566 0.518652 0.854056 0.039849 0.496686 0.867915 -0.005103 0.473733 0.880508 -0.016809 0.510445 0.859878 -0.007501 0.498407 0.866941 0.001663 0.496898 0.867796 0.004667 0.485092 0.874413 0.009371 0.519346 0.854457 -0.013511 0.504320 0.863456 -0.010219 0.494538 0.869106 0.009347 0.475612 0.879517 0.015590 0.568484 0.821313 0.047653 0.523701 0.850398 0.050596 0.471049 0.880429 -0.054391 0.421525 0.905431 -0.050108 0.588705 0.805952 0.062194 0.525628 0.848952 0.054739 0.482663 0.875205 -0.032443 0.424896 0.903968 -0.048002 0.495053 0.868863 -0.000004 0.502729 0.864444 -0.000004 0.468587 0.883417 0.000001 0.490618 0.871375 0.000001 0.498968 0.865984 0.033207 0.498870 0.865814 -0.038663 0.498884 0.865839 0.037910 0.499180 0.866352 -0.015949 0.437916 0.898134 0.039805 0.584049 0.809585 -0.058821 
						0.426698 0.903179 0.046875 0.575633 0.816005 -0.052754 0.414162 0.910203 -0.000003 0.645401 0.763844 -0.000004 0.399170 0.916877 0.000001 0.630989 0.775792 0.000002 0.602399 0.798195 -0.000004 0.392488 0.919757 -0.000003 0.649936 0.759989 0.000002 0.380923 0.924607 0.000001 0.453645 0.887004 0.086201 0.498465 0.865106 0.055905 0.497971 0.864249 0.071402 0.457300 0.885741 0.079625 0.485634 0.873753 -0.026727 0.480302 0.876324 -0.036958 0.498333 0.864875 -0.060461 0.498719 0.865550 -0.045853 0.523480 0.850563 -0.050119 0.535296 0.841247 -0.075906 0.511798 0.858727 0.025524 0.519734 0.853289 0.042136 0.486195 0.873474 -0.025644 0.483375 0.874862 -0.031077 0.498465 0.865105 -0.055911 0.498653 0.865432 -0.048700 0.526916 0.847969 -0.057513 0.539948 0.837259 -0.086332 0.602456 0.794874 -0.072266 0.563355 0.825042 -0.044010 0.594145 0.801633 -0.066154 0.550065 0.834403 -0.034659 0.415525 0.907986 0.053851 0.377485 0.922796 0.077150 0.494229 0.869326 -0.003334 0.484422 0.874779 -0.009811 0.487675 0.872992 -0.007668 0.486084 0.873869 -0.008719 0.515265 0.856963 0.010753 0.521742 0.852969 0.015144 0.486859 0.873442 0.008206 0.489199 0.872147 0.006662 0.507756 0.861501 0.000000 0.503167 0.864189 0.000000 0.496806 0.867862 0.000000 0.491278 0.871003 0.000000 0.507699 0.861516 -0.005655 0.503372 0.864066 -0.002754 0.508602 0.861002 0.000000 0.495003 0.868891 0.000000 0.522691 0.852376 -0.015791 0.511633 0.859164 -0.008303 0.602285 0.795014 0.072146 0.565051 0.823816 0.045217 0.530300 0.845323 0.064893 0.539507 0.837644 0.085351 0.475215 0.878636 -0.046587 0.462846 0.883707 -0.069530 0.498715 0.865550 -0.045900 0.498836 0.865754 -0.040403 0.498505 0.865180 0.054375 0.498127 0.864523 0.066845 0.448072 0.893375 -0.033355 0.397641 0.915244 -0.064889 
						0.456179 0.886135 -0.081637 0.451756 0.887634 -0.089571 0.497956 0.864227 -0.071771 0.497955 0.864225 -0.071806 0.408325 0.910973 -0.058310 0.371105 0.925052 -0.080988 0.512561 0.858223 -0.027110 0.510331 0.859684 -0.022503 0.483993 0.874561 0.029894 0.480571 0.876198 0.036446 0.519959 0.853127 -0.042626 0.520453 0.852773 -0.043672 0.393666 0.919254 -0.000000 0.322594 0.946538 0.000000 0.439556 0.898215 0.000003 0.362507 0.931981 0.000002 0.645895 0.763426 0.000000 0.586253 0.810128 -0.000000 0.634550 0.772882 0.000004 0.566001 0.824405 0.000003 0.406544 0.913631 0.000000 0.334269 0.942478 -0.000000 0.645328 0.763906 -0.000000 0.587116 0.809503 -0.000000 0.484913 0.874110 0.028120 0.485406 0.874241 0.009165 0.489600 0.871924 0.006398 0.480738 0.876120 0.036121 -0.017757 0.973771 -0.226835 -0.057886 0.998075 0.022263 -0.057867 0.997758 0.033625 -0.022165 0.975727 -0.217866 0.914350 0.401696 -0.051039 0.873784 0.424213 0.237792 0.880281 0.419230 0.222150 0.914858 0.401920 -0.038666 -0.069234 0.967843 -0.241842 -0.110808 0.990525 0.081134 -0.110960 0.991884 0.062090 -0.075454 0.970492 -0.229025 0.892053 0.450233 -0.039136 0.855360 0.470095 0.217648 0.859282 0.467128 0.208390 0.891688 0.450048 -0.048473 0.004415 0.962408 0.271571 0.198184 0.850471 0.487260 0.189435 0.855724 0.481509 0.012037 0.957921 0.286780 0.655489 0.552038 -0.515352 0.818829 0.456210 -0.348412 0.824986 0.453314 -0.337497 0.654553 0.552571 -0.515970 -0.030935 0.947239 0.319031 0.137458 0.850483 0.507725 0.153019 0.841523 0.518097 -0.035363 0.949993 0.310262 0.640174 0.595901 -0.484849 0.821473 0.491488 -0.289173 0.814906 0.494930 -0.301617 0.648470 0.591271 -0.479463 0.006719 0.961083 -0.276178 0.200016 0.849355 -0.488457 0.191672 0.854395 -0.482982 0.013803 0.956838 -0.290295 
						0.653904 0.552937 0.516401 0.839169 0.446078 0.311143 0.832435 0.449618 0.323877 0.655016 0.552304 0.515669 -0.034753 0.949619 -0.311474 0.176214 0.827419 -0.533223 0.165383 0.834117 -0.526211 -0.028314 0.945563 -0.324204 0.642223 0.594774 0.483522 0.820110 0.492223 0.291782 0.814648 0.495066 0.302090 0.651268 0.589690 0.477615 0.859063 0.467296 -0.208914 0.741593 0.530479 -0.410647 0.747603 0.525910 -0.405597 0.861348 0.465514 -0.203411 0.042435 0.896714 0.440571 -0.077275 0.971230 0.225258 -0.080076 0.972332 0.219449 0.034550 0.899907 0.434712 0.877967 0.421046 -0.227802 0.770450 0.473841 -0.426476 0.761891 0.480679 -0.434132 0.880493 0.419063 -0.221625 0.093973 0.904660 0.415643 -0.017567 0.973684 0.227223 -0.022900 0.976043 0.216367 0.093204 0.904994 0.415090 0.393668 0.737772 0.548378 0.399574 0.734524 0.548466 0.384381 0.708068 -0.592360 0.386077 0.707126 -0.592383 0.373639 0.713955 0.592168 0.395712 0.701708 0.592468 0.391169 0.739134 -0.548332 0.397895 0.735453 -0.548443 0.891877 0.450149 0.043827 0.891554 0.449986 0.051421 -0.111041 0.992619 -0.048753 -0.110997 0.992225 -0.056293 0.914456 0.401748 0.048662 0.914141 0.401609 0.055275 -0.057884 0.998045 -0.023573 -0.057866 0.997735 -0.034286 0.097620 0.903067 -0.418259 0.088614 0.906963 -0.411783 0.765764 0.477607 0.430695 0.760656 0.481647 0.435222 0.051959 0.892728 -0.447590 0.043667 0.896207 -0.441482 0.753519 0.521324 0.400538 0.748461 0.525253 0.404866 0.159046 0.834988 -0.526781 0.145568 0.838839 -0.524555 0.671136 0.488432 0.557683 0.654093 0.505760 0.562467 0.116537 0.817632 -0.563823 0.104969 0.820750 -0.561562 0.668067 0.531358 0.520908 0.652143 0.547184 0.524689 0.657331 0.542096 -0.523496 0.664907 0.534548 -0.521687 0.105601 0.820583 0.561687 0.091538 0.824211 0.558835 
						0.674326 0.485107 -0.556736 0.654777 0.505078 -0.562284 0.121179 0.845359 0.520273 0.138192 0.840871 0.523295 0.393187 0.916969 0.067617 0.443101 0.895727 0.036526 0.434755 0.900549 0.000003 0.350394 0.936602 0.000002 0.645316 0.763915 0.000004 0.573507 0.819201 0.000003 0.553952 0.831709 0.037387 0.600441 0.796530 0.070786 0.498264 0.864754 0.062713 0.498707 0.865530 0.046355 0.524645 0.849693 0.052623 0.537230 0.839612 0.080221 0.496256 0.868176 0.000000 0.493155 0.869941 -0.000000 0.510264 0.859986 0.007381 0.500422 0.865781 0.000789 0.511990 0.858600 0.025930 0.510702 0.859443 0.023275 0.463515 0.883452 0.068311 0.472560 0.879788 0.051570 0.498729 0.865572 0.045322 0.498749 0.865602 0.044525 -0.501367 0.864905 0.023880 -0.522927 0.851231 0.044190 -0.475430 0.878303 -0.050499 -0.501211 0.864635 -0.034535 -0.500989 0.864252 0.045593 -0.530331 0.845656 0.060126 -0.479545 0.876476 -0.042747 -0.501375 0.864918 -0.023235 -0.492647 0.870209 0.005893 -0.500870 0.865521 0.001287 -0.504310 0.863504 -0.005621 -0.520751 0.853610 -0.012951 -0.500361 0.865816 0.000764 -0.490434 0.871204 0.021861 -0.500574 0.865692 0.001878 -0.511459 0.859282 -0.006672 -0.505632 0.862745 0.002750 -0.495535 0.868507 -0.011870 -0.503284 0.864114 0.003559 -0.512577 0.858609 0.007417 -0.476976 0.878767 -0.016200 -0.495486 0.868534 -0.011974 -0.508626 0.860868 0.014376 -0.500782 0.865573 -0.000488 -0.418628 0.906587 0.053398 -0.479704 0.876403 0.042445 -0.529938 0.845962 -0.059272 -0.578135 0.814217 -0.053017 -0.423063 0.904685 0.050633 -0.474044 0.878898 0.053107 -0.522200 0.851757 -0.042630 -0.577353 0.814808 -0.052455 -0.479006 0.877812 -0.000004 -0.497082 0.867704 -0.000004 -0.524500 0.851411 -0.000004 -0.526326 0.850283 -0.000004 -0.501265 0.864723 0.031418 -0.501089 0.864420 -0.041087 
						-0.501234 0.864671 0.033295 -0.501285 0.864759 -0.030084 -0.567275 0.822283 0.045265 -0.427014 0.902962 -0.048154 -0.577495 0.814700 0.052562 -0.433773 0.899951 -0.043910 -0.591607 0.806227 0.000004 -0.386304 0.922372 0.000003 -0.603823 0.797118 0.000005 -0.396594 0.917994 0.000003 -0.354321 0.935124 0.000003 -0.602677 0.797985 0.000005 -0.381210 0.924489 0.000003 -0.619043 0.785358 0.000005 -0.546345 0.832048 0.095937 -0.500260 0.863002 0.070474 -0.499976 0.862512 0.078080 -0.541734 0.836198 0.085424 -0.512552 0.858362 -0.022447 -0.517426 0.855108 -0.032582 -0.500766 0.863868 -0.054454 -0.501079 0.864411 -0.041399 -0.477706 0.877303 -0.046225 -0.464157 0.882873 -0.071372 -0.483717 0.874532 0.034815 -0.475748 0.878164 0.049913 -0.516790 0.855542 -0.031240 -0.519450 0.853707 -0.036819 -0.500441 0.863313 -0.065186 -0.500636 0.863650 -0.058926 -0.464882 0.882598 -0.070042 -0.458218 0.885036 -0.082146 -0.384319 0.920191 -0.074477 -0.422571 0.904897 -0.050942 -0.398341 0.914865 -0.065927 -0.449540 0.892616 -0.033912 -0.585059 0.808913 0.058013 -0.619107 0.780894 0.083132 -0.510825 0.859662 -0.006240 -0.510679 0.859749 -0.006142 -0.507473 0.861658 -0.003991 -0.514606 0.857382 -0.008794 -0.486752 0.873485 0.009787 -0.474029 0.880323 0.018122 -0.510691 0.859743 0.006155 -0.510771 0.859694 0.006209 -0.491370 0.870951 0.000004 -0.495015 0.868884 0.000004 -0.495315 0.868714 -0.000001 -0.499223 0.866473 0.000000 -0.485524 0.874159 -0.010593 -0.488669 0.872428 -0.008521 -0.496730 0.867905 0.000004 -0.497927 0.867219 0.000004 -0.481879 0.876142 -0.012985 -0.483878 0.875057 -0.011672 -0.383022 0.920668 0.075263 -0.427562 0.902720 0.047818 -0.467872 0.881435 0.064553 -0.456746 0.885546 0.084796 -0.528469 0.847098 -0.056081 -0.536646 0.840554 -0.074018 -0.500827 0.863978 -0.052102 -0.500858 0.864026 -0.050988 
						-0.500797 0.863928 0.053211 -0.500433 0.863299 0.065441 -0.558168 0.828819 -0.038821 -0.599075 0.797780 -0.068238 -0.539634 0.838024 -0.080690 -0.545829 0.832522 -0.094752 -0.500259 0.862999 -0.070529 -0.500183 0.862868 -0.072634 -0.581689 0.811511 -0.055577 -0.617572 0.782230 -0.081979 -0.487110 0.872882 -0.028289 -0.485904 0.873476 -0.030617 -0.515419 0.856468 0.028381 -0.519058 0.853981 0.035994 -0.480228 0.876163 -0.041460 -0.479342 0.876567 -0.043139 -0.592671 0.805445 0.000000 -0.655460 0.755230 -0.000000 -0.567235 0.823556 0.000000 -0.634391 0.773012 0.000004 -0.327530 0.944841 -0.000000 -0.399668 0.916660 -0.000000 -0.346028 0.938224 0.000002 -0.430208 0.902730 -0.000000 -0.596475 0.802632 -0.000000 -0.657822 0.753173 0.000000 -0.324181 0.945995 0.000000 -0.394503 0.918894 -0.000000 -0.512147 0.858626 0.021608 -0.509841 0.860250 0.005580 -0.512494 0.858659 0.007365 -0.514127 0.857329 0.025697 -0.856571 0.467868 -0.217682 -0.893468 0.448018 0.031547 -0.893151 0.447859 0.041285 -0.858904 0.466109 -0.212195 0.108461 0.993077 -0.045096 0.072044 0.970325 0.230821 0.075159 0.971601 0.224369 0.108422 0.992722 -0.052426 -0.883100 0.415534 -0.217866 -0.915187 0.399208 0.055374 -0.915075 0.399160 0.057529 -0.884971 0.413996 -0.213150 0.055258 0.997935 -0.032733 0.019902 0.975908 0.217271 0.023065 0.977255 0.210808 0.055238 0.997569 -0.042478 -0.827550 0.486684 0.279822 -0.638293 0.596124 0.487050 -0.639907 0.595236 0.486017 -0.819775 0.490935 0.294876 -0.155278 0.841087 -0.518133 0.031992 0.949537 -0.312020 0.025923 0.945689 -0.324037 -0.149830 0.844288 -0.514518 -0.834756 0.446852 0.321724 -0.657715 0.549874 0.514830 -0.652198 0.553023 0.518462 -0.833916 0.447287 0.323294 -0.184856 0.859252 -0.476985 -0.012824 0.958930 -0.283351 -0.020376 0.954229 -0.298384 -0.186568 0.858248 -0.478124 
						-0.822645 0.489398 -0.289388 -0.658013 0.584973 -0.474157 -0.649673 0.589768 -0.479686 -0.819637 0.491007 -0.295139 -0.150245 0.844046 0.514793 0.033095 0.950216 0.309829 0.026421 0.946011 0.323055 -0.149321 0.844585 0.514178 -0.839699 0.444232 -0.312353 -0.625901 0.567376 -0.535100 -0.635706 0.562148 -0.529024 -0.833800 0.447347 -0.323509 -0.185234 0.859031 0.477235 -0.017531 0.956035 0.292727 -0.018725 0.955282 0.295102 -0.190417 0.855975 0.480675 0.018984 0.975508 -0.219143 -0.075850 0.913031 -0.400775 -0.084645 0.909415 -0.407186 0.022541 0.977036 -0.211878 -0.758604 0.482255 0.438121 -0.882426 0.416080 0.219550 -0.884468 0.414413 0.214425 -0.763988 0.478018 0.433384 0.073276 0.970835 -0.228275 -0.048603 0.895006 -0.443398 -0.040516 0.898352 -0.437403 0.076461 0.972119 -0.221670 -0.744035 0.527742 0.409757 -0.856998 0.467551 0.216681 -0.859618 0.465563 0.210495 -0.742781 0.528692 0.410805 -0.404218 0.731956 0.548496 -0.418741 0.723683 0.548579 -0.418780 0.688253 -0.592395 -0.414097 0.691040 -0.592442 -0.425622 0.684128 0.592296 -0.407613 0.694854 0.592478 -0.443186 0.709140 -0.548368 -0.425342 0.719833 -0.548566 0.055243 0.997685 0.039661 0.055232 0.997501 0.044069 -0.915400 0.399307 -0.050952 -0.915149 0.399197 -0.056067 0.108466 0.993106 0.044441 0.108420 0.992684 0.053140 -0.893261 0.447914 -0.038170 -0.893112 0.447839 -0.042331 -0.739846 0.530900 -0.413246 -0.744195 0.527619 -0.409625 -0.052820 0.893221 0.446505 -0.042658 0.897476 0.438995 -0.758903 0.482021 -0.437861 -0.764973 0.477233 -0.432510 -0.096846 0.904190 0.416006 -0.089848 0.907216 0.410958 -0.650522 0.548453 -0.525377 -0.656564 0.542533 -0.524005 -0.102420 0.821716 0.560618 -0.087018 0.825646 0.557437 -0.661239 0.498179 -0.560875 -0.669197 0.490021 -0.558619 -0.148926 0.838127 0.524751 -0.138087 0.841139 0.522894 
						-0.129021 0.843569 -0.521292 -0.154703 0.836475 -0.525716 -0.660849 0.498575 0.560983 -0.667916 0.491345 0.558989 -0.102238 0.821764 -0.560582 -0.091063 0.824635 -0.558287 -0.678497 0.520294 0.518591 -0.666114 0.533002 0.521729 -0.600674 0.796474 0.069419 -0.556639 0.829897 0.037745 -0.562411 0.826858 0.000000 -0.637802 0.770200 -0.000004 -0.357967 0.933734 -0.000002 -0.433493 0.901157 -0.000000 -0.451775 0.891541 0.032484 -0.402096 0.913385 0.063621 -0.500800 0.863921 0.053291 -0.501144 0.864520 0.038201 -0.478413 0.876987 0.044890 -0.463829 0.882997 0.071965 -0.498626 0.866817 -0.000001 -0.504634 0.863334 -0.000003 -0.486842 0.873436 0.009724 -0.487198 0.873240 0.009491 -0.485615 0.873617 0.031169 -0.484464 0.874174 0.033384 -0.536691 0.840517 0.074124 -0.528699 0.846922 0.056578 -0.500771 0.863881 0.054203 -0.500875 0.864057 0.050300 0.923880 0.382684 -0.000001 0.923880 0.382683 -0.000001 0.923880 0.382683 -0.000001 0.923880 0.382683 -0.000001 0.923880 0.382683 -0.000001 0.923880 0.382683 -0.000001 0.923879 0.382684 -0.000001 0.923880 0.382682 -0.000001 0.923880 0.382683 -0.000001 0.923880 0.382683 -0.000001 0.923880 0.382683 -0.000001 0.923880 0.382683 -0.000001 0.923880 0.382683 -0.000001 0.923880 0.382683 -0.000001 0.923880 0.382682 -0.000001 0.923880 0.382683 -0.000001 0.923880 0.382683 -0.000001 0.923880 0.382684 -0.000001 0.923881 0.382681 -0.000001 0.923879 0.382685 -0.000001 0.923879 0.382684 -0.000001 0.923880 0.382683 -0.000001 0.923885 0.382670 -0.000001 0.923880 0.382683 -0.000001 -0.323878 0.899201 0.294178 -0.446712 0.875084 0.186214 -0.454798 0.869045 0.194728 -0.324706 0.898656 0.294930 -0.069329 0.995604 -0.062971 -0.229630 0.972897 0.027248 -0.258079 0.966123 0.000696 -0.087683 0.992960 -0.079642 -0.608025 0.784486 0.122017 -0.625054 0.767333 0.143203 
						-0.443178 0.894577 0.057662 -0.482499 0.875708 0.018162 -0.763102 0.641543 0.078081 -0.780655 0.615943 0.105797 -0.657454 0.751090 0.060146 -0.695157 0.718699 0.015128 -0.888492 0.456755 0.044230 -0.902234 0.424528 0.075821 -0.836902 0.545176 0.048769 -0.864537 0.502562 0.002699 -0.970175 0.241886 0.015863 -0.977503 0.204902 0.050033 -0.952187 0.302659 0.041685 -0.967272 0.253694 -0.004821 -0.999918 0.009488 -0.008618 -0.999226 -0.029109 0.026440 -0.999010 0.032939 0.029913 -0.999620 -0.020402 -0.018536 -0.974824 -0.220030 -0.036131 -0.966322 -0.257333 -0.001405 -0.970137 -0.242049 0.015706 -0.954875 -0.295015 -0.034352 -0.898012 -0.435051 -0.065617 -0.882233 -0.469783 -0.031130 -0.864904 -0.501933 -0.002029 -0.834878 -0.547983 -0.051889 -0.775194 -0.624239 -0.096953 -0.753928 -0.653802 -0.064307 -0.695727 -0.718162 -0.014408 -0.657741 -0.750866 -0.059810 -0.617462 -0.775161 -0.133664 -0.594887 -0.796778 -0.106089 -0.491154 -0.871024 -0.009218 -0.452441 -0.890474 -0.048504 -0.439983 -0.879955 -0.179146 -0.427792 -0.888417 -0.166461 -0.271463 -0.962375 0.011930 -0.244004 -0.969675 -0.013877 -0.309594 -0.908340 -0.281196 -0.309152 -0.908614 -0.280794 -0.101116 -0.990627 0.091840 -0.084434 -0.993474 0.076688 -0.304409 0.911531 -0.276489 -0.437316 0.881841 -0.176381 -0.447708 0.874352 -0.187260 -0.308401 0.909079 -0.280114 -0.084658 0.993439 0.076894 -0.237928 0.971086 -0.019535 -0.264623 0.964336 0.005473 -0.100064 0.990821 0.090887 -0.605539 0.786872 -0.118978 -0.623312 0.769155 -0.141005 -0.447723 0.892590 -0.053176 -0.486715 0.873452 -0.013812 -0.762716 0.642077 -0.077473 -0.780036 0.616902 -0.104766 -0.661430 0.747946 -0.055566 -0.698476 0.715550 -0.010966 -0.886978 0.459988 -0.040991 -0.900539 0.428828 -0.071660 -0.838098 0.543500 -0.046900 -0.866093 0.499883 0.000124 -0.968531 0.248712 -0.009493 -0.976101 0.213123 -0.042496 
						-0.955019 0.294596 -0.033945 -0.969853 0.243255 0.014586 -0.999520 0.022919 0.020820 -0.999788 -0.015246 -0.013845 -0.999602 0.020891 -0.018978 -0.998904 -0.034654 0.031473 -0.977043 -0.207683 0.047482 -0.969122 -0.246303 0.011737 -0.965721 -0.259580 0.000716 -0.948302 -0.313117 0.051781 -0.901792 -0.425665 0.074708 -0.886682 -0.460615 0.040354 -0.856111 -0.516495 0.017503 -0.825668 -0.560308 0.065791 -0.782650 -0.612833 0.109059 -0.762163 -0.642834 0.076632 -0.689636 -0.723823 0.021972 -0.651081 -0.756010 0.067406 -0.625933 -0.766411 0.144300 -0.603281 -0.789016 0.116216 -0.480565 -0.876728 0.020139 -0.439895 -0.895984 0.060876 -0.448882 -0.873487 0.188482 -0.437687 -0.881582 0.176757 -0.257985 -0.966149 0.000781 -0.229632 -0.972896 0.027243 -0.324347 -0.898893 0.294603 -0.322594 -0.900043 0.293012 -0.068637 -0.995692 -0.062340 -0.086007 -0.993227 -0.078117 -0.333795 0.892559 -0.303180 -0.469539 0.857480 -0.210384 -0.483101 0.846177 -0.224940 -0.344913 0.884812 -0.313278 -0.622191 0.770320 -0.139594 -0.640021 0.751000 -0.162394 -0.767862 0.634896 -0.085411 -0.788187 0.603951 -0.118341 -0.891561 0.450030 -0.050907 -0.907606 0.410161 -0.089555 -0.970564 0.240215 -0.017400 -0.978544 0.198258 -0.056087 -0.999528 0.022724 0.020649 -0.999550 -0.022211 -0.020165 -0.978415 -0.199109 0.055318 -0.968703 -0.248016 0.010127 -0.904826 -0.417751 0.082308 -0.885052 -0.464025 0.036929 -0.787044 -0.605817 0.116396 -0.761420 -0.643846 0.075514 -0.638081 -0.753192 0.159856 -0.610443 -0.782140 0.124968 -0.475708 -0.852423 0.216970 -0.453906 -0.869724 0.193775 -0.336293 -0.890844 0.305457 -0.319424 -0.902103 0.290135 -0.339841 0.888384 0.308678 -0.472673 0.854929 0.213720 -0.484399 0.845064 0.226327 -0.348864 0.881977 0.316874 -0.622705 0.769786 0.140243 -0.639596 0.751481 0.161843 -0.767330 0.635652 0.084571 -0.786573 0.606580 0.115601 
						-0.888020 0.457772 0.043184 -0.904403 0.418877 0.081219 -0.969045 0.246620 0.011419 -0.978026 0.201633 0.052999 -0.999578 0.021505 -0.019536 -0.999440 -0.024778 0.022502 -0.978192 -0.200564 -0.053978 -0.969162 -0.246138 -0.011872 -0.908161 -0.408607 -0.091016 -0.890593 -0.452179 -0.048765 -0.794946 -0.592596 -0.129962 -0.770037 -0.631790 -0.088791 -0.647328 -0.742561 -0.171956 -0.620446 -0.772122 -0.137386 -0.489826 -0.840335 -0.232179 -0.466202 -0.860170 -0.206792 -0.319615 -0.901983 -0.290297 -0.344461 -0.885135 -0.312864 -0.000006 0.946679 -0.322180 -0.248165 0.926131 -0.284070 -0.248668 0.928009 -0.277423 -0.000006 0.948231 -0.317580 -0.486671 -0.873585 -0.000000 -0.536394 -0.843968 -0.000009 -0.576382 -0.817180 -0.000010 -0.511357 -0.859368 -0.000000 -0.571137 0.820855 0.000010 -0.514877 0.857264 -0.000000 -0.503799 0.863821 -0.000000 -0.547457 0.836834 0.000010 -0.245934 -0.917826 -0.311628 0.000006 -0.940585 -0.339558 0.000006 -0.939416 -0.342779 -0.245267 -0.915338 -0.319376 -0.488450 0.845975 -0.213877 -0.489392 0.847608 -0.205075 -0.700162 0.713984 -0.000000 -0.661860 0.749628 0.000000 -0.699396 0.699390 -0.147306 -0.700303 0.700296 -0.138422 -0.823407 0.567451 0.000007 -0.785978 0.618255 0.000007 -0.862967 0.498245 -0.083903 -0.863425 0.498509 -0.077365 -0.919244 0.393688 0.000008 -0.888003 0.459837 0.000008 -0.964591 0.258452 -0.052598 -0.964805 0.258509 -0.048205 -0.983641 0.180143 0.000002 -0.964916 0.262560 0.000002 -0.999766 -0.000000 -0.021615 -0.999876 -0.000000 -0.015732 -0.998557 -0.053697 0.000000 -0.999401 0.034609 0.000000 -0.965628 -0.258730 0.024914 -0.965400 -0.258669 0.033063 -0.961758 -0.273900 -0.000002 -0.981353 -0.192212 -0.000002 -0.862901 -0.498206 0.084809 -0.862239 -0.497824 0.093360 -0.887373 -0.461051 0.000000 -0.921623 -0.388086 0.000000 -0.700335 -0.700365 0.137913 -0.699372 -0.699402 0.147360 
						-0.777660 -0.628685 0.000000 -0.825888 -0.563834 0.000000 -0.488967 -0.846921 0.208893 -0.487599 -0.844553 0.221309 -0.645371 -0.763869 0.000000 -0.699203 -0.714923 0.000000 -0.246528 -0.920043 0.304539 -0.245776 -0.917236 0.313483 -0.524619 -0.851337 -0.000019 -0.565135 -0.824998 -0.000020 0.000000 -0.940505 0.339780 0.000000 -0.938977 0.343979 -0.468224 -0.883610 -0.000008 -0.495986 -0.868330 -0.000009 0.000000 0.942653 0.333773 -0.246437 0.919765 0.305452 -0.246932 0.921610 0.299433 0.000000 0.943845 0.330388 -0.558988 0.829176 0.000010 -0.501510 0.865152 -0.000009 -0.490320 0.871543 -0.000009 -0.535341 0.844636 0.000009 -0.485596 0.841064 0.238344 -0.486690 0.842959 0.229244 -0.689173 0.724597 -0.000000 -0.650200 0.759763 -0.000000 -0.696939 0.696932 0.169004 -0.698125 0.698118 0.158915 -0.816347 0.577562 -0.000000 -0.776930 0.629587 -0.000000 -0.862134 0.497764 0.094638 -0.862930 0.498223 0.084412 -0.916154 0.400826 -0.000008 -0.884382 0.466764 -0.000008 -0.965566 0.258719 0.027323 -0.965750 0.258768 0.019146 -0.979675 0.200589 -0.000006 -0.960569 0.278043 -0.000006 -0.999828 -0.000000 -0.018550 -0.999715 -0.000000 -0.023856 -0.999869 -0.016174 0.000002 -0.997583 0.069489 0.000002 -0.964883 -0.258535 -0.046479 -0.964670 -0.258478 -0.050996 -0.971001 -0.239075 0.000009 -0.988440 -0.151616 0.000009 -0.863299 -0.498398 -0.079460 -0.862794 -0.498106 -0.086466 -0.895304 -0.445456 0.000008 -0.930766 -0.365616 0.000008 -0.700413 -0.700360 -0.137541 -0.699275 -0.699221 -0.148675 -0.786428 -0.617682 0.000000 -0.834432 -0.551111 0.000000 -0.487277 -0.843941 -0.224333 -0.485755 -0.841306 -0.237163 -0.657663 -0.753313 0.000000 -0.711059 -0.703132 0.000000 -0.257533 -0.961125 0.099574 -0.257446 -0.960799 0.102894 0.000000 -0.994874 0.101128 0.000000 -0.994871 0.101153 0.000000 0.992980 0.118284 0.000000 0.995116 0.098712 
						-0.257726 0.961847 0.091805 -0.257178 0.959802 0.112427 -0.498509 0.863442 0.077178 -0.497474 0.861650 0.100388 -0.705919 0.705918 0.057944 -0.704738 0.704738 0.081784 -0.865388 0.499631 0.038369 -0.864446 0.499087 0.060379 -0.965786 0.258781 0.017012 -0.965198 0.258624 0.038827 -0.999977 -0.000000 -0.006783 -0.999889 -0.000000 0.014892 -0.965461 -0.258695 -0.031011 -0.965866 -0.258803 -0.011157 -0.864763 -0.499272 -0.053974 -0.865410 -0.499645 -0.037691 -0.705257 -0.705257 -0.072283 -0.705786 -0.705785 -0.061107 -0.498234 -0.862964 -0.084004 -0.498521 -0.863461 -0.076883 -0.257878 -0.962412 -0.085222 -0.257917 -0.962558 -0.083428 0.000000 -0.996659 -0.081679 0.000000 -0.996495 -0.083652 -0.000000 0.995498 -0.094785 -0.000000 0.996188 -0.087231 -0.257917 0.962559 -0.083425 -0.257655 0.961580 -0.094756 -0.498722 0.863811 -0.071469 -0.497968 0.862504 -0.090084 -0.706152 0.706153 -0.051933 -0.705092 0.705092 -0.075442 -0.865668 0.499794 -0.028738 -0.864778 0.499280 -0.053644 -0.965917 0.258817 -0.004196 -0.965552 0.258719 -0.027813 -0.999776 0.000000 0.021144 -1.000000 0.000000 -0.000740 -0.964894 -0.258543 0.046201 -0.965559 -0.258721 0.027560 -0.864083 -0.498879 0.066932 -0.864769 -0.499275 0.053834 -0.705062 -0.705061 0.076005 -0.704725 -0.704725 0.082010 -0.497535 -0.861755 0.099187 -0.497910 -0.862404 0.091354 0.000000 0.000000 1.000000 0.000000 0.000000 1.000000 -0.000000 0.096851 0.995299 0.034485 0.083202 0.995936 -0.698606 0.225696 -0.678978 0.048358 -0.097988 -0.994012 -0.014093 -0.386324 -0.922256 -0.765914 0.088989 -0.636755 0.000000 -0.000000 1.000000 0.000000 -0.000000 1.000000 0.034986 0.084494 0.995810 0.048913 0.048939 0.997603 0.000000 -0.000000 1.000000 0.049761 0.049721 0.997523 0.000000 -0.000000 1.000000 0.033304 0.013810 0.999350 0.000000 -0.000000 1.000000 0.036782 0.015214 0.999207 
						0.000000 -0.000000 1.000000 -0.002424 -0.000001 0.999997 0.000000 -0.000000 1.000000 0.002424 -0.000001 0.999997 -0.000000 -0.000000 1.000000 -0.036782 0.015214 0.999207 -0.000000 -0.000000 1.000000 -0.033304 0.013810 0.999350 -0.000000 -0.000000 1.000000 -0.049761 0.049721 0.997523 -0.000000 -0.000000 1.000000 -0.048913 0.048939 0.997603 -0.000000 -0.000000 1.000000 -0.034485 0.083202 0.995936 -0.000000 -0.000000 1.000000 -0.034986 0.084494 0.995810 0.000000 -0.000000 1.000000 0.019510 0.098084 0.994987 -0.000000 -0.000000 1.000000 -0.019510 0.098084 0.994987 -0.870944 0.479465 -0.107565 -0.949863 0.223223 -0.218934 -0.961727 0.195624 -0.191865 -0.890580 0.448996 -0.072587 -0.662210 0.747007 -0.058807 -0.699816 0.714253 -0.010012 -0.342319 0.938639 -0.042115 -0.395946 0.918165 0.014163 0.040592 0.998382 -0.039812 -0.019036 0.999644 0.018671 0.417438 0.907932 -0.037478 0.363145 0.931505 0.020566 0.729531 0.683192 -0.032137 0.689035 0.724315 0.024468 0.932776 0.359641 -0.024219 0.909849 0.413602 0.033282 0.999262 -0.027428 -0.026902 0.998891 0.033607 0.032961 0.910672 -0.411930 -0.031459 0.933783 -0.356807 0.027164 0.687565 -0.725643 -0.026408 0.728881 -0.683931 0.031173 0.359223 -0.932926 -0.024654 0.413453 -0.909923 0.033119 -0.020703 -0.999579 -0.020305 0.036631 -0.998683 0.035928 -0.390887 -0.920397 -0.008740 -0.339635 -0.939487 0.044865 -0.695918 -0.717959 0.015285 -0.660244 -0.748550 0.061242 -0.888239 -0.452884 0.076987 -0.871339 -0.478896 0.106901 -0.956796 -0.207584 0.203594 -0.948338 -0.226504 0.222150 -0.923612 0.383329 -0.000000 -0.873809 0.486269 -0.000000 -0.829167 0.559002 -0.000000 -0.900743 0.434352 -0.000000 -0.999545 -0.000000 -0.030161 -0.999548 -0.000000 -0.030053 -0.923496 0.382525 -0.028791 -0.923461 0.382511 -0.030070 -0.706882 0.706882 -0.025227 -0.706830 0.706830 -0.027994 
						-0.698425 0.715684 -0.000000 -0.609454 0.792821 -0.000000 -0.923514 -0.382533 0.028126 -0.923442 -0.382503 0.030769 -0.999546 0.000000 0.030145 -0.999551 0.000000 0.029954 -0.834298 -0.551313 0.000000 -0.897347 -0.441326 0.000000 -0.910673 -0.413128 0.000000 -0.867844 -0.496837 0.000000 -0.382603 0.923684 -0.020580 -0.382575 0.923617 -0.023809 -0.414211 0.910181 0.000000 -0.299804 0.954001 -0.000000 0.000000 0.999875 -0.015788 0.000000 0.999814 -0.019274 -0.064566 0.997913 -0.000000 0.060965 0.998140 -0.000000 0.382660 0.923823 -0.011078 0.382642 0.923779 -0.014718 0.308618 0.951186 -0.000000 0.427711 0.903915 -0.000000 0.707092 0.707092 -0.006557 0.707069 0.707070 -0.010269 0.644534 0.764575 -0.000000 0.739503 0.673154 -0.000000 0.923877 0.382683 -0.002280 0.923863 0.382677 -0.006002 0.891766 0.452497 -0.000000 0.945044 0.326942 -0.000000 0.999998 0.000000 0.001904 0.999998 -0.000000 -0.001957 0.998217 0.059681 0.000000 0.996887 -0.078842 0.000000 0.923861 -0.382677 0.006236 0.923877 -0.382683 0.002041 0.939622 -0.342214 0.000000 0.883931 -0.467618 0.000000 0.707067 -0.707067 0.010651 0.707093 -0.707093 0.006187 0.732608 -0.680650 0.000000 0.637445 -0.770496 0.000000 0.382640 -0.923773 0.015147 0.382663 -0.923829 0.010397 0.431283 -0.902216 0.000000 0.314896 -0.949126 0.000000 0.000000 -0.999802 0.019899 0.000000 -0.999892 0.014681 0.075345 -0.997158 0.000000 -0.049648 -0.998767 0.000000 -0.382565 -0.923594 0.024861 -0.382613 -0.923710 0.019172 -0.296756 -0.954953 0.000000 -0.410720 -0.911761 0.000000 -0.706803 -0.706803 0.029328 -0.706906 -0.706906 0.023835 -0.618037 -0.786149 0.000000 -0.699652 -0.714484 0.000000 -0.761444 -0.084455 0.642705 -0.515503 -0.236898 0.823491 -0.622873 -0.143449 0.769059 -0.827697 0.059910 0.557968 -0.026190 -0.098069 -0.994835 -0.700168 -0.226541 0.677085 
						0.000000 0.000000 1.000000 0.017076 -0.386306 -0.922213 0.899553 -0.341346 0.272558 0.998776 0.004790 0.049229 0.999687 -0.009577 -0.023121 0.921023 -0.299169 0.249429 -0.409162 0.332370 -0.849775 -0.513153 0.233223 -0.826003 0.652795 -0.595822 0.467820 0.696449 -0.527430 0.486596 -0.239129 0.516829 -0.822013 -0.287978 0.454847 -0.842723 0.328351 -0.704875 0.628758 0.374248 -0.642844 0.668349 0.010163 0.690148 -0.723597 0.021008 0.602170 -0.798092 0.009891 -0.662829 0.748706 0.021269 -0.619229 0.784922 0.341880 0.741801 -0.576930 0.369718 0.623030 -0.689305 -0.238954 -0.516357 0.822360 -0.291187 -0.467039 0.834916 0.673890 0.623662 -0.396128 0.688817 0.505939 -0.519188 -0.417744 -0.341897 0.841782 0.916203 0.357005 -0.181986 0.915093 0.279495 -0.290668 0.395230 0.495528 -0.773463 0.023494 0.493298 -0.869543 0.024364 0.359555 -0.932806 0.403081 0.343419 -0.848286 0.924736 0.211677 -0.316318 0.999891 -0.010454 -0.010454 -0.072081 0.385357 0.919948 0.007290 0.712587 0.701546 0.000000 0.000000 1.000000 -0.901655 0.308172 0.303395 0.926310 -0.232153 0.296741 -0.826978 -0.061253 -0.558887 -0.621981 0.140951 -0.770242 0.714824 -0.414028 0.563567 -0.339756 0.378015 -0.861203 0.397375 -0.519277 0.756601 0.023666 -0.517356 0.855443 -0.341415 -0.390169 0.855105 0.712356 0.392245 -0.581973 0.718711 -0.284523 0.634430 0.927114 -0.160592 0.338628 0.926117 -0.048631 0.374089 0.714351 -0.096669 0.693078 0.024371 -0.374964 0.926719 -0.360893 -0.302210 0.882284 0.718850 0.262082 -0.643869 -0.683012 -0.103195 0.723080 0.927259 0.137328 -0.348328 -0.865747 0.172041 0.469983 0.999922 -0.011514 -0.004769 -0.021506 0.712441 0.701402 0.044168 0.927070 0.372277 0.000000 0.000000 1.000000 0.039844 -0.712040 -0.701007 0.000000 0.000000 1.000000 0.092363 -0.924009 -0.371049 -0.854106 -0.204680 -0.478131 
						-0.682190 0.097032 -0.724708 -0.360607 0.290605 -0.886291 0.403057 -0.362266 0.840422 -0.913560 0.101912 0.393728 -0.702477 -0.055017 0.709577 -0.702009 0.030841 0.711500 -0.913064 -0.105616 0.393902 -0.702100 0.034216 -0.711256 -0.373411 0.120200 -0.919846 0.394246 -0.131384 0.909565 0.012408 0.146885 -0.989076 0.012406 -0.144501 0.989427 0.394119 0.138849 -0.908510 -0.373292 -0.129182 0.918676 0.714114 0.106645 -0.691858 0.925930 0.059984 -0.372903 0.999982 0.006012 0.000585 0.122661 -0.920968 -0.369828 0.060157 -0.993718 -0.094374 0.000000 0.000000 1.000000 0.132795 0.919757 0.369340 0.000000 0.000000 1.000000 0.068808 0.993161 0.094321 -0.905746 -0.152409 -0.395470 -0.373433 0.118257 0.920089 0.012410 0.148095 0.988895 0.024363 0.356653 0.933919 -0.360331 0.281059 0.889476 0.926122 -0.048224 -0.374128 0.999981 0.006086 -0.000592 -0.999999 -0.001013 -0.000091 -0.999924 0.012247 -0.001280 -0.915059 0.089905 -0.393173 -1.000000 -0.000028 0.000002 -1.000000 -0.000048 0.000005 0.925922 0.060331 0.372865 -0.702376 -0.047608 -0.710213 0.714098 0.107154 0.691796 -0.373326 -0.126829 -0.918990 0.394116 0.139042 0.908482 0.012408 -0.145076 -0.989343 0.394255 -0.130878 -0.909634 0.714352 -0.096552 -0.693093 -0.360631 -0.291498 -0.885988 -0.681160 -0.089637 -0.726627 -0.621006 -0.138259 -0.771515 -0.340203 -0.381249 -0.859599 0.403062 -0.361430 -0.840779 0.718705 -0.284755 -0.634332 -0.680611 0.085793 0.727605 0.927134 -0.159621 -0.339034 -0.863742 -0.177837 0.471512 0.999928 -0.011089 0.004593 0.021077 -0.994365 0.103894 -0.141675 -0.905240 0.400585 -0.106651 -0.934987 0.338268 -0.025854 0.994254 -0.103882 -0.932995 -0.329103 0.145644 0.927260 0.137368 0.348308 -0.864750 0.174918 -0.470755 0.718847 0.262255 0.643803 0.403068 0.340083 0.849635 0.024371 -0.373092 -0.927474 0.999903 -0.009822 0.009823 
						0.926273 -0.231486 -0.297376 0.920725 -0.298005 -0.251909 0.999733 -0.008837 0.021335 0.712240 0.391332 0.582730 0.394774 0.490863 0.776664 0.023628 -0.511646 -0.858872 0.023480 0.491298 0.870675 0.397108 -0.516116 -0.758900 -0.338283 0.367554 0.866296 0.714787 -0.413665 -0.563880 -0.618556 0.131523 0.774655 -0.826866 -0.061416 0.559036 0.097027 -0.910151 0.402755 0.014619 -0.689685 0.723962 0.000000 0.000000 1.000000 0.087064 0.910992 -0.403129 0.000000 0.000000 1.000000 -0.004109 0.689752 -0.724034 0.924680 0.211057 0.316895 -0.822731 0.069086 -0.564216 -0.287579 0.453345 0.843669 0.020992 0.600951 0.799010 0.010154 0.689105 0.724590 -0.239479 0.517769 0.821319 0.040790 -0.689184 0.723437 -0.063932 -0.366280 0.928306 0.000000 0.000000 1.000000 -0.781814 0.105605 0.614503 -0.119281 -0.364411 0.923567 0.915144 0.279635 0.290372 -0.770706 -0.093973 -0.630223 -0.514525 -0.235398 -0.824531 0.689080 0.506653 0.518142 -0.290690 -0.465141 -0.836148 0.369154 0.620617 0.691780 0.021237 -0.616863 -0.786784 0.373722 -0.640491 -0.670898 0.695863 -0.525701 -0.489298 -0.511133 0.230100 0.828129 -0.392847 -0.919604 -0.000002 -0.712922 -0.701243 -0.000001 -0.707104 -0.707109 -0.000001 -0.382685 -0.923879 -0.000002 0.328066 -0.704108 -0.629766 0.652175 -0.595035 -0.469683 -0.407186 0.330207 0.851565 0.899023 -0.340903 -0.274850 -0.721465 0.238234 0.650179 0.998694 0.004949 -0.050856 -0.090764 0.365516 -0.926369 -0.002707 0.093474 -0.995618 -0.715951 -0.235194 -0.657341 0.004190 -0.093473 0.995613 0.916362 0.357182 0.180835 -0.415556 -0.339490 -0.843836 0.674504 0.624508 0.393743 -0.238529 -0.515216 -0.823199 0.341542 0.740867 0.578329 0.009886 -0.662195 -0.749266 -0.012186 0.999926 0.000001 0.372090 0.928197 0.000001 0.382687 0.923878 0.000001 -0.000001 1.000000 0.000001 -0.012186 -0.999926 -0.000002 
						-0.000001 -1.000000 -0.000003 -0.392846 0.919604 0.000001 -0.382685 0.923879 0.000001 0.372090 -0.928197 -0.000002 0.382687 -0.923878 -0.000002 -0.712922 0.701244 0.000001 -0.707104 0.707110 0.000001 0.700819 -0.713339 -0.000002 0.707104 -0.707109 -0.000002 -0.925556 0.378611 0.000000 -0.923881 0.382681 0.000000 0.922018 -0.387148 -0.000002 0.923874 -0.382697 -0.000002 -1.000000 -0.000000 0.000000 -1.000000 -0.000000 -0.000000 0.922018 0.387148 0.000000 1.000000 -0.000001 -0.000000 1.000000 -0.000000 -0.000000 0.923874 0.382696 0.000000 1.000000 -0.000001 -0.000000 1.000000 -0.000000 -0.000002 -0.925556 -0.378611 -0.000000 -0.923881 -0.382681 -0.000000 0.700819 0.713339 0.000001 0.707104 0.707109 0.000001 -0.000000 0.000000 1.000000 -0.000000 -0.000000 1.000000 -0.000000 -0.000000 1.000000 -0.000000 0.000000 1.000000 -0.896338 0.443373 -0.000003 -0.866745 0.498751 -0.000002 -0.655936 0.754817 0.000003 -0.720796 0.693147 0.000003 0.000000 -0.000000 1.000000 0.000000 0.000000 1.000000 0.000000 0.000000 1.000000 0.000000 -0.000000 1.000000 -0.867810 0.496897 -0.000002 -0.892902 0.450252 -0.000002 -0.939438 0.342719 -0.000000 -0.929052 0.369949 -0.000000 -0.000000 0.000000 1.000000 -0.000000 -0.000000 1.000000 -0.000000 -0.000000 1.000000 0.000000 0.000000 1.000000 0.047267 -0.998882 0.000000 -0.049477 -0.998775 -0.000000 -0.421928 -0.906629 -0.000003 -0.333624 -0.942706 -0.000002 -0.000000 -0.000000 1.000000 -0.000000 -0.000000 1.000000 -0.664986 0.746856 -0.000004 -0.725577 0.688141 -0.000004 -0.000000 -0.000000 1.000000 -0.000000 -0.000000 1.000000 -0.865356 -0.501157 0.000000 -0.890685 -0.454620 0.000000 -0.937719 -0.347394 -0.000003 -0.927239 -0.374471 -0.000003 -0.000000 -0.000000 1.000000 -0.000000 -0.000000 1.000000 -0.429897 -0.902878 0.000002 -0.342488 -0.939522 0.000001 0.039138 -0.999234 -0.000000 
						-0.058641 -0.998279 0.000000 -0.000000 -0.000000 1.000000 -0.000000 -0.000000 1.000000 0.926595 -0.376061 -0.000004 0.885969 -0.463744 -0.000004 0.654370 -0.756175 0.000002 0.723004 -0.690844 0.000002 0.000000 -0.000008 1.000000 0.000000 -0.000000 1.000000 -0.944886 -0.327400 0.000000 -0.930918 -0.365228 0.000000 -0.868967 -0.494870 0.000002 -0.898260 -0.439464 0.000003 0.000000 -0.000000 1.000000 0.000000 -0.000000 1.000000 0.377660 0.925945 -0.000002 0.469396 0.882988 -0.000003 0.768392 0.639979 -0.000001 0.701543 0.712627 -0.000001 0.000003 -0.000007 1.000000 0.000000 -0.000000 1.000000 0.658242 -0.752807 -0.000004 0.726691 -0.686965 -0.000004 0.932515 -0.361130 -0.000003 0.893359 -0.449344 -0.000002 0.000000 -0.000000 1.000000 0.000000 -0.000000 1.000000 0.730945 0.682436 0.000001 0.657942 0.753069 0.000001 0.324317 0.945949 -0.000000 0.416118 0.909311 -0.000001 0.000000 -0.000000 1.000000 0.000000 -0.000000 1.000000 -0.330294 0.943878 0.000001 -0.422208 0.906499 0.000002 0.000000 -0.000000 1.000000 0.000000 -0.000000 1.000000 -0.721160 -0.692769 -0.000004 -0.659395 -0.751796 -0.000004 0.000000 0.000000 1.000000 0.000000 0.000000 1.000000 -0.349658 0.936877 -0.000001 -0.436506 0.899701 -0.000002 -0.724010 -0.689789 0.000005 -0.660078 -0.751197 0.000005 0.330513 -0.943802 0.000001 0.419249 -0.907871 0.000002 0.999999 0.001321 -0.000000 0.999999 0.001321 -0.000000 0.999999 0.001321 -0.000000 0.999999 0.001321 -0.000000 -0.000000 0.001321 0.999999 -0.000000 0.001320 0.999999 -0.000000 0.001319 0.999999 -0.000000 0.001320 0.999999 0.999990 -0.000000 -0.004543 0.999993 0.000000 -0.003839 0.923879 0.382684 -0.001050 0.923873 0.382682 -0.003559 -0.923752 -0.382624 0.016776 -0.923654 -0.382583 -0.022203 -0.707100 -0.707100 -0.004325 -0.707100 -0.707100 -0.004350 0.707106 0.707106 0.001538 
						0.707107 0.707107 -0.000538 -0.382679 -0.923872 -0.004222 -0.382679 -0.923871 -0.004299 0.382684 0.923879 0.000969 0.382683 0.923878 0.001603 0.000000 -0.999991 -0.004326 0.000000 -0.999991 -0.004206 -0.000000 1.000000 0.000028 -0.000000 1.000000 0.000735 0.382680 -0.923870 -0.004461 0.382680 -0.923871 -0.004329 -0.382683 0.923880 0.000278 -0.382683 0.923880 0.000078 0.707099 -0.707100 -0.004533 0.707100 -0.707100 -0.004429 -0.707107 0.707107 0.000336 -0.707107 0.707107 0.000278 0.923869 -0.382680 -0.004607 0.923870 -0.382680 -0.004517 -0.923671 0.382590 0.021380 -0.923740 0.382619 -0.017545 -0.067116 0.997745 -0.000000 0.031529 0.999503 0.000000 -0.943360 0.331772 -0.000003 -0.929230 0.369503 -0.000003 0.999690 0.024886 0.000000 0.997367 -0.072520 0.000000 -0.028092 0.999605 0.000000 0.076191 0.997093 -0.000000 0.910553 0.413392 0.000003 0.948276 0.317447 0.000003 0.999992 0.004044 -0.000003 0.995416 -0.095637 -0.000003 0.420331 -0.907371 -0.000002 0.331206 -0.943558 -0.000001 0.919919 0.392109 0.000003 0.954578 0.297962 0.000003 -0.979842 0.194903 -0.043855 -0.980732 0.195080 0.010464 -0.979629 -0.194861 -0.048542 -0.980768 -0.195087 0.005867 -0.990455 0.000000 0.137835 -0.994358 0.000000 0.106078 -0.990975 0.000000 -0.134045 -0.993958 0.000000 -0.109761 -0.991590 -0.000000 -0.129420 -0.994470 -0.000000 -0.105023 -0.989787 -0.000001 0.142556 -0.993843 -0.000001 0.110800 0.999999 0.001318 -0.000000 0.999999 0.001318 -0.000000 0.999999 0.001318 -0.000000 0.999999 0.001318 -0.000000 0.000000 0.001316 -0.999999 0.000000 0.001317 -0.999999 0.000000 0.001318 -0.999999 0.000000 0.001317 -0.999999 -0.999999 0.001319 -0.000000 -0.999999 0.001316 -0.000000 -0.999999 0.001316 -0.000000 -0.999999 0.001318 -0.000000 -0.999999 0.001316 -0.000000 -0.999999 0.001316 -0.000000 -0.167606 0.069424 -0.983407 
						-0.201665 0.000000 -0.979455 -0.408846 0.002770 -0.912599 -0.328452 0.099627 -0.939251 -0.131187 0.131186 -0.982639 -0.171740 0.071137 -0.982571 -0.376881 0.115362 -0.919050 -0.273708 0.176999 -0.945386 -0.108454 0.108453 -0.988168 -0.219377 0.125740 -0.967504 -0.069125 0.166880 -0.983551 -0.152774 0.131592 -0.979461 -0.045625 0.110145 -0.992868 -0.131881 0.086533 -0.987481 -0.000001 0.180865 -0.983508 -0.096939 0.150380 -0.983864 -0.000001 0.013944 -0.999903 -0.096848 0.008773 -0.995260 -0.079987 -0.193105 -0.977912 -0.000001 -0.202276 -0.979329 -0.096588 -0.172293 -0.980299 -0.169960 -0.174811 -0.969822 -0.037196 -0.089797 -0.995265 -0.126333 -0.072527 -0.989333 -0.151755 -0.151754 -0.976699 -0.302515 -0.206753 -0.930450 -0.092389 -0.092389 -0.991428 -0.205732 -0.111390 -0.972248 -0.196650 -0.081455 -0.977084 -0.405621 -0.127424 -0.905116 -0.145733 -0.060365 -0.987481 -0.304684 -0.089082 -0.948279 -0.176617 -0.000000 -0.984280 -0.378218 -0.002365 -0.925714 -0.233488 -0.579093 0.781111 0.002312 -0.624374 0.781122 0.002226 -0.624374 0.781122 -0.233535 -0.579074 0.781111 -0.434609 -0.448348 0.781089 -0.435119 -0.447843 0.781094 -0.558379 -0.281748 0.780276 -0.556848 -0.285148 0.780135 -0.616449 -0.158830 0.771209 -0.615711 -0.166018 0.770285 -0.566497 0.263351 0.780851 -0.613051 0.189590 0.766958 -0.612410 0.194832 0.766156 -0.565809 0.264935 0.780814 -0.433027 0.449908 0.781070 -0.433458 0.449483 0.781075 -0.232642 0.579440 0.781107 -0.232663 0.579431 0.781107 0.000936 0.624375 0.781124 0.000801 0.624375 0.781124 0.236575 0.577824 0.781122 0.236224 0.577969 0.781121 0.439882 0.443116 0.781122 0.439759 0.443239 0.781122 0.575890 0.241251 0.781120 0.575832 0.241391 0.781120 0.624378 -0.000560 0.781122 0.624378 -0.000572 0.781122 0.576145 -0.240636 0.781121 0.576095 -0.240758 0.781121 0.439099 -0.443897 0.781120 
						0.438952 -0.444043 0.781119 0.236506 -0.577852 0.781122 0.236162 -0.577994 0.781121 0.000785 -1.000000 0.000000 -0.379312 -0.925269 0.000000 -0.378800 -0.925479 0.000000 0.000998 -1.000000 0.000000 0.007913 -0.000000 0.999969 0.002008 -0.000000 0.999998 0.006071 -0.002515 0.999978 0.007765 -0.003216 0.999965 0.008733 -0.008733 0.999924 0.006266 -0.006266 0.999961 -0.705214 -0.708995 0.000001 -0.704048 -0.710152 0.000001 0.006906 0.002861 0.999972 -0.001405 -0.000582 0.999999 0.378384 -0.925649 0.000000 0.378798 -0.925480 0.000000 0.010646 -0.025703 0.999613 0.003575 -0.008631 0.999956 -0.903818 -0.427917 0.000000 -0.904473 -0.426530 0.000000 0.000000 -0.040597 0.999176 0.000000 -0.010646 0.999943 -0.962728 -0.270473 0.000000 -0.963770 -0.266736 0.000000 0.000000 0.009349 0.999956 0.000000 0.039284 0.999228 0.010916 0.026353 0.999593 0.003780 0.009126 0.999951 -0.959773 0.280778 -0.000000 -0.908118 0.418713 -0.000001 -0.908129 0.418690 -0.000001 -0.960674 0.277679 -0.000000 0.008945 0.008945 0.999920 0.006412 0.006412 0.999959 -0.703822 0.710376 0.000000 -0.702768 0.711419 0.000000 0.006080 0.002518 0.999978 0.007878 0.003263 0.999964 -0.378063 0.925780 0.000000 -0.377662 0.925944 0.000000 0.002120 0.000000 0.999998 0.008055 0.000000 0.999968 0.000209 1.000000 -0.000000 0.000463 1.000000 -0.000000 -0.001310 0.000542 0.999999 0.006984 -0.002893 0.999971 0.378261 0.925699 0.000000 0.378704 0.925518 0.000000 -0.001525 0.001525 0.999998 0.005048 -0.005048 0.999975 0.704223 0.709979 0.000001 0.704533 0.709671 0.000001 -0.000636 0.001535 0.999999 0.002593 -0.006261 0.999977 0.921858 0.387527 -0.000000 0.922207 0.386697 -0.000000 0.000000 0.000290 1.000000 0.000000 0.000153 1.000000 0.999998 -0.002066 0.000000 0.999998 -0.001892 0.000000 -0.000626 -0.001511 0.999999 
						0.002585 0.006240 0.999977 0.922461 -0.386090 -0.000001 0.922760 -0.385374 -0.000001 -0.001622 -0.001622 0.999997 0.005026 0.005026 0.999975 0.703944 -0.710256 0.000000 0.704247 -0.709955 0.000000 -0.528078 -0.003972 -0.849186 -0.514772 0.057477 -0.855398 -0.493907 -0.054715 -0.867791 -0.557208 0.004803 -0.830359 -0.513077 0.064518 -0.855914 -0.446557 0.068703 -0.892114 -0.449059 0.076741 -0.890200 -0.386952 0.010966 -0.922035 -0.401370 0.051692 -0.914456 0.000000 0.000000 1.000000 -0.382680 0.004295 -0.923871 0.000000 0.000000 1.000000 -0.407305 -0.065112 -0.910968 -0.398440 -0.043366 -0.916168 -0.477325 -0.103343 -0.872629 -0.440934 -0.067068 -0.895030 -0.543972 -0.070799 -0.836111 -0.697317 0.014117 -0.716624 -0.688541 0.011389 -0.725108 -0.684736 0.012050 -0.728691 -0.695849 -0.000385 -0.718188 -0.671226 0.001207 -0.741252 -0.654900 -0.027502 -0.755215 -0.700724 -0.003955 -0.713422 -0.656348 -0.065048 -0.751649 -0.700867 -0.009042 -0.713235 -0.678897 -0.083914 -0.729423 -0.706081 -0.003574 -0.708122 0.378178 -0.000966 0.925732 -0.693087 -0.065605 -0.717862 -0.707101 0.003931 -0.707102 0.377061 0.076809 0.922998 0.694579 0.003508 0.719408 0.000000 0.000000 1.000000 -0.703783 0.011452 -0.710323 -0.697618 0.030217 -0.715833 -0.684685 0.029720 -0.728233 0.692405 0.079130 0.717156 0.914844 0.004589 0.403782 0.923880 0.000022 0.382683 -0.923859 0.006629 -0.382676 -0.910738 0.068647 -0.407239 -0.894655 0.126005 -0.428620 -0.829568 0.168375 -0.532416 -0.877966 0.099862 -0.468193 -0.797614 0.095017 -0.595638 -0.835229 0.080575 -0.543968 -0.810655 -0.005625 -0.585497 -0.790908 0.006403 -0.611902 -0.770978 -0.110290 -0.627239 -0.847310 -0.071343 -0.526285 -0.805210 -0.200310 -0.558133 -0.883306 -0.089997 -0.460078 -0.876903 -0.179487 -0.445898 -0.913685 -0.055329 -0.402640 0.694579 -0.003514 0.719408 -0.905074 -0.145821 -0.399470 
						-0.926140 -0.113538 -0.359686 -0.961254 -0.142960 -0.235696 -0.869683 -0.300319 -0.391741 -0.923377 -0.312406 -0.223108 -0.986876 -0.090769 -0.133554 0.914844 -0.004588 0.403782 -0.929045 -0.357030 -0.096977 -0.995244 0.010471 -0.096846 0.911914 0.080096 0.402489 0.994384 0.020656 0.103798 0.000000 0.000000 1.000000 -0.983885 0.109860 -0.141071 -0.942251 0.264829 -0.205011 -0.887159 0.276630 -0.369358 -0.954975 0.158772 -0.250628 -0.870413 0.153668 -0.467725 -0.915839 0.123546 -0.382068 -0.888880 -0.003428 -0.458126 -0.876960 0.003730 -0.480549 -0.853962 -0.164676 -0.493590 -0.912536 -0.377863 -0.156516 -0.916740 -0.399485 0.000000 -0.980861 -0.137678 -0.137679 -0.994924 -0.092964 -0.038507 -0.913855 -0.287114 -0.287114 -0.962142 -0.104299 -0.251801 -0.921537 -0.148593 -0.358734 -0.945603 -0.000000 -0.325323 -0.954320 0.114341 -0.276043 -0.935535 -0.000000 -0.353234 -0.935619 0.135091 -0.326139 -0.975812 0.154581 -0.154581 -0.930455 0.259089 -0.259089 -0.992354 0.114028 -0.047232 -0.928035 0.344140 -0.142547 -0.999921 0.012602 -0.000000 -0.933041 0.346335 -0.097395 -0.920662 0.390360 -0.000000 -0.823706 0.146283 -0.547822 -0.828455 0.008833 -0.559986 -0.828457 0.008614 -0.559987 -0.823637 0.145344 -0.548177 -0.775124 0.353084 0.523941 -0.770356 0.534741 0.347282 -0.765065 0.548308 0.337689 -0.767597 0.376279 0.518853 -0.822046 -0.124432 -0.555659 -0.822003 -0.124037 -0.555811 -0.777132 0.608666 0.159972 -0.775498 0.612066 0.154847 -0.807463 -0.280005 -0.519230 -0.807429 -0.279983 -0.519296 -0.777449 0.626782 -0.052126 -0.776245 0.627840 -0.057091 -0.789216 -0.435302 -0.433186 -0.789270 -0.435546 -0.432842 -0.782515 0.569802 -0.250990 -0.781468 0.569039 -0.255935 -0.776822 -0.565656 -0.276734 -0.771747 -0.631561 -0.074418 -0.772031 -0.631325 -0.073460 -0.776997 -0.565783 -0.275980 -0.792807 0.445029 -0.416420 -0.792015 0.442923 -0.420157 
						-0.770307 -0.622190 0.139667 -0.770789 -0.621310 0.140920 -0.810215 0.296077 -0.505856 -0.809963 0.294686 -0.507070 -0.769735 -0.536367 0.346148 -0.771129 -0.532746 0.348628 -0.746559 -0.433584 0.504633 -0.749506 -0.426112 0.506625 -0.000001 -0.619492 0.785003 -0.000003 -0.737085 0.675801 -0.000003 -0.719017 0.694992 -0.000001 -0.604675 0.796472 -0.937654 -0.347569 0.000000 -0.942588 -0.308536 -0.127800 -0.956544 -0.269393 -0.111586 -0.954148 -0.299336 0.000000 -0.000003 -0.922382 0.386280 -0.000003 -0.908417 0.418066 -0.949867 -0.221081 -0.221080 -0.959374 -0.199500 -0.199500 -0.000002 0.290852 -0.956768 -0.000002 0.563403 -0.826183 -0.000002 0.593839 -0.804583 -0.000002 0.308107 -0.951352 -0.997746 -0.061990 -0.025677 -0.991425 -0.092401 -0.092401 -0.989167 -0.103800 -0.103800 -0.995180 -0.090600 -0.037528 -0.000002 0.789733 -0.613451 -0.000002 0.821353 -0.570419 -0.982174 -0.071934 -0.173665 -0.982297 -0.071689 -0.173072 -0.000001 -0.999369 0.035533 -0.000001 -0.997546 0.070016 -0.958725 -0.108811 -0.262692 -0.964176 -0.101512 -0.245072 -0.000002 0.946000 -0.324166 -0.000002 0.965773 -0.259390 -0.972612 -0.000000 -0.232433 -0.975801 -0.000000 -0.218659 -0.000002 -0.949671 -0.313248 -0.000002 -0.959181 -0.282793 -0.968010 0.000000 -0.250913 -0.970404 0.000000 -0.241489 -0.000002 -0.790828 -0.612038 -0.000002 -0.808402 -0.588631 -0.978443 0.079030 -0.190795 -0.977874 0.080055 -0.193270 -0.000002 0.999856 0.016946 -0.000002 0.995200 0.097859 -0.963710 0.102158 -0.246632 -0.970183 0.092753 -0.223925 -0.000001 -0.559721 -0.828681 -0.000001 -0.579869 -0.814709 -0.988693 0.106034 -0.106034 -0.985685 0.119215 -0.119215 -0.000003 0.930103 0.367300 -0.000003 0.893975 0.448117 -0.955088 0.209531 -0.209531 -0.965960 0.182923 -0.182923 -0.000001 -0.280917 -0.959732 -0.000002 -0.294795 -0.955561 -0.996246 0.079973 -0.033126 -0.992735 0.111162 -0.046045 
						-0.000002 0.734522 0.678585 -0.000002 0.684035 0.729449 -0.947916 0.294274 -0.121892 -0.963575 0.247080 -0.102344 -0.000000 0.006828 -0.999977 -0.000000 0.006763 -0.999977 -0.999905 0.013816 -0.000000 -0.999880 0.015468 -0.000000 -0.000001 0.584288 0.811546 -0.000001 0.542740 0.839901 -0.946777 0.321892 -0.000000 -0.964524 0.263996 -0.000000 
					</float_array>
					<technique_common>
						<accessor count="3852" offset="0" source="#meshId0-bitangents-array" stride="3">
							<param name="X" type="float" />
							<param name="Y" type="float" />
							<param name="Z" type="float" />
						</accessor>
					</technique_common>
				</source>
				<source id="meshId0-tex0" name="meshId0-tex0">
					<float_array id="meshId0-tex0-array" count="7704"> 
						0.608747 0.321576 0.807578 0.321576 0.807578 0.361645 0.608747 0.361645 0.807578 0.401714 0.608747 0.401714 0.807578 0.441783 0.608747 0.441783 0.807578 0.481852 0.608747 0.481852 0.807578 0.521921 0.608747 0.521921 0.807578 0.561990 0.608747 0.561990 0.807578 0.602059 0.608747 0.602059 0.807578 0.642128 0.608747 0.642128 0.606262 0.642128 0.407431 0.642128 0.407431 0.602059 0.606262 0.602059 0.407431 0.561990 0.606262 0.561990 0.407431 0.521921 0.606262 0.521921 0.407431 0.481852 0.606262 0.481852 0.407431 0.441783 0.606262 0.441783 0.407431 0.401714 0.606262 0.401714 0.407431 0.361645 0.606262 0.361645 0.407431 0.321576 0.606262 0.321576 0.407431 0.281507 0.606262 0.281507 0.407431 0.241438 0.606262 0.241438 0.407431 0.201369 0.606262 0.201369 0.407431 0.161300 0.606262 0.161300 0.407431 0.121231 0.606262 0.121231 0.407431 0.081162 0.606262 0.081162 0.407431 0.041093 0.606262 0.041093 0.407431 0.001023 0.606262 0.001023 0.608747 0.001023 0.807578 0.001024 0.807578 0.041093 0.608747 0.041093 0.807578 0.081162 0.608747 0.081162 0.807578 0.121231 0.608747 0.121231 0.807578 0.161300 0.608747 0.161300 0.807578 0.201369 0.608747 0.201369 
						0.807578 0.241438 0.608747 0.241438 0.906790 0.040089 0.905697 0.004677 0.914692 0.003508 0.915699 0.039844 0.807578 0.281507 0.608747 0.281507 0.195758 0.130674 0.209912 0.130674 0.223794 0.133435 0.236870 0.138851 0.248639 0.146715 0.258647 0.156723 0.266511 0.168492 0.271927 0.181568 0.274688 0.195450 0.274688 0.209604 0.271927 0.223486 0.266511 0.236563 0.258647 0.248331 0.248639 0.258339 0.236870 0.266203 0.223794 0.271619 0.209912 0.274381 0.195758 0.274381 0.181876 0.271619 0.168799 0.266203 0.157031 0.258339 0.147022 0.248331 0.139159 0.236563 0.133742 0.223486 0.130981 0.209604 0.130981 0.195450 0.133742 0.181568 0.139159 0.168492 0.147022 0.156723 0.157031 0.146715 0.168799 0.138851 0.181876 0.133435 0.229256 0.744909 0.218709 0.744897 0.218725 0.708982 0.229270 0.708982 0.229192 0.780835 0.218647 0.780812 0.229098 0.816756 0.218553 0.816724 0.228965 0.852678 0.218422 0.852636 0.228790 0.888598 0.218253 0.888541 0.228559 0.924501 0.218037 0.924424 0.228267 0.960360 0.217791 0.960244 0.227774 0.995734 0.217410 0.995619 0.045461 0.457604 0.034986 0.457720 0.034605 0.422346 0.044968 0.422231 0.045752 0.493462 0.035231 0.493538 
						0.045981 0.529359 0.035446 0.529417 0.046159 0.565274 0.035617 0.565318 0.046297 0.601202 0.035751 0.601234 0.046388 0.637128 0.035843 0.637151 0.046452 0.673055 0.035905 0.673067 0.046466 0.708982 0.035921 0.708982 0.046451 0.744909 0.035905 0.744897 0.046387 0.780835 0.035843 0.780812 0.046294 0.816756 0.035749 0.816724 0.046160 0.852678 0.035618 0.852636 0.045986 0.888598 0.035449 0.888541 0.045755 0.924501 0.035233 0.924424 0.045463 0.960360 0.034987 0.960244 0.044969 0.995734 0.034606 0.995619 0.228265 0.457604 0.217790 0.457720 0.217409 0.422346 0.227772 0.422231 0.228556 0.493462 0.218035 0.493538 0.228785 0.529360 0.218250 0.529417 0.228963 0.565274 0.218421 0.565319 0.229102 0.601202 0.218555 0.601234 0.229192 0.637129 0.218647 0.637151 0.229256 0.673055 0.218709 0.673067 0.213325 0.744892 0.213343 0.708983 0.216011 0.708982 0.215994 0.744895 0.213265 0.780802 0.215933 0.780807 0.213171 0.816709 0.215839 0.816716 0.213043 0.852617 0.215710 0.852626 0.212880 0.888514 0.215543 0.888527 0.212674 0.924379 0.215332 0.924401 0.212422 0.960194 0.215083 0.960218 0.212071 0.996023 0.214734 0.995861 0.029616 0.457770 0.029266 0.421942 
						0.031929 0.422104 0.032278 0.457745 0.029868 0.493584 0.032527 0.493561 0.030073 0.529445 0.032736 0.529430 0.030238 0.565339 0.032904 0.565329 0.030368 0.601249 0.033036 0.601242 0.030461 0.637161 0.033129 0.637156 0.030521 0.673073 0.033189 0.673069 0.030539 0.708983 0.033207 0.708982 0.030521 0.744892 0.033189 0.744895 0.030461 0.780801 0.033129 0.780806 0.030367 0.816709 0.033035 0.816716 0.030239 0.852617 0.032905 0.852626 0.030076 0.888514 0.032739 0.888527 0.029870 0.924379 0.032528 0.924401 0.029617 0.960194 0.032279 0.960218 0.029267 0.996023 0.031930 0.995861 0.212421 0.457770 0.212070 0.421942 0.214733 0.422105 0.215082 0.457746 0.212672 0.493584 0.215331 0.493561 0.212877 0.529445 0.215540 0.529431 0.213042 0.565339 0.215708 0.565329 0.213172 0.601249 0.215840 0.601242 0.213265 0.637161 0.215933 0.637156 0.213325 0.673073 0.215993 0.673069 0.189089 0.744867 0.189108 0.708984 0.191774 0.708983 0.191755 0.744869 0.189030 0.780750 0.191696 0.780756 0.188936 0.816636 0.191602 0.816644 0.188813 0.852523 0.191479 0.852533 0.188668 0.888397 0.191331 0.888409 0.188495 0.924228 0.191154 0.924242 0.188273 0.959982 0.190915 0.960008 
						0.187851 0.995594 0.190527 0.995809 0.005469 0.457983 0.005046 0.422372 0.007723 0.422157 0.008111 0.457956 0.005691 0.493735 0.008350 0.493720 0.005863 0.529562 0.008526 0.529550 0.006008 0.565434 0.008674 0.565424 0.006131 0.601323 0.008797 0.601314 0.006224 0.637213 0.008891 0.637206 0.006284 0.673099 0.008950 0.673096 0.006304 0.708983 0.008970 0.708983 0.006285 0.744866 0.008951 0.744869 0.006226 0.780750 0.008892 0.780756 0.006132 0.816636 0.008798 0.816644 0.006009 0.852523 0.008675 0.852533 0.005864 0.888397 0.008527 0.888408 0.005691 0.924228 0.008350 0.924242 0.005468 0.959982 0.008111 0.960008 0.005046 0.995594 0.007723 0.995809 0.188273 0.457984 0.187850 0.422372 0.190527 0.422157 0.190915 0.457957 0.188495 0.493735 0.191154 0.493720 0.188667 0.529563 0.191330 0.529550 0.188812 0.565434 0.191478 0.565424 0.188935 0.601323 0.191601 0.601315 0.189028 0.637213 0.191695 0.637207 0.189088 0.673100 0.191754 0.673096 0.213343 0.708983 0.191774 0.708983 0.191754 0.673096 0.213325 0.673073 0.191695 0.637207 0.213265 0.637161 0.186396 0.708984 0.186375 0.673103 0.189088 0.673100 0.189108 0.708984 0.186316 0.637219 0.189028 0.637213 
						0.218647 0.637151 0.218709 0.673067 0.215993 0.673069 0.215933 0.637156 0.218725 0.708982 0.216011 0.708982 0.191601 0.601315 0.213172 0.601249 0.186222 0.601331 0.188935 0.601323 0.218555 0.601234 0.215840 0.601242 0.186100 0.565444 0.188812 0.565434 0.191478 0.565424 0.213042 0.565339 0.218421 0.565319 0.215708 0.565329 0.185957 0.529575 0.188667 0.529563 0.191330 0.529550 0.212877 0.529445 0.218250 0.529417 0.215540 0.529431 0.185790 0.493750 0.188495 0.493735 0.191154 0.493720 0.212672 0.493584 0.218035 0.493538 0.215331 0.493561 0.185585 0.458010 0.188273 0.457984 0.190915 0.457957 0.212421 0.457770 0.217790 0.457720 0.215082 0.457746 0.185162 0.422669 0.187850 0.422372 0.190527 0.422157 0.212070 0.421942 0.217409 0.422346 0.214733 0.422105 0.002358 0.995297 0.002781 0.959956 0.005468 0.959982 0.005046 0.995594 0.029267 0.996023 0.007723 0.995809 0.008111 0.960008 0.029617 0.960194 0.034987 0.960244 0.034606 0.995619 0.031930 0.995861 0.032279 0.960218 0.002986 0.924213 0.005691 0.924228 0.008350 0.924242 0.029870 0.924379 0.035233 0.924424 0.032528 0.924401 0.003154 0.888384 0.005864 0.888397 0.008527 0.888408 0.030076 0.888514 
						0.035449 0.888541 0.032739 0.888527 0.003297 0.852513 0.006009 0.852523 0.008675 0.852533 0.030239 0.852617 0.035618 0.852636 0.032905 0.852626 0.003420 0.816628 0.006132 0.816636 0.008798 0.816644 0.030367 0.816709 0.035749 0.816724 0.033035 0.816716 0.003514 0.780744 0.006226 0.780750 0.008892 0.780756 0.030461 0.780801 0.035843 0.780812 0.033129 0.780806 0.003573 0.744864 0.006285 0.744866 0.008951 0.744869 0.030521 0.744892 0.035905 0.744897 0.033189 0.744895 0.003592 0.708983 0.006304 0.708983 0.008970 0.708983 0.030539 0.708983 0.035921 0.708982 0.033207 0.708982 0.008950 0.673096 0.030521 0.673073 0.003571 0.673102 0.006284 0.673099 0.035905 0.673067 0.033189 0.673069 0.008891 0.637206 0.030461 0.637161 0.003512 0.637218 0.006224 0.637213 0.035843 0.637151 0.033129 0.637156 0.008797 0.601314 0.030368 0.601249 0.003418 0.601330 0.006131 0.601323 0.035751 0.601234 0.033036 0.601242 0.008674 0.565424 0.030238 0.565339 0.003296 0.565444 0.006008 0.565434 0.035617 0.565318 0.032904 0.565329 0.008526 0.529550 0.030073 0.529445 0.003153 0.529575 0.005863 0.529562 0.035446 0.529417 0.032736 0.529430 0.008350 0.493720 0.029868 0.493584 
						0.002986 0.493750 0.005691 0.493735 0.035231 0.493538 0.032527 0.493561 0.008111 0.457956 0.029616 0.457770 0.002781 0.458010 0.005469 0.457983 0.034986 0.457720 0.032278 0.457745 0.007723 0.422157 0.029266 0.421942 0.002358 0.422669 0.005046 0.422372 0.034605 0.422346 0.031929 0.422104 0.212071 0.996023 0.190527 0.995809 0.190915 0.960008 0.212422 0.960194 0.185163 0.995297 0.185585 0.959956 0.188273 0.959982 0.187851 0.995594 0.217791 0.960244 0.217410 0.995619 0.214734 0.995861 0.215083 0.960218 0.191154 0.924242 0.212674 0.924379 0.185790 0.924213 0.188495 0.924228 0.218037 0.924424 0.215332 0.924401 0.191331 0.888409 0.212880 0.888514 0.185958 0.888384 0.188668 0.888397 0.218253 0.888541 0.215543 0.888527 0.191479 0.852533 0.213043 0.852617 0.186101 0.852513 0.188813 0.852523 0.218422 0.852636 0.215710 0.852626 0.191602 0.816644 0.213171 0.816709 0.186224 0.816628 0.188936 0.816636 0.218553 0.816724 0.215839 0.816716 0.191696 0.780756 0.213265 0.780802 0.186318 0.780744 0.189030 0.780750 0.218647 0.780812 0.215933 0.780807 0.186377 0.744864 0.189089 0.744867 0.191755 0.744869 0.213325 0.744892 0.218709 0.744897 0.215994 0.744895 
						0.235547 0.744916 0.235561 0.708982 0.237594 0.708982 0.237576 0.744918 0.235483 0.780849 0.237516 0.780853 0.235389 0.816783 0.237420 0.816788 0.235253 0.852712 0.237283 0.852718 0.235074 0.888632 0.237099 0.888642 0.234834 0.924550 0.236855 0.924567 0.234534 0.960461 0.236542 0.960514 0.234036 0.996425 0.236152 0.996569 0.051728 0.457503 0.051230 0.421540 0.053346 0.421395 0.053735 0.457450 0.052028 0.493414 0.054048 0.493397 0.052265 0.529334 0.054291 0.529324 0.052448 0.565257 0.054478 0.565250 0.052588 0.601183 0.054618 0.601179 0.052680 0.637116 0.054713 0.637112 0.052743 0.673049 0.054773 0.673046 0.052757 0.708982 0.054790 0.708982 0.052742 0.744915 0.054772 0.744917 0.052679 0.780849 0.054712 0.780853 0.052585 0.816783 0.054616 0.816788 0.052449 0.852712 0.054478 0.852718 0.052270 0.888632 0.054295 0.888642 0.052030 0.924550 0.054051 0.924567 0.051730 0.960461 0.053738 0.960514 0.051232 0.996424 0.053348 0.996569 0.234532 0.457503 0.234034 0.421540 0.236150 0.421395 0.236540 0.457450 0.234832 0.493414 0.236852 0.493397 0.235069 0.529334 0.237095 0.529325 0.235252 0.565258 0.237282 0.565250 0.235392 0.601184 0.237422 0.601179 
						0.235484 0.637116 0.237517 0.637112 0.235547 0.673049 0.237577 0.673047 0.360980 0.708982 0.237594 0.708982 0.237577 0.673047 0.360961 0.672912 0.237517 0.637112 0.360903 0.636843 0.229270 0.708982 0.229256 0.673055 0.235547 0.673049 0.235561 0.708982 0.229192 0.637129 0.235484 0.637116 0.237422 0.601179 0.360805 0.600772 0.229102 0.601202 0.235392 0.601184 0.237282 0.565250 0.360669 0.564701 0.228963 0.565274 0.235252 0.565258 0.237095 0.529325 0.360492 0.528628 0.228785 0.529360 0.235069 0.529334 0.228556 0.493462 0.234832 0.493414 0.236852 0.493397 0.360275 0.492550 0.228265 0.457604 0.234532 0.457503 0.236540 0.457450 0.360020 0.456467 0.227772 0.422231 0.234034 0.421540 0.236150 0.421395 0.359731 0.420375 0.044969 0.995734 0.045463 0.960360 0.051730 0.960461 0.051232 0.996424 0.176929 0.997589 0.053348 0.996569 0.053738 0.960514 0.177217 0.961497 0.045755 0.924501 0.052030 0.924550 0.054051 0.924567 0.177472 0.925414 0.045986 0.888598 0.052270 0.888632 0.054295 0.888642 0.177689 0.889337 0.046160 0.852678 0.052449 0.852712 0.054478 0.852718 0.177865 0.853264 0.046294 0.816756 0.052585 0.816783 0.054616 0.816788 0.178002 0.817192 
						0.046387 0.780835 0.052679 0.780849 0.054712 0.780853 0.178099 0.781122 0.046451 0.744909 0.052742 0.744915 0.054772 0.744917 0.178157 0.745052 0.046466 0.708982 0.052757 0.708982 0.054790 0.708982 0.178176 0.708982 0.046452 0.673055 0.052743 0.673049 0.054773 0.673046 0.178157 0.672912 0.046388 0.637128 0.052680 0.637116 0.054713 0.637112 0.178099 0.636842 0.046297 0.601202 0.052588 0.601183 0.054618 0.601179 0.178001 0.600772 0.054478 0.565250 0.177864 0.564701 0.046159 0.565274 0.052448 0.565257 0.054291 0.529324 0.177688 0.528627 0.045981 0.529359 0.052265 0.529334 0.054048 0.493397 0.177471 0.492550 0.045752 0.493462 0.052028 0.493414 0.053735 0.457450 0.177216 0.456467 0.045461 0.457604 0.051728 0.457503 0.053346 0.421395 0.176927 0.420374 0.044968 0.422231 0.051230 0.421540 0.359733 0.997589 0.236152 0.996569 0.236542 0.960514 0.360021 0.961497 0.227774 0.995734 0.228267 0.960360 0.234534 0.960461 0.234036 0.996425 0.236855 0.924567 0.360276 0.925414 0.228559 0.924501 0.234834 0.924550 0.237099 0.888642 0.360493 0.889337 0.228790 0.888598 0.235074 0.888632 0.237283 0.852718 0.360669 0.853264 0.228965 0.852678 0.235253 0.852712 
						0.237420 0.816788 0.360806 0.817193 0.229098 0.816756 0.235389 0.816783 0.237516 0.780853 0.360903 0.781122 0.229192 0.780835 0.235483 0.780849 0.237576 0.744918 0.360961 0.745052 0.229256 0.744909 0.235547 0.744916 0.811917 0.040089 0.810824 0.004677 0.819819 0.003508 0.820826 0.039843 0.908243 0.437013 0.908607 0.400906 0.917590 0.400965 0.917227 0.437093 0.814136 0.220484 0.813911 0.184405 0.822888 0.184314 0.823113 0.220420 0.813370 0.437013 0.813734 0.400906 0.822717 0.400965 0.822354 0.437093 0.909128 0.256562 0.909009 0.220484 0.917986 0.220420 0.918104 0.256524 0.907450 0.076126 0.916421 0.075973 0.907791 0.473132 0.916778 0.473232 0.812918 0.473132 0.821905 0.473232 0.812577 0.076126 0.821548 0.075973 0.814255 0.256562 0.823231 0.256524 0.909144 0.292640 0.918119 0.292628 0.908001 0.112234 0.916982 0.112089 0.812390 0.509264 0.821372 0.509382 0.814179 0.328708 0.814271 0.292640 0.823246 0.292628 0.823160 0.328739 0.907263 0.509264 0.916245 0.509382 0.909052 0.328708 0.918032 0.328739 0.813128 0.112234 0.822109 0.112089 0.908449 0.148323 0.917428 0.148204 0.811817 0.545345 0.820732 0.545547 0.814016 0.364796 0.822993 0.364851 
						0.906690 0.545345 0.915605 0.545547 0.908889 0.364796 0.917866 0.364851 0.813576 0.148323 0.822555 0.148204 0.908784 0.184405 0.917761 0.184314 0.810824 0.580779 0.819837 0.581923 0.905697 0.580779 0.914710 0.581923 0.569863 0.686853 0.582936 0.692171 0.579730 0.698207 0.567886 0.693381 0.556002 0.684128 0.555310 0.690919 0.541914 0.684077 0.542534 0.690851 0.528088 0.686799 0.530040 0.693296 0.515088 0.692126 0.518280 0.698116 0.503415 0.699934 0.507717 0.705168 0.493459 0.709842 0.498705 0.714108 0.485648 0.721477 0.491624 0.724648 0.480202 0.734390 0.486651 0.736357 0.477348 0.748067 0.484058 0.748802 0.477171 0.762064 0.483966 0.761480 0.479891 0.775820 0.486360 0.773906 0.485169 0.788807 0.491131 0.785618 0.492889 0.800538 0.498174 0.796230 0.502723 0.810618 0.507059 0.805454 0.514218 0.818823 0.517595 0.812782 0.527301 0.824429 0.529399 0.817905 0.541177 0.827439 0.541950 0.820630 0.555365 0.827567 0.554799 0.820734 0.569290 0.824869 0.567431 0.818313 0.582592 0.819635 0.579358 0.813455 0.594439 0.811651 0.590128 0.806327 0.604589 0.801722 0.599323 0.797288 0.612580 0.789924 0.606550 0.786615 0.618076 0.776796 0.611522 0.774751 
						0.620863 0.762875 0.614037 0.762166 0.620834 0.748683 0.614039 0.749353 0.618041 0.734769 0.611523 0.736803 0.612594 0.721685 0.606596 0.724954 0.604715 0.709930 0.599451 0.714282 0.594679 0.699995 0.590388 0.705275 0.575665 0.667298 0.592372 0.674193 0.582936 0.692171 0.569863 0.686853 0.567886 0.693381 0.579730 0.698207 0.590388 0.705275 0.599451 0.714282 0.606596 0.724954 0.611523 0.736803 0.614039 0.749353 0.614037 0.762166 0.611522 0.774751 0.606550 0.786615 0.599323 0.797288 0.590128 0.806327 0.579358 0.813455 0.567431 0.818313 0.554799 0.820734 0.541950 0.820630 0.529399 0.817905 0.517595 0.812782 0.507059 0.805454 0.498174 0.796230 0.491131 0.785618 0.486360 0.773906 0.483966 0.761480 0.484058 0.748802 0.486651 0.736357 0.491624 0.724648 0.498705 0.714108 0.507717 0.705168 0.518280 0.698116 0.530040 0.693296 0.542534 0.690851 0.555310 0.690919 0.607512 0.684109 0.594679 0.699995 0.557942 0.663870 0.556002 0.684128 0.539863 0.663896 0.541914 0.684077 0.522148 0.667369 0.528088 0.686799 0.505508 0.674327 0.515088 0.692126 0.490521 0.684347 0.503415 0.699934 0.477823 0.697054 0.493459 0.709842 0.467919 0.712008 0.485648 0.721477 
						0.461044 0.728524 0.480202 0.734390 0.457638 0.746018 0.477348 0.748067 0.457597 0.763851 0.477171 0.762064 0.460708 0.781389 0.479891 0.775820 0.467285 0.798006 0.485169 0.788807 0.476929 0.813187 0.492889 0.800538 0.489339 0.826226 0.502723 0.810618 0.504364 0.836377 0.514218 0.818823 0.521002 0.843810 0.527301 0.824429 0.538757 0.847807 0.541177 0.827439 0.557057 0.848141 0.555365 0.827567 0.575131 0.845007 0.569290 0.824869 0.592128 0.837865 0.582592 0.819635 0.607704 0.827978 0.594439 0.811651 0.620637 0.814950 0.604589 0.801722 0.630768 0.799595 0.612580 0.789924 0.637790 0.782661 0.618076 0.776796 0.641336 0.764782 0.620863 0.762875 0.641203 0.746587 0.620834 0.748683 0.637597 0.728741 0.618041 0.734769 0.630514 0.711954 0.612594 0.721685 0.620365 0.696861 0.604715 0.709930 0.889171 0.328967 0.889252 0.292685 0.892739 0.292687 0.892658 0.328978 0.889000 0.365247 0.892486 0.365267 0.888738 0.401528 0.892225 0.401556 0.888390 0.437813 0.891878 0.437850 0.887959 0.474104 0.891447 0.474150 0.887448 0.510400 0.890931 0.510455 0.886881 0.546705 0.890343 0.546743 0.886302 0.583122 0.889862 0.583000 0.981858 0.038501 0.981163 0.002034 
						0.984730 0.002145 0.985324 0.038453 0.982499 0.074849 0.985986 0.074787 0.983040 0.111181 0.986532 0.111133 0.983469 0.147503 0.986959 0.147466 0.983787 0.183811 0.987276 0.183785 0.984001 0.220110 0.987489 0.220094 0.984113 0.256400 0.987600 0.256395 0.984126 0.292685 0.987612 0.292688 0.984044 0.328967 0.987532 0.328978 0.983873 0.365247 0.987359 0.365267 0.983611 0.401528 0.987098 0.401556 0.983263 0.437813 0.986751 0.437850 0.982832 0.474104 0.986320 0.474150 0.982321 0.510400 0.985804 0.510455 0.981754 0.546705 0.985216 0.546743 0.981175 0.583122 0.984735 0.583000 0.886985 0.038501 0.886290 0.002033 0.889857 0.002145 0.890451 0.038453 0.887626 0.074849 0.891113 0.074787 0.888167 0.111181 0.891659 0.111133 0.888596 0.147502 0.892086 0.147466 0.888915 0.183811 0.892403 0.183785 0.889128 0.220110 0.892616 0.220094 0.889240 0.256400 0.892727 0.256395 0.823160 0.328739 0.823246 0.292628 0.889252 0.292685 0.889171 0.328967 0.823231 0.256524 0.889240 0.256400 0.822993 0.364851 0.889000 0.365247 0.822717 0.400965 0.888738 0.401528 0.822354 0.437093 0.888390 0.437813 0.821905 0.473232 0.887959 0.474104 0.821372 0.509382 0.887448 0.510400 
						0.820732 0.545547 0.886881 0.546705 0.819837 0.581923 0.886302 0.583122 0.915699 0.039844 0.914692 0.003508 0.981163 0.002034 0.981858 0.038501 0.916421 0.075973 0.982499 0.074849 0.916982 0.112089 0.983040 0.111181 0.917428 0.148204 0.983469 0.147503 0.917761 0.184314 0.983787 0.183811 0.917986 0.220420 0.984001 0.220110 0.918104 0.256524 0.984113 0.256400 0.918119 0.292628 0.984126 0.292685 0.918032 0.328739 0.984044 0.328967 0.917866 0.364851 0.983873 0.365247 0.917590 0.400965 0.983611 0.401528 0.917227 0.437093 0.983263 0.437813 0.916778 0.473232 0.982832 0.474104 0.916245 0.509382 0.982321 0.510400 0.915605 0.545547 0.981754 0.546705 0.914710 0.581923 0.981175 0.583122 0.820826 0.039843 0.819819 0.003508 0.886290 0.002033 0.886985 0.038501 0.821548 0.075973 0.887626 0.074849 0.822109 0.112089 0.888167 0.111181 0.822555 0.148204 0.888596 0.147502 0.822888 0.184314 0.888915 0.183811 0.823113 0.220420 0.889128 0.220110 0.107256 0.381312 0.074308 0.359160 0.155099 0.260635 0.167354 0.268905 0.046129 0.331191 0.144572 0.250259 0.143889 0.396650 0.180999 0.274631 0.182863 0.404367 0.195527 0.277455 0.222607 0.404367 0.210313 0.277397 
						0.261613 0.396636 0.224789 0.274462 0.298395 0.381450 0.238398 0.268764 0.331543 0.359366 0.250617 0.260527 0.359776 0.331204 0.260972 0.250070 0.381693 0.297897 0.269061 0.237802 0.396660 0.261007 0.274594 0.224186 0.404367 0.221994 0.277488 0.209755 0.404324 0.182252 0.277508 0.195012 0.396321 0.143347 0.274522 0.180574 0.381123 0.106671 0.268902 0.166931 0.359087 0.073654 0.260723 0.154628 0.330896 0.045708 0.250197 0.144258 0.297940 0.023582 0.237946 0.135994 0.261220 0.008487 0.224261 0.130416 0.222260 0.000815 0.209766 0.127607 0.182532 0.000635 0.195010 0.127543 0.143544 0.008422 0.180549 0.130488 0.106697 0.023447 0.166904 0.136071 0.073438 0.045391 0.154609 0.144215 0.045228 0.073607 0.144237 0.154700 0.023122 0.106823 0.136013 0.166946 0.008156 0.143757 0.130461 0.180615 0.000679 0.182850 0.127686 0.195105 0.000719 0.222614 0.127665 0.209875 0.008711 0.261545 0.130649 0.224345 0.024108 0.298155 0.136393 0.237951 0.578970 0.656349 0.597758 0.663979 0.595053 0.669111 0.577276 0.661920 0.559065 0.652415 0.558496 0.658225 0.538727 0.652396 0.539300 0.658176 0.518820 0.656410 0.520518 0.662001 0.500054 0.664166 0.502795 0.669272 
						0.483243 0.675493 0.486917 0.679985 0.469010 0.689847 0.473507 0.693525 0.457811 0.706635 0.462894 0.709333 0.450207 0.725250 0.455737 0.726918 0.446304 0.744919 0.452010 0.745457 0.446286 0.764892 0.452000 0.764358 0.449875 0.784490 0.455386 0.782903 0.457077 0.803183 0.462209 0.800589 0.467898 0.820248 0.472485 0.816688 0.481930 0.834926 0.485722 0.830484 0.498662 0.846550 0.501526 0.841448 0.517357 0.854811 0.519221 0.849245 0.537363 0.859307 0.538080 0.853434 0.557993 0.859843 0.557509 0.853946 0.578371 0.856178 0.576728 0.850492 0.597624 0.848387 0.594855 0.843087 0.615022 0.837030 0.611294 0.832426 0.629695 0.822407 0.625115 0.818621 0.641181 0.805118 0.635924 0.802331 0.648963 0.785972 0.643301 0.784312 0.652818 0.765857 0.646980 0.765315 0.652742 0.745414 0.646886 0.746011 0.648688 0.725311 0.643078 0.727064 0.640754 0.706376 0.635606 0.709198 0.629235 0.689444 0.624754 0.693211 0.614706 0.675183 0.611055 0.679736 0.899665 0.292693 0.899585 0.329002 0.896961 0.328993 0.897041 0.292691 0.899412 0.365308 0.896788 0.365293 0.899151 0.401616 0.896527 0.401594 0.898806 0.437924 0.896181 0.437896 0.898376 0.474240 0.895750 0.474205 
						0.897850 0.510567 0.895229 0.510524 0.897221 0.546823 0.894617 0.546793 0.896774 0.582505 0.894178 0.582685 0.991655 0.002620 0.992211 0.038358 0.989604 0.038395 0.989055 0.002447 0.992914 0.074668 0.990289 0.074715 0.993468 0.111038 0.990840 0.111074 0.993892 0.147392 0.991265 0.147419 0.994207 0.183732 0.991581 0.183751 0.994418 0.220061 0.991793 0.220072 0.994528 0.256380 0.991903 0.256385 0.994538 0.292693 0.991914 0.292692 0.994458 0.329002 0.991834 0.328993 0.994285 0.365308 0.991661 0.365293 0.994024 0.401616 0.991400 0.401595 0.993679 0.437924 0.991054 0.437896 0.993249 0.474240 0.990623 0.474205 0.992723 0.510567 0.990102 0.510524 0.992094 0.546823 0.989490 0.546793 0.991647 0.582505 0.989051 0.582685 0.896783 0.002620 0.897338 0.038358 0.894731 0.038395 0.894181 0.002446 0.898041 0.074668 0.895416 0.074715 0.898595 0.111038 0.895967 0.111074 0.899019 0.147392 0.896392 0.147419 0.899334 0.183732 0.896708 0.183751 0.899545 0.220061 0.896920 0.220072 0.899655 0.256380 0.897030 0.256385 0.597758 0.663979 0.578970 0.656349 0.580980 0.649561 0.601039 0.657706 0.595053 0.669111 0.611055 0.679736 0.607512 0.684109 0.592372 0.674193 
						0.577276 0.661920 0.575665 0.667298 0.614706 0.675183 0.619152 0.669648 0.559065 0.652415 0.559737 0.645359 0.558496 0.658225 0.557942 0.663870 0.538727 0.652396 0.538007 0.645341 0.539300 0.658176 0.539863 0.663896 0.518820 0.656410 0.516735 0.649632 0.520518 0.662001 0.522148 0.667369 0.500054 0.664166 0.496686 0.657937 0.502795 0.669272 0.505508 0.674327 0.483243 0.675493 0.478723 0.670062 0.486917 0.679985 0.490521 0.684347 0.469010 0.689847 0.463534 0.685406 0.473507 0.693525 0.477823 0.697054 0.457811 0.706635 0.451593 0.703360 0.462894 0.709333 0.467919 0.712008 0.450207 0.725250 0.443489 0.723256 0.455737 0.726918 0.461044 0.728524 0.446304 0.744919 0.439362 0.744257 0.452010 0.745457 0.457638 0.746018 0.446286 0.764892 0.439362 0.765534 0.452000 0.764358 0.457597 0.763851 0.449875 0.784490 0.443175 0.786394 0.455386 0.782903 0.460708 0.781389 0.457077 0.803183 0.450816 0.806352 0.462209 0.800589 0.467285 0.798006 0.467898 0.820248 0.462336 0.824617 0.472485 0.816688 0.476929 0.813187 0.481930 0.834926 0.477327 0.840331 0.485722 0.830484 0.489339 0.826226 0.498662 0.846550 0.495187 0.852768 0.501526 0.841448 0.504364 0.836377 
						0.517357 0.854811 0.515134 0.861601 0.519221 0.849245 0.521002 0.843810 0.537363 0.859307 0.536494 0.866438 0.538080 0.853434 0.538757 0.847807 0.557993 0.859843 0.558558 0.867044 0.557509 0.853946 0.557057 0.848141 0.578371 0.856178 0.580398 0.863134 0.576728 0.850492 0.575131 0.845007 0.597624 0.848387 0.601003 0.854815 0.594855 0.843087 0.592128 0.837865 0.615022 0.837030 0.619603 0.842648 0.611294 0.832426 0.607704 0.827978 0.629695 0.822407 0.635314 0.826983 0.625115 0.818621 0.620637 0.814950 0.641181 0.805118 0.647586 0.808475 0.635924 0.802331 0.630768 0.799595 0.648963 0.785972 0.655857 0.787989 0.643301 0.784312 0.637790 0.782661 0.652818 0.765857 0.659932 0.766496 0.646980 0.765315 0.641336 0.764782 0.652742 0.745414 0.659848 0.744670 0.646886 0.746011 0.641203 0.746587 0.648688 0.725311 0.655529 0.723190 0.643078 0.727064 0.637597 0.728741 0.640754 0.706376 0.647034 0.702943 0.635606 0.709198 0.630514 0.711954 0.629235 0.689444 0.634691 0.684858 0.624754 0.693211 0.620365 0.696861 0.899585 0.329002 0.899665 0.292693 0.904765 0.292698 0.904684 0.329020 0.897041 0.292691 0.896961 0.328993 0.892658 0.328978 0.892739 0.292687 
						0.899655 0.256380 0.904755 0.256372 0.897030 0.256385 0.892727 0.256395 0.896788 0.365293 0.892486 0.365267 0.899412 0.365308 0.904510 0.365338 0.896527 0.401594 0.892225 0.401556 0.899151 0.401616 0.904250 0.401659 0.896181 0.437896 0.891878 0.437850 0.898806 0.437924 0.903905 0.437978 0.895750 0.474205 0.891447 0.474150 0.898376 0.474240 0.903477 0.474307 0.895229 0.510524 0.890931 0.510455 0.897850 0.510567 0.902945 0.510650 0.894617 0.546793 0.890343 0.546743 0.897221 0.546823 0.902272 0.546899 0.896774 0.582505 0.901783 0.582573 0.894178 0.582685 0.889862 0.583000 0.992211 0.038358 0.991655 0.002620 0.996673 0.002536 0.997270 0.038269 0.989055 0.002447 0.989604 0.038395 0.985324 0.038453 0.984730 0.002145 0.990289 0.074715 0.985986 0.074787 0.992914 0.074668 0.998016 0.074577 0.990840 0.111074 0.986532 0.111133 0.993468 0.111038 0.998575 0.110969 0.991265 0.147419 0.986959 0.147466 0.993892 0.147392 0.998997 0.147340 0.991581 0.183751 0.987276 0.183785 0.994207 0.183732 0.999310 0.183695 0.991793 0.220072 0.987489 0.220094 0.994418 0.220061 0.999519 0.220039 0.991903 0.256385 0.987600 0.256395 0.994528 0.256380 0.999628 0.256372 
						0.991914 0.292692 0.987612 0.292688 0.994538 0.292693 0.999638 0.292698 0.991834 0.328993 0.987532 0.328978 0.994458 0.329002 0.999557 0.329020 0.991661 0.365293 0.987359 0.365267 0.994285 0.365308 0.999384 0.365339 0.991400 0.401595 0.987098 0.401556 0.994024 0.401616 0.999123 0.401659 0.991054 0.437896 0.986751 0.437850 0.993679 0.437924 0.998778 0.437979 0.990623 0.474205 0.986320 0.474150 0.993249 0.474240 0.998350 0.474307 0.990102 0.510524 0.985804 0.510455 0.992723 0.510567 0.997818 0.510650 0.989490 0.546793 0.985216 0.546743 0.992094 0.546823 0.997145 0.546899 0.989051 0.582685 0.984735 0.583000 0.991647 0.582505 0.996656 0.582573 0.894181 0.002446 0.894731 0.038395 0.890451 0.038453 0.889857 0.002145 0.897338 0.038358 0.896783 0.002620 0.901800 0.002536 0.902397 0.038269 0.895416 0.074715 0.891113 0.074787 0.898041 0.074668 0.903143 0.074577 0.895967 0.111074 0.891659 0.111133 0.898595 0.111038 0.903702 0.110969 0.896392 0.147419 0.892086 0.147466 0.899019 0.147392 0.904124 0.147340 0.896708 0.183751 0.892403 0.183785 0.899334 0.183732 0.904437 0.183695 0.896920 0.220072 0.892616 0.220094 0.899545 0.220061 0.904646 0.220039 
						0.396777 0.605104 0.396718 0.619157 0.393897 0.619164 0.393931 0.605100 0.391054 0.619166 0.391045 0.605100 0.388077 0.619156 0.388057 0.605090 0.384959 0.619142 0.384886 0.605095 0.381699 0.619133 0.381587 0.605105 0.378349 0.619133 0.378235 0.605105 0.374985 0.619154 0.374879 0.605110 0.371724 0.619199 0.371573 0.605135 0.368608 0.619201 0.368496 0.605159 0.405516 0.605154 0.405332 0.619203 0.402407 0.619186 0.402475 0.605135 0.399537 0.619174 0.399614 0.605121 0.396724 0.633129 0.393922 0.633140 0.391040 0.633141 0.388087 0.633130 0.384992 0.633115 0.381751 0.633104 0.378414 0.633105 0.375092 0.633130 0.371850 0.633186 0.368745 0.633199 0.405345 0.633142 0.402394 0.633128 0.399514 0.633129 0.396698 0.647123 0.393885 0.647107 0.391043 0.647071 0.388121 0.647023 0.385074 0.646981 0.381862 0.646935 0.378561 0.646925 0.375246 0.646986 0.372058 0.647069 0.368962 0.647152 0.405334 0.647020 0.402369 0.647060 0.399523 0.647098 0.396694 0.661915 0.393627 0.661781 0.390582 0.661415 0.387572 0.660909 0.384591 0.660396 0.381637 0.660041 0.378668 0.659938 0.375698 0.660094 0.372724 0.660516 0.369735 0.661066 0.405856 0.660977 0.402825 0.661462 
						0.399767 0.661805 0.378258 0.489164 0.378229 0.473851 0.381130 0.473821 0.381449 0.489026 0.384080 0.473776 0.384619 0.488641 0.387125 0.473727 0.387753 0.488104 0.390295 0.473684 0.390854 0.487551 0.393586 0.473611 0.393924 0.487151 0.396973 0.473614 0.397002 0.486978 0.400366 0.473642 0.400059 0.487093 0.403659 0.473721 0.403092 0.487462 0.406780 0.473794 0.406146 0.487990 0.368821 0.488172 0.369246 0.473749 0.372336 0.473807 0.371930 0.488661 0.375317 0.473843 0.375077 0.489027 0.378231 0.459445 0.381112 0.459437 0.384043 0.459435 0.387078 0.459444 0.390204 0.459437 0.393563 0.459431 0.396973 0.459449 0.400361 0.459453 0.403712 0.459461 0.406886 0.459492 0.369437 0.459407 0.372427 0.459425 0.375360 0.459437 0.378288 0.445167 0.381156 0.445162 0.384046 0.445166 0.387070 0.445184 0.390237 0.445161 0.393551 0.445182 0.396959 0.445196 0.400366 0.445208 0.403678 0.445181 0.406845 0.445198 0.369418 0.445141 0.372489 0.445152 0.375409 0.445160 0.378284 0.430933 0.381142 0.430931 0.384082 0.430938 0.387096 0.430959 0.390256 0.430938 0.393563 0.430963 0.396951 0.430962 0.400362 0.430978 0.403632 0.430974 0.406793 0.430994 0.369545 0.430902 
						0.372558 0.430907 0.375436 0.430922 0.378362 0.416755 0.381197 0.416756 0.384066 0.416754 0.387070 0.416767 0.390262 0.416762 0.393548 0.416777 0.396941 0.416769 0.400319 0.416775 0.403649 0.416764 0.406806 0.416776 0.369613 0.416750 0.372610 0.416745 0.375506 0.416752 0.378293 0.402637 0.381139 0.402627 0.384059 0.402614 0.387051 0.402613 0.390191 0.402618 0.393476 0.402618 0.396858 0.402612 0.400246 0.402606 0.403542 0.402559 0.406697 0.402557 0.369647 0.402658 0.372587 0.402652 0.375470 0.402646 0.378275 0.388550 0.381106 0.388535 0.384000 0.388521 0.386953 0.388506 0.390096 0.388512 0.393343 0.388492 0.396713 0.388470 0.400093 0.388462 0.403372 0.388414 0.406554 0.388384 0.369557 0.388604 0.372548 0.388594 0.375437 0.388576 0.378173 0.374440 0.381017 0.374430 0.383903 0.374420 0.386933 0.374408 0.390061 0.374420 0.393335 0.374385 0.396719 0.374369 0.400092 0.374369 0.403331 0.374351 0.406406 0.374334 0.369403 0.374480 0.372447 0.374469 0.375338 0.374461 0.378168 0.360332 0.380994 0.360326 0.383848 0.360319 0.386838 0.360326 0.389965 0.360340 0.393234 0.360308 0.396593 0.360313 0.399964 0.360300 0.403267 0.360287 0.406393 0.360299 
						0.369455 0.360353 0.372444 0.360343 0.375332 0.360344 0.378114 0.346274 0.380948 0.346265 0.383822 0.346256 0.386799 0.346262 0.389920 0.346276 0.393221 0.346264 0.396580 0.346265 0.399946 0.346224 0.403185 0.346198 0.406323 0.346192 0.369463 0.346314 0.372390 0.346304 0.375293 0.346294 0.378073 0.332184 0.380910 0.332172 0.383799 0.332196 0.386738 0.332231 0.389837 0.332279 0.393074 0.332310 0.396404 0.332305 0.399723 0.332241 0.402975 0.332159 0.406132 0.332038 0.369362 0.332316 0.372348 0.332263 0.375232 0.332220 0.378041 0.317275 0.381131 0.317416 0.384200 0.317772 0.387232 0.318271 0.390217 0.318761 0.393202 0.319097 0.396202 0.319179 0.399213 0.318978 0.402233 0.318541 0.405234 0.317977 0.368821 0.318257 0.371874 0.317765 0.374939 0.317399 0.396544 0.490042 0.396609 0.505199 0.393726 0.505230 0.393391 0.490178 0.390813 0.505281 0.390257 0.490555 0.387749 0.505343 0.387175 0.491076 0.384627 0.505409 0.384096 0.491599 0.381321 0.505431 0.381031 0.491994 0.377936 0.505466 0.377976 0.492122 0.374547 0.505411 0.374926 0.491986 0.371247 0.505319 0.371898 0.491595 0.368117 0.505231 0.368849 0.491047 0.405856 0.491012 0.405452 0.505227 
						0.402430 0.505190 0.402791 0.490534 0.399499 0.505180 0.399686 0.490176 0.396721 0.519560 0.393833 0.519579 0.390873 0.519598 0.387886 0.519615 0.384667 0.519634 0.381357 0.519628 0.377942 0.519639 0.374526 0.519638 0.371169 0.519634 0.367936 0.519630 0.405589 0.519514 0.402546 0.519522 0.399611 0.519542 0.396779 0.533913 0.393893 0.533931 0.390956 0.533940 0.387872 0.533950 0.384688 0.533936 0.381394 0.533948 0.377959 0.533942 0.374544 0.533954 0.371211 0.533991 0.368082 0.534007 0.405677 0.533907 0.402627 0.533898 0.399655 0.533906 0.396778 0.548267 0.393892 0.548275 0.390986 0.548276 0.387944 0.548263 0.384762 0.548244 0.381403 0.548249 0.377989 0.548240 0.374572 0.548230 0.371296 0.548238 0.368131 0.548222 0.405662 0.548284 0.402573 0.548271 0.399664 0.548263 0.396760 0.562553 0.393898 0.562559 0.390951 0.562556 0.387930 0.562541 0.384763 0.562518 0.381486 0.562522 0.378071 0.562508 0.374642 0.562513 0.371318 0.562497 0.368139 0.562478 0.405543 0.562577 0.402568 0.562560 0.399622 0.562550 0.396742 0.576774 0.393893 0.576776 0.390982 0.576779 0.387969 0.576770 0.384814 0.576758 0.381479 0.576770 0.378087 0.576768 0.374712 0.576784 
						0.371372 0.576803 0.368154 0.576826 0.405501 0.576783 0.402487 0.576766 0.399604 0.576765 0.396733 0.590960 0.393885 0.590955 0.390982 0.590959 0.387972 0.590951 0.384865 0.590963 0.381593 0.590980 0.378186 0.590983 0.374782 0.590992 0.371519 0.591021 0.368368 0.591079 0.405535 0.590968 0.402525 0.590954 0.399592 0.590956 0.637327 0.879195 0.635323 0.879123 0.635225 0.850562 0.637252 0.850453 0.056816 0.373698 0.058829 0.373792 0.058850 0.402346 0.056836 0.402437 0.641433 0.879195 0.639365 0.879222 0.639308 0.850393 0.641393 0.850390 0.052685 0.373677 0.054768 0.373656 0.054795 0.402486 0.052728 0.402485 0.048598 0.402515 0.046534 0.402544 0.046420 0.373691 0.048513 0.373697 0.645554 0.850368 0.647634 0.850351 0.647646 0.879190 0.645572 0.879178 0.653698 0.878929 0.651719 0.879063 0.651690 0.850478 0.653648 0.850625 0.040325 0.374018 0.042317 0.373858 0.042495 0.402462 0.040540 0.402342 0.643499 0.879303 0.643477 0.850250 0.050604 0.373559 0.050660 0.402617 0.649696 0.879148 0.649679 0.850391 0.044355 0.373750 0.044499 0.402525 0.633367 0.878995 0.633249 0.850737 0.060789 0.373941 0.060816 0.402193 0.631507 0.878764 0.631334 0.851009 
						0.062647 0.374200 0.062731 0.401952 0.655602 0.878603 0.655504 0.850883 0.038421 0.374384 0.038681 0.402117 0.059113 0.371415 0.057013 0.371240 0.057663 0.361161 0.059976 0.361335 0.055305 0.419078 0.054929 0.405187 0.057038 0.405081 0.057624 0.419002 0.059941 0.418891 0.059151 0.404939 0.054889 0.371140 0.055343 0.361024 0.638822 0.837659 0.639169 0.847868 0.637042 0.847988 0.636469 0.837763 0.634121 0.837920 0.634916 0.848147 0.632778 0.848424 0.631772 0.838116 0.061284 0.404696 0.062261 0.418756 0.062287 0.361557 0.061221 0.371665 0.641171 0.837604 0.641324 0.847782 0.052989 0.419120 0.052797 0.405266 0.052736 0.371073 0.053013 0.360932 0.048455 0.371087 0.048328 0.360886 0.050675 0.360886 0.050597 0.371097 0.050675 0.419131 0.050677 0.405260 0.048367 0.419109 0.048560 0.405295 0.643516 0.837596 0.643467 0.847789 0.645852 0.837635 0.645608 0.847762 0.039889 0.371705 0.038932 0.361336 0.041290 0.361161 0.042019 0.371439 0.041454 0.418860 0.042234 0.405031 0.044331 0.405157 0.043754 0.418976 0.043639 0.361028 0.044147 0.371265 0.039157 0.418718 0.040118 0.404817 0.652833 0.838028 0.651969 0.848098 0.649868 0.847943 0.650516 0.837848 
						0.655141 0.838249 0.654078 0.848347 0.046433 0.405233 0.046060 0.419062 0.045984 0.360938 0.046289 0.371149 0.647755 0.847846 0.648187 0.837713 0.657357 0.838483 0.656272 0.848768 0.036947 0.418567 0.037910 0.404448 0.037597 0.372111 0.036562 0.361551 0.063514 0.404309 0.064586 0.418593 0.064504 0.361792 0.063415 0.372086 0.630549 0.848863 0.629415 0.838353 0.648062 0.895815 0.645747 0.895848 0.645625 0.881963 0.647767 0.881906 0.635323 0.879123 0.637327 0.879195 0.637146 0.881835 0.635050 0.881687 0.637252 0.850453 0.635225 0.850562 0.634916 0.848147 0.637042 0.847988 0.058829 0.373792 0.056816 0.373698 0.057013 0.371240 0.059113 0.371415 0.056836 0.402437 0.058850 0.402346 0.059151 0.404939 0.057038 0.405081 0.639365 0.879222 0.641433 0.879195 0.641389 0.881976 0.639256 0.881920 0.641393 0.850390 0.639308 0.850393 0.639169 0.847868 0.641324 0.847782 0.054768 0.373656 0.052685 0.373677 0.052736 0.371073 0.054889 0.371140 0.052728 0.402485 0.054795 0.402486 0.054929 0.405187 0.052797 0.405266 0.046534 0.402544 0.048598 0.402515 0.048560 0.405295 0.046433 0.405233 0.048513 0.373697 0.046420 0.373691 0.046289 0.371149 0.048455 0.371087 
						0.647634 0.850351 0.645554 0.850368 0.645608 0.847762 0.647755 0.847846 0.645572 0.879178 0.647646 0.879190 0.647767 0.881906 0.645625 0.881963 0.651719 0.879063 0.653698 0.878929 0.654127 0.881433 0.652001 0.881662 0.653648 0.850625 0.651690 0.850478 0.651969 0.848098 0.654078 0.848347 0.042317 0.373858 0.040325 0.374018 0.039889 0.371705 0.042019 0.371439 0.040540 0.402342 0.042495 0.402462 0.042234 0.405031 0.040118 0.404817 0.643499 0.879303 0.643506 0.881949 0.643477 0.850250 0.643467 0.847789 0.050604 0.373559 0.050597 0.371097 0.050660 0.402617 0.050677 0.405260 0.649696 0.879148 0.649887 0.881808 0.649679 0.850391 0.649868 0.847943 0.044355 0.373750 0.044147 0.371265 0.044499 0.402525 0.044331 0.405157 0.633367 0.878995 0.632935 0.881467 0.633249 0.850737 0.632778 0.848424 0.060789 0.373941 0.061221 0.371665 0.060816 0.402193 0.061284 0.404696 0.631507 0.878764 0.630729 0.881091 0.631334 0.851009 0.630549 0.848863 0.062647 0.374200 0.063415 0.372086 0.062731 0.401952 0.063514 0.404309 0.655602 0.878603 0.656412 0.881085 0.655504 0.850883 0.656272 0.848768 0.038421 0.374384 0.037597 0.372111 0.038681 0.402117 0.037910 0.404448 
						0.632935 0.881467 0.631917 0.895376 0.629706 0.895216 0.630729 0.881091 0.656412 0.881085 0.657357 0.895410 0.655024 0.895551 0.654127 0.881433 0.649887 0.881808 0.650378 0.895756 0.652698 0.895667 0.652001 0.881662 0.643432 0.895845 0.643506 0.881949 0.641121 0.895811 0.641389 0.881976 0.638815 0.895746 0.639256 0.881920 0.635050 0.881687 0.634216 0.895529 0.637146 0.881835 0.636514 0.895649 0.386160 0.044066 0.384157 0.044012 0.383950 0.015424 0.386011 0.015357 0.356383 0.047440 0.354344 0.047381 0.354271 0.018840 0.356286 0.018755 0.390259 0.044035 0.388194 0.044075 0.388083 0.015157 0.390163 0.015203 0.360487 0.047628 0.358436 0.047654 0.358329 0.018718 0.360400 0.018720 0.364535 0.018675 0.366601 0.018652 0.366768 0.047505 0.364666 0.047476 0.394325 0.015210 0.396406 0.015204 0.396455 0.044008 0.394388 0.044005 0.402467 0.043707 0.400505 0.043864 0.400464 0.015366 0.402422 0.015522 0.372864 0.047183 0.370872 0.047343 0.370652 0.018720 0.372613 0.018825 0.392321 0.044135 0.392246 0.015080 0.362562 0.047579 0.362471 0.018581 0.398496 0.043956 0.398451 0.015258 0.368834 0.047451 0.368642 0.018665 0.382204 0.043897 0.381947 0.015565 
						0.352373 0.047242 0.352301 0.018968 0.380351 0.043679 0.380034 0.015920 0.350456 0.046990 0.350458 0.019285 0.404378 0.043463 0.404270 0.015784 0.374774 0.046817 0.374449 0.019121 0.354076 0.049813 0.356213 0.049983 0.355517 0.060071 0.353202 0.059899 0.357824 0.002161 0.358197 0.016012 0.356089 0.016115 0.355520 0.002240 0.353215 0.002347 0.353990 0.016266 0.358326 0.050039 0.357837 0.060200 0.387668 0.002472 0.387986 0.012722 0.385842 0.012774 0.385326 0.002555 0.382975 0.002675 0.383678 0.012960 0.381528 0.013226 0.380614 0.002840 0.351886 0.016500 0.350905 0.002484 0.350891 0.059687 0.351939 0.049563 0.390010 0.002437 0.390113 0.012625 0.360126 0.002113 0.360329 0.015933 0.360416 0.050105 0.360164 0.060286 0.364715 0.050124 0.364852 0.060330 0.362503 0.060330 0.362546 0.050127 0.362427 0.002095 0.362449 0.015936 0.364723 0.002106 0.364568 0.015897 0.392342 0.002444 0.392249 0.012630 0.394664 0.002492 0.394389 0.012604 0.373295 0.049503 0.374258 0.059867 0.371899 0.060047 0.371166 0.049766 0.371609 0.002309 0.370904 0.016148 0.368803 0.016028 0.369317 0.002212 0.369548 0.060183 0.369037 0.049940 0.373904 0.002429 0.373006 0.016367 
						0.401626 0.002878 0.400760 0.012992 0.398663 0.012811 0.399305 0.002705 0.403943 0.003099 0.402872 0.013250 0.366698 0.015956 0.367021 0.002142 0.367201 0.060276 0.366891 0.050057 0.396544 0.012690 0.396985 0.002577 0.406261 0.003355 0.405048 0.013691 0.376206 0.002574 0.375243 0.016709 0.375606 0.049104 0.376533 0.059668 0.349625 0.016857 0.348678 0.002632 0.348670 0.059463 0.349710 0.049150 0.379224 0.013624 0.378240 0.003043 0.397000 0.060577 0.394690 0.060632 0.394453 0.046785 0.396590 0.046716 0.384157 0.044012 0.386160 0.044066 0.386000 0.046699 0.383902 0.046578 0.386011 0.015357 0.383950 0.015424 0.383678 0.012960 0.385842 0.012774 0.354344 0.047381 0.356383 0.047440 0.356213 0.049983 0.354076 0.049813 0.356286 0.018755 0.354271 0.018840 0.353990 0.016266 0.356089 0.016115 0.388194 0.044075 0.390259 0.044035 0.390233 0.046811 0.388105 0.046768 0.390163 0.015203 0.388083 0.015157 0.387986 0.012722 0.390113 0.012625 0.358436 0.047654 0.360487 0.047628 0.360416 0.050105 0.358326 0.050039 0.360400 0.018720 0.358329 0.018718 0.358197 0.016012 0.360329 0.015933 0.366601 0.018652 0.364535 0.018675 0.364568 0.015897 0.366698 0.015956 
						0.364666 0.047476 0.366768 0.047505 0.366891 0.050057 0.364715 0.050124 0.396406 0.015204 0.394325 0.015210 0.394389 0.012604 0.396544 0.012690 0.394388 0.044005 0.396455 0.044008 0.396590 0.046716 0.394453 0.046785 0.400505 0.043864 0.402467 0.043707 0.402937 0.046202 0.400811 0.046447 0.402422 0.015522 0.400464 0.015366 0.400760 0.012992 0.402872 0.013250 0.370872 0.047343 0.372864 0.047183 0.373295 0.049503 0.371166 0.049766 0.372613 0.018825 0.370652 0.018720 0.370904 0.016148 0.373006 0.016367 0.392321 0.044135 0.392342 0.046769 0.392246 0.015080 0.392249 0.012630 0.362562 0.047579 0.362546 0.050127 0.362471 0.018581 0.362449 0.015936 0.398496 0.043956 0.398704 0.046606 0.398451 0.015258 0.398663 0.012811 0.368834 0.047451 0.369037 0.049940 0.368642 0.018665 0.368803 0.016028 0.382204 0.043897 0.381783 0.046368 0.381947 0.015565 0.381528 0.013226 0.352373 0.047242 0.351939 0.049563 0.352301 0.018968 0.351886 0.016500 0.380351 0.043679 0.379591 0.045997 0.380034 0.015920 0.379224 0.013624 0.350456 0.046990 0.349710 0.049150 0.350458 0.019285 0.349625 0.016857 0.404378 0.043463 0.405161 0.045812 0.404270 0.015784 0.405048 0.013691 
						0.374774 0.046817 0.375606 0.049104 0.374449 0.019121 0.375243 0.016709 0.381783 0.046368 0.380859 0.060274 0.378560 0.060118 0.379591 0.045997 0.405161 0.045812 0.406261 0.060077 0.403939 0.060244 0.402937 0.046202 0.398704 0.046606 0.399309 0.060496 0.401622 0.060385 0.400811 0.046447 0.392378 0.060656 0.392342 0.046769 0.390066 0.060641 0.390233 0.046811 0.387757 0.060594 0.388105 0.046768 0.383902 0.046578 0.383155 0.060408 0.386000 0.046699 0.385454 0.060515 0.346877 0.399279 0.344861 0.399204 0.344926 0.370616 0.346944 0.370519 0.638568 0.970184 0.636557 0.970062 0.636637 0.941510 0.638652 0.941437 0.351006 0.399283 0.348927 0.399305 0.348991 0.370468 0.351071 0.370489 0.642662 0.970287 0.640606 0.970252 0.640700 0.941407 0.642781 0.941442 0.646930 0.941321 0.648978 0.941333 0.648924 0.970201 0.646830 0.970175 0.355229 0.370502 0.357307 0.370503 0.357209 0.399366 0.355152 0.399384 0.363242 0.399101 0.361271 0.399229 0.361363 0.370675 0.363327 0.370847 0.654990 0.969894 0.653017 0.970058 0.653015 0.941460 0.654982 0.941585 0.353085 0.399363 0.353154 0.370364 0.644733 0.970261 0.644866 0.941353 0.359253 0.399312 0.359351 0.370559 
						0.650988 0.970154 0.651009 0.941376 0.342895 0.399064 0.342956 0.370767 0.634602 0.969893 0.634666 0.941650 0.340972 0.398825 0.341097 0.371022 0.632749 0.969622 0.632747 0.941882 0.365141 0.398778 0.365184 0.371118 0.656908 0.969628 0.656817 0.941898 0.636243 0.972437 0.638342 0.972624 0.637657 0.982690 0.635348 0.982507 0.640274 0.924767 0.640592 0.938689 0.638470 0.938773 0.637952 0.924839 0.635630 0.924936 0.636358 0.938919 0.640451 0.972728 0.639970 0.982835 0.348553 0.357818 0.348869 0.367956 0.346746 0.368064 0.346218 0.357917 0.343882 0.358064 0.344641 0.368232 0.342517 0.368477 0.341548 0.358260 0.634217 0.939137 0.633306 0.925065 0.633037 0.982281 0.634145 0.972156 0.350885 0.357767 0.351019 0.367883 0.642596 0.924734 0.642735 0.938613 0.642569 0.972787 0.642298 0.982937 0.646867 0.972821 0.646989 0.982991 0.644640 0.982994 0.644701 0.972806 0.644914 0.924734 0.644885 0.938611 0.647225 0.924766 0.647008 0.938624 0.353214 0.357763 0.353163 0.367901 0.355540 0.357794 0.355304 0.367904 0.655447 0.972207 0.656378 0.982539 0.654024 0.982718 0.653311 0.972471 0.654138 0.925035 0.653293 0.938898 0.651201 0.938761 0.651839 0.924915 
						0.651677 0.982852 0.651185 0.972639 0.656436 0.925180 0.655400 0.939122 0.362516 0.358176 0.361672 0.368292 0.359567 0.368106 0.360197 0.358005 0.364839 0.358392 0.363776 0.368571 0.649109 0.938680 0.649534 0.924823 0.649334 0.982941 0.649043 0.972754 0.357447 0.367998 0.357871 0.357872 0.367074 0.358629 0.365977 0.369004 0.658739 0.925347 0.657639 0.939486 0.657677 0.971781 0.658741 0.982317 0.631983 0.939512 0.630979 0.925216 0.630816 0.982036 0.631954 0.971720 0.340322 0.368906 0.339213 0.358492 0.357645 0.415956 0.355332 0.415996 0.355231 0.402083 0.357343 0.402045 0.344861 0.399204 0.346877 0.399279 0.346695 0.401937 0.344582 0.401799 0.346944 0.370519 0.344926 0.370616 0.344641 0.368232 0.346746 0.368064 0.636557 0.970062 0.638568 0.970184 0.638342 0.972624 0.636243 0.972437 0.638652 0.941437 0.636637 0.941510 0.636358 0.938919 0.638470 0.938773 0.348927 0.399305 0.351006 0.399283 0.350957 0.402100 0.348812 0.402029 0.351071 0.370489 0.348991 0.370468 0.348869 0.367956 0.351019 0.367883 0.640606 0.970252 0.642662 0.970287 0.642569 0.972787 0.640451 0.972728 0.642781 0.941442 0.640700 0.941407 0.640592 0.938689 0.642735 0.938613 
						0.648978 0.941333 0.646930 0.941321 0.647008 0.938624 0.649109 0.938680 0.646830 0.970175 0.648924 0.970201 0.649043 0.972754 0.646867 0.972821 0.357307 0.370503 0.355229 0.370502 0.355304 0.367904 0.357447 0.367998 0.355152 0.399384 0.357209 0.399366 0.357343 0.402045 0.355231 0.402083 0.361271 0.399229 0.363242 0.399101 0.363672 0.401592 0.361553 0.401816 0.363327 0.370847 0.361363 0.370675 0.361672 0.368292 0.363776 0.368571 0.653017 0.970058 0.654990 0.969894 0.655447 0.972207 0.653311 0.972471 0.654982 0.941585 0.653015 0.941460 0.653293 0.938898 0.655400 0.939122 0.353085 0.399363 0.353109 0.402107 0.353154 0.370364 0.353163 0.367901 0.644733 0.970261 0.644701 0.972806 0.644866 0.941353 0.644885 0.938611 0.359253 0.399312 0.359449 0.401956 0.359351 0.370559 0.359567 0.368106 0.650988 0.970154 0.651185 0.972639 0.651009 0.941376 0.651201 0.938761 0.342895 0.399064 0.342445 0.401575 0.342956 0.370767 0.342517 0.368477 0.634602 0.969893 0.634145 0.972156 0.634666 0.941650 0.634217 0.939137 0.340972 0.398825 0.340202 0.401199 0.341097 0.371022 0.340322 0.368906 0.632749 0.969622 0.631954 0.971720 0.632747 0.941882 0.631983 0.939512 
						0.365141 0.398778 0.365949 0.401245 0.365184 0.371118 0.365977 0.369004 0.656908 0.969628 0.657677 0.971781 0.656817 0.941898 0.657639 0.939486 0.342445 0.401575 0.341437 0.415563 0.339213 0.415408 0.340202 0.401199 0.365949 0.401245 0.366921 0.415531 0.364594 0.415677 0.363672 0.401592 0.359449 0.401956 0.359958 0.415891 0.362274 0.415798 0.361553 0.401816 0.353016 0.416002 0.353109 0.402107 0.350697 0.415981 0.350957 0.402100 0.348376 0.415921 0.348812 0.402029 0.344582 0.401799 0.343748 0.415710 0.346695 0.401937 0.346060 0.415830 0.066026 0.047669 0.060162 0.049240 0.054092 0.049240 0.048228 0.047669 0.042971 0.044633 0.038679 0.040341 0.035644 0.035084 0.034073 0.029220 0.034073 0.023150 0.035644 0.017286 0.038679 0.012029 0.042971 0.007737 0.048228 0.004701 0.054092 0.003130 0.060162 0.003130 0.066026 0.004701 0.071283 0.007737 0.075576 0.012029 0.078611 0.017286 0.080182 0.023150 0.080182 0.029220 0.078611 0.035084 0.075576 0.040341 0.071283 0.044633 0.568411 0.870796 0.571770 0.881727 0.565767 0.883443 0.562109 0.873661 0.624731 0.865709 0.624759 0.876586 0.618103 0.876784 0.617940 0.865068 0.573923 0.891897 0.568219 0.893050 
						0.625215 0.887394 0.618891 0.887789 0.575590 0.901729 0.569884 0.902515 0.626101 0.898213 0.619515 0.898599 0.576710 0.911437 0.570942 0.911948 0.626413 0.909008 0.620215 0.909259 0.577223 0.921047 0.571650 0.921328 0.626907 0.919608 0.620573 0.919801 0.577614 0.930574 0.571859 0.930659 0.627201 0.930342 0.620790 0.930413 0.577525 0.940139 0.571853 0.939990 0.627268 0.941171 0.620776 0.941101 0.577069 0.949781 0.571398 0.949379 0.627118 0.952157 0.620461 0.951908 0.576116 0.959524 0.570451 0.958838 0.626315 0.962970 0.620085 0.962617 0.574847 0.969490 0.568934 0.968429 0.625844 0.973553 0.619453 0.973277 0.572900 0.979959 0.566635 0.978327 0.625529 0.984291 0.618964 0.984241 0.569637 0.991509 0.562987 0.988640 0.625668 0.994879 0.619068 0.995607 0.423006 0.813295 0.419795 0.802074 0.425932 0.800395 0.429525 0.810560 0.366676 0.817229 0.366871 0.806586 0.373289 0.806455 0.373307 0.817996 0.417732 0.791746 0.423500 0.790601 0.366315 0.795878 0.372731 0.795525 0.416111 0.781873 0.421898 0.781091 0.365654 0.785101 0.372080 0.784761 0.415218 0.772217 0.420792 0.771742 0.365114 0.774290 0.371552 0.774048 0.414534 0.762667 0.420256 0.762443 
						0.364774 0.763460 0.371231 0.763350 0.414437 0.753086 0.420078 0.753111 0.364654 0.752584 0.371167 0.752623 0.414735 0.743524 0.420284 0.743764 0.364767 0.741570 0.371430 0.741809 0.415229 0.733917 0.420917 0.734393 0.365596 0.730755 0.371799 0.731144 0.416160 0.724164 0.421995 0.724957 0.366185 0.720189 0.372514 0.720602 0.417836 0.714317 0.423596 0.715459 0.366854 0.709505 0.373288 0.709898 0.419884 0.703998 0.426042 0.705701 0.367380 0.698736 0.373962 0.698912 0.429817 0.695600 0.423306 0.692627 0.374082 0.687544 0.367461 0.688136 0.556006 0.877065 0.559408 0.885578 0.552582 0.887894 0.549804 0.880175 0.561760 0.894519 0.554661 0.896123 0.563293 0.903499 0.556320 0.904573 0.564463 0.912476 0.557257 0.913255 0.565186 0.921586 0.557791 0.922000 0.565575 0.930747 0.558217 0.930747 0.565396 0.939854 0.558189 0.939502 0.564785 0.948847 0.557754 0.948225 0.563914 0.957900 0.556649 0.956874 0.562371 0.967021 0.555264 0.965474 0.560044 0.976182 0.552917 0.973935 0.556550 0.985198 0.549921 0.981948 0.436115 0.807139 0.432562 0.798304 0.439611 0.795914 0.442555 0.803842 0.430055 0.789226 0.437189 0.787614 0.428337 0.780201 0.435434 0.779139 
						0.427235 0.771256 0.434237 0.770593 0.426661 0.762303 0.433805 0.761945 0.426525 0.753270 0.433785 0.753239 0.426755 0.744163 0.434138 0.744509 0.427373 0.735052 0.434609 0.735800 0.428437 0.725982 0.435551 0.727158 0.430080 0.716968 0.437076 0.718631 0.432526 0.707906 0.439542 0.710307 0.442498 0.702347 0.436088 0.699116 0.549804 0.880175 0.552582 0.887894 0.550714 0.888450 0.548036 0.880803 0.436088 0.699116 0.432526 0.707906 0.426042 0.705701 0.429817 0.695600 0.559408 0.885578 0.556006 0.877065 0.562109 0.873661 0.565767 0.883443 0.439542 0.710307 0.442498 0.702347 0.444374 0.703038 0.441461 0.710952 0.554661 0.896123 0.552725 0.896547 0.561760 0.894519 0.568219 0.893050 0.556320 0.904573 0.554322 0.904867 0.563293 0.903499 0.569884 0.902515 0.557257 0.913255 0.555228 0.913419 0.564463 0.912476 0.570942 0.911948 0.557791 0.922000 0.555755 0.922105 0.565186 0.921586 0.571650 0.921328 0.558217 0.930747 0.556174 0.930787 0.565575 0.930747 0.571859 0.930659 0.558189 0.939502 0.556157 0.939443 0.565396 0.939854 0.571853 0.939990 0.557754 0.948225 0.555728 0.948041 0.564785 0.948847 0.571398 0.949379 0.556649 0.956874 0.554652 0.956580 
						0.563914 0.957900 0.570451 0.958838 0.555264 0.965474 0.553277 0.965031 0.562371 0.967021 0.568934 0.968429 0.552917 0.973935 0.550975 0.973297 0.560044 0.976182 0.566635 0.978327 0.549921 0.981948 0.548036 0.981251 0.556550 0.985198 0.562987 0.988640 0.442555 0.803842 0.439611 0.795914 0.441505 0.795298 0.444374 0.803171 0.432562 0.798304 0.436115 0.807139 0.429525 0.810560 0.425932 0.800395 0.437189 0.787614 0.439141 0.787135 0.430055 0.789226 0.423500 0.790601 0.435434 0.779139 0.437411 0.778803 0.428337 0.780201 0.421898 0.781091 0.434237 0.770593 0.436241 0.770410 0.427235 0.771256 0.420792 0.771742 0.433805 0.761945 0.435822 0.761899 0.426661 0.762303 0.420256 0.762443 0.433785 0.753239 0.435820 0.753284 0.426525 0.753270 0.420078 0.753111 0.434138 0.744509 0.436169 0.744610 0.426755 0.744163 0.420284 0.743764 0.434609 0.735800 0.436631 0.735970 0.427373 0.735052 0.420917 0.734393 0.435551 0.727158 0.437543 0.727450 0.428437 0.725982 0.421995 0.724957 0.437076 0.718631 0.439038 0.719104 0.430080 0.716968 0.423596 0.715459 0.419884 0.703998 0.373962 0.698912 0.374082 0.687544 0.423306 0.692627 0.568411 0.870796 0.617940 0.865068 
						0.618103 0.876784 0.571770 0.881727 0.618891 0.887789 0.573923 0.891897 0.619515 0.898599 0.575590 0.901729 0.620215 0.909259 0.576710 0.911437 0.620573 0.919801 0.577223 0.921047 0.620790 0.930413 0.577614 0.930574 0.620776 0.941101 0.577525 0.940139 0.620461 0.951908 0.577069 0.949781 0.620085 0.962617 0.576116 0.959524 0.619453 0.973277 0.574847 0.969490 0.618964 0.984241 0.572900 0.979959 0.619068 0.995607 0.569637 0.991509 0.423006 0.813295 0.373307 0.817996 0.373289 0.806455 0.419795 0.802074 0.372731 0.795525 0.417732 0.791746 0.372080 0.784761 0.416111 0.781873 0.371552 0.774048 0.415218 0.772217 0.371231 0.763350 0.414534 0.762667 0.371167 0.752623 0.414437 0.753086 0.371430 0.741809 0.414735 0.743524 0.371799 0.731144 0.415229 0.733917 0.372514 0.720602 0.416160 0.724164 0.417836 0.714317 0.373288 0.709898 0.693738 0.646612 0.698289 0.646612 0.698289 0.988730 0.693738 0.988730 0.500846 0.986291 0.497827 0.994559 0.497819 0.994556 0.500267 0.985824 0.725595 0.646612 0.730146 0.646612 0.730146 0.988730 0.725595 0.988730 0.689187 0.646612 0.689187 0.988730 0.721044 0.646612 0.721044 0.988730 0.684636 0.646612 0.684636 0.988730 
						0.716493 0.646612 0.716493 0.988730 0.680085 0.646612 0.680085 0.988730 0.711942 0.646612 0.711942 0.988730 0.675534 0.646612 0.675534 0.988730 0.707391 0.646612 0.707391 0.988730 0.670983 0.646612 0.670983 0.988730 0.702840 0.646612 0.702840 0.988730 0.666432 0.646612 0.666432 0.988730 0.734697 0.646612 0.734697 0.988730 0.661881 0.646612 0.661881 0.988730 0.817566 0.719088 0.816876 0.725553 0.813075 0.724632 0.814247 0.718692 0.817957 0.712905 0.814643 0.712768 0.818164 0.706767 0.814784 0.706719 0.818298 0.700629 0.814911 0.700592 0.818339 0.694479 0.814928 0.694451 0.818332 0.688304 0.814897 0.688296 0.818291 0.682100 0.814840 0.682137 0.818244 0.675859 0.814687 0.675888 0.818301 0.669628 0.814853 0.669626 0.818326 0.663427 0.814889 0.663451 0.818318 0.657239 0.814880 0.657270 0.818292 0.651076 0.814903 0.651120 0.818195 0.644941 0.814842 0.645031 0.817992 0.638821 0.814678 0.638991 0.817586 0.632645 0.814263 0.633051 0.816891 0.626178 0.813082 0.627103 0.809543 0.723286 0.810649 0.718202 0.814247 0.718692 0.813075 0.724632 0.898847 0.727869 0.816876 0.725553 0.817566 0.719088 0.899064 0.721390 0.817957 0.712905 0.899275 0.714912 
						0.810932 0.712545 0.814643 0.712768 0.899070 0.630347 0.817586 0.632645 0.816891 0.626178 0.898853 0.623869 0.810656 0.633550 0.809543 0.628454 0.813082 0.627103 0.814263 0.633051 0.818164 0.706767 0.899475 0.708431 0.810986 0.706651 0.814784 0.706719 0.818298 0.700629 0.899664 0.701943 0.811067 0.700632 0.814911 0.700592 0.818339 0.694479 0.899842 0.695447 0.811060 0.694538 0.814928 0.694451 0.818332 0.688304 0.900009 0.688937 0.811002 0.688403 0.814897 0.688296 0.818291 0.682100 0.900164 0.682412 0.810902 0.682206 0.814840 0.682137 0.818244 0.675859 0.900306 0.675867 0.810600 0.675885 0.814687 0.675888 0.818301 0.669628 0.900164 0.669323 0.810908 0.669561 0.814853 0.669626 0.818326 0.663427 0.900010 0.662797 0.810993 0.663366 0.814889 0.663451 0.818318 0.657239 0.899844 0.656288 0.811005 0.657262 0.814880 0.657270 0.818292 0.651076 0.899667 0.649791 0.811065 0.651199 0.814903 0.651120 0.818195 0.644941 0.899479 0.643305 0.811047 0.645165 0.814842 0.645031 0.817992 0.638821 0.899280 0.636824 0.810955 0.639231 0.814678 0.638991 0.500300 0.865144 0.507975 0.873115 0.504952 0.875050 0.499615 0.865511 0.497872 0.856336 0.500884 0.864690 
						0.500300 0.865144 0.497882 0.856333 0.550283 0.913763 0.552160 0.925557 0.531991 0.925499 0.531418 0.917181 0.510221 0.980449 0.507927 0.977778 0.545997 0.902903 0.529721 0.908797 0.521020 0.974061 0.515806 0.968714 0.539424 0.892913 0.526759 0.900146 0.530897 0.966718 0.522110 0.959648 0.530956 0.884172 0.522235 0.891215 0.539430 0.957922 0.526623 0.950682 0.520967 0.876728 0.515923 0.882070 0.545920 0.948147 0.529618 0.942165 0.510163 0.870496 0.550255 0.937285 0.531366 0.933784 0.514797 0.947328 0.512721 0.955873 0.503524 0.954665 0.503763 0.946351 0.516749 0.932400 0.516972 0.925455 0.497819 0.994556 0.497846 0.994560 0.499589 0.985444 0.497907 0.856329 0.516765 0.918503 0.499589 0.985444 0.504874 0.975859 0.516120 0.911249 0.509519 0.965453 0.514892 0.903496 0.512832 0.894960 0.509648 0.885380 0.516092 0.939631 0.503859 0.911964 0.503823 0.918837 0.490873 0.918302 0.491726 0.911031 0.503652 0.896150 0.503077 0.886677 0.503846 0.938928 0.501507 0.876105 0.503815 0.932054 0.498864 0.865816 0.503812 0.925446 0.497846 0.994560 0.497889 0.994563 0.498844 0.985127 0.497907 0.856329 0.498864 0.865816 0.497948 0.856328 0.498844 0.985127 
						0.501489 0.974811 0.502957 0.964156 0.503836 0.904500 0.498069 0.866058 0.497955 0.876273 0.417637 0.876226 0.417563 0.866054 0.497946 0.974616 0.496616 0.964589 0.493057 0.903417 0.494729 0.955607 0.494824 0.895271 0.493034 0.947461 0.496696 0.886243 0.491712 0.939844 0.490866 0.932574 0.490587 0.925438 0.497889 0.994563 0.497951 0.994560 0.498033 0.984828 0.497948 0.856328 0.498069 0.866058 0.498004 0.856330 0.498033 0.984828 0.418942 0.886257 0.420860 0.895260 0.412080 0.896228 0.412546 0.886665 0.424767 0.932530 0.425053 0.925408 0.497951 0.994560 0.417554 0.994474 0.417500 0.984745 0.498004 0.856330 0.417628 0.856328 0.424769 0.918286 0.417584 0.974577 0.423938 0.911005 0.418887 0.964547 0.422562 0.903424 0.420792 0.955525 0.422564 0.947381 0.423936 0.939808 0.412491 0.964159 0.414082 0.974798 0.410728 0.975882 0.405987 0.965584 0.411799 0.946336 0.411834 0.938887 0.414129 0.876003 0.411825 0.932015 0.416781 0.865832 0.411834 0.925408 0.417554 0.994474 0.417595 0.994473 0.416718 0.984963 0.417628 0.856328 0.417670 0.856330 0.411831 0.918804 0.416718 0.984963 0.411842 0.911942 0.411808 0.904514 0.412003 0.954630 0.398678 0.925405 
						0.398890 0.932360 0.384237 0.933713 0.383646 0.925390 0.399600 0.911262 0.400795 0.903460 0.402872 0.955881 0.402935 0.894973 0.400757 0.947362 0.406028 0.885247 0.399578 0.939548 0.410770 0.874915 0.416034 0.865494 0.417595 0.994473 0.417619 0.994471 0.415971 0.985297 0.417670 0.856330 0.416034 0.865494 0.417693 0.856334 0.398898 0.918445 0.415971 0.985297 0.399883 0.881896 0.393615 0.891205 0.384673 0.884131 0.394800 0.876541 0.417619 0.994471 0.417627 0.994470 0.415297 0.985652 0.415361 0.865137 0.417701 0.856336 0.384259 0.917055 0.415297 0.985652 0.407814 0.977793 0.386032 0.908707 0.399861 0.968932 0.389044 0.899972 0.393528 0.959705 0.388964 0.950794 0.385988 0.942063 0.407849 0.872994 0.000708 0.398765 0.000708 0.394345 0.035255 0.394345 0.035255 0.398765 0.376280 0.958051 0.369676 0.948033 0.405660 0.870381 0.365366 0.937170 0.414769 0.864713 0.363469 0.925369 0.417627 0.994470 0.417619 0.994474 0.414704 0.986075 0.417693 0.856333 0.365383 0.913568 0.405631 0.980395 0.369708 0.902706 0.394831 0.974271 0.376321 0.892685 0.384781 0.966798 0.000708 0.367825 0.000708 0.363405 0.035255 0.363405 0.035255 0.367825 0.000708 0.403185 
						0.035255 0.403185 0.000708 0.372245 0.035255 0.372245 0.000708 0.407605 0.035255 0.407605 0.000708 0.376665 0.035255 0.376665 0.000708 0.412025 0.035255 0.412025 0.000708 0.381085 0.035255 0.381085 0.000708 0.416445 0.035255 0.416445 0.000708 0.385505 0.035255 0.385505 0.000708 0.354565 0.000708 0.350145 0.035255 0.350145 0.035255 0.354565 0.000708 0.420865 0.035255 0.420865 0.000708 0.389925 0.035255 0.389925 0.000708 0.358985 0.035255 0.358985 0.735082 0.646747 0.739633 0.646747 0.739633 0.988865 0.735082 0.988865 0.034032 0.077491 0.031909 0.077677 0.031871 0.072429 0.034011 0.072391 0.803347 0.646747 0.807898 0.646747 0.807898 0.988865 0.803347 0.988865 0.001398 0.077486 0.003524 0.077688 0.002846 0.082988 0.000758 0.082268 0.771490 0.646747 0.776041 0.646747 0.776041 0.988865 0.771490 0.988865 0.032899 0.020741 0.030850 0.020730 0.030811 0.015780 0.032847 0.015802 0.744184 0.646747 0.744184 0.988865 0.001426 0.072398 0.003563 0.072437 0.780592 0.646747 0.780592 0.988865 0.032868 0.006104 0.030867 0.005903 0.031529 0.000914 0.033493 0.001601 0.748735 0.646747 0.748735 0.988865 0.002046 0.015643 0.004086 0.015667 0.004024 0.020616 
						0.001980 0.020581 0.785143 0.646747 0.785143 0.988865 0.033202 0.035713 0.031107 0.035792 0.031009 0.030727 0.033089 0.030686 0.753286 0.646747 0.753286 0.988865 0.001514 0.001481 0.003485 0.000798 0.004132 0.005788 0.002131 0.005954 0.789694 0.646747 0.789694 0.988865 0.033950 0.056517 0.031754 0.056610 0.031577 0.051304 0.033758 0.051224 0.757837 0.646747 0.757837 0.988865 0.001685 0.030549 0.003769 0.030605 0.003634 0.035665 0.001538 0.035595 0.794245 0.646747 0.794245 0.988865 0.001055 0.051370 0.003284 0.051341 0.003383 0.056664 0.001192 0.056678 0.762388 0.646747 0.762388 0.988865 0.031904 0.067188 0.034076 0.067193 0.798796 0.646747 0.798796 0.988865 0.030805 0.010849 0.032819 0.010899 0.766939 0.646747 0.766939 0.988865 0.001360 0.067212 0.003525 0.067196 0.002130 0.010756 0.004143 0.010730 0.030914 0.025708 0.032974 0.025705 0.001642 0.287780 0.018988 0.287803 0.018377 0.290852 0.001031 0.290830 0.001031 0.290830 0.018377 0.290852 0.018345 0.315138 0.000999 0.315115 0.003446 0.040775 0.031233 0.040903 0.031378 0.046068 0.003264 0.045987 0.004132 0.005788 0.030867 0.005903 0.030805 0.010849 0.004143 0.010730 0.031577 0.051304 
						0.003284 0.051341 0.030811 0.015780 0.004086 0.015667 0.031754 0.056610 0.003383 0.056664 0.030850 0.020730 0.004024 0.020616 0.031925 0.061946 0.003482 0.061941 0.030914 0.025708 0.003908 0.025587 0.031904 0.067188 0.003525 0.067196 0.031009 0.030727 0.003769 0.030605 0.031871 0.072429 0.003563 0.072437 0.031107 0.035792 0.003634 0.035665 0.031909 0.077677 0.003524 0.077688 0.003482 0.061941 0.001311 0.061969 0.034710 0.082237 0.032620 0.082972 0.003446 0.040775 0.001299 0.040708 0.034093 0.061907 0.031925 0.061946 0.003264 0.045987 0.000960 0.045925 0.033355 0.040813 0.031233 0.040903 0.003908 0.025587 0.001846 0.025561 0.033523 0.045994 0.031378 0.046068 0.005642 0.080107 0.029799 0.080100 0.028882 0.003616 0.006130 0.003515 0.003485 0.000798 0.005723 0.000497 0.029297 0.000606 0.031529 0.000914 0.005216 0.083303 0.002846 0.082988 0.032620 0.082972 0.030245 0.083303 0.000959 0.345501 0.018305 0.345524 0.018908 0.348575 0.001562 0.348552 0.000991 0.321216 0.018337 0.321238 0.018305 0.345524 0.000959 0.345501 0.000999 0.315115 0.018345 0.315138 0.018948 0.318189 0.001602 0.318166 0.018337 0.321238 0.000991 0.321216 0.873219 0.988138 
						0.863515 0.986146 0.876408 0.904222 0.883544 0.907761 0.961724 0.983198 0.951990 0.985244 0.938832 0.900770 0.947851 0.896373 0.882982 0.989872 0.890330 0.910329 0.971476 0.981112 0.957835 0.892899 0.892842 0.991295 0.896993 0.911903 0.981235 0.979031 0.967795 0.890909 0.902836 0.992367 0.903575 0.912491 0.834428 0.979321 0.824712 0.976984 0.839799 0.889243 0.849718 0.891494 0.912847 0.991556 0.910168 0.912066 0.844139 0.981661 0.859633 0.895231 0.922732 0.990390 0.916832 0.910639 0.853831 0.983962 0.868567 0.899862 0.932527 0.988912 0.923725 0.908265 0.942267 0.987174 0.930924 0.904925 0.920461 0.762566 0.926263 0.762513 0.926264 0.765468 0.920476 0.765529 0.914661 0.762667 0.914684 0.765608 0.908859 0.762859 0.908958 0.765715 0.902944 0.763337 0.903218 0.766626 0.990244 0.762864 0.996160 0.763340 0.995885 0.766628 0.990148 0.765718 0.984442 0.762667 0.984424 0.765608 0.978642 0.762567 0.978629 0.765530 0.972841 0.762515 0.972840 0.765470 0.967033 0.762522 0.967045 0.765503 0.961212 0.762553 0.961218 0.765559 0.955384 0.762577 0.955382 0.765581 0.949553 0.762596 0.949547 0.765619 0.943720 0.762580 0.943717 0.765585 0.937891 0.762553 
						0.937885 0.765558 0.932071 0.762521 0.932058 0.765502 0.926265 0.770023 0.920457 0.770072 0.920476 0.765529 0.926264 0.765468 0.925830 0.585706 0.926263 0.762513 0.920461 0.762566 0.919907 0.585803 0.914661 0.762667 0.913986 0.585905 0.914704 0.770099 0.914684 0.765608 0.931756 0.585614 0.932071 0.762521 0.932078 0.770070 0.932058 0.765502 0.908859 0.762859 0.908065 0.586011 0.909089 0.770096 0.908958 0.765715 0.902944 0.763337 0.902144 0.586121 0.903856 0.771034 0.903218 0.766626 0.996963 0.586125 0.996160 0.763340 0.990244 0.762864 0.991042 0.586015 0.995248 0.771034 0.990017 0.770097 0.990148 0.765718 0.995885 0.766628 0.984442 0.762667 0.985121 0.585908 0.984404 0.770099 0.984424 0.765608 0.978642 0.762567 0.979200 0.585806 0.978648 0.770075 0.978629 0.765530 0.972841 0.762515 0.973277 0.585708 0.972839 0.770025 0.972840 0.765470 0.967033 0.762522 0.967352 0.585615 0.967025 0.770072 0.967045 0.765503 0.961212 0.762553 0.961423 0.585527 0.961227 0.770143 0.961218 0.765559 0.955384 0.762577 0.955491 0.585443 0.955419 0.770178 0.955382 0.765581 0.949553 0.762596 0.949554 0.585363 0.949548 0.770269 0.949547 0.765619 0.943720 0.762580 
						0.943617 0.585442 0.943679 0.770179 0.943717 0.765585 0.937891 0.762553 0.937684 0.585526 0.937875 0.770141 0.937885 0.765558 0.928685 0.895966 0.936977 0.894296 0.921537 0.897261 0.878825 0.895286 0.885897 0.896829 0.946863 0.892402 0.892209 0.897803 0.957801 0.891273 0.898073 0.898367 0.967976 0.891018 0.903692 0.898600 0.839612 0.889345 0.849783 0.889868 0.909315 0.898494 0.860693 0.891289 0.915167 0.898050 0.870535 0.893440 0.914773 0.886417 0.920926 0.886605 0.871117 0.886644 0.879549 0.886224 0.928024 0.886881 0.936499 0.887466 0.886624 0.886237 0.946683 0.888299 0.892785 0.886141 0.957868 0.889668 0.898412 0.886123 0.967976 0.891018 0.968117 0.891123 0.903792 0.886172 0.839612 0.889345 0.839468 0.889445 0.849746 0.888261 0.909166 0.886259 0.849746 0.888261 0.860949 0.887190 0.839468 0.889445 0.839367 0.889544 0.849598 0.886679 0.903915 0.873574 0.909625 0.873869 0.849598 0.886679 0.860505 0.883111 0.915519 0.874647 0.870387 0.879807 0.921929 0.875892 0.878664 0.877131 0.929091 0.877788 0.937362 0.880610 0.885905 0.875481 0.947206 0.884236 0.892283 0.874321 0.958046 0.888092 0.898198 0.873709 0.968117 0.891123 0.968215 0.891225 
						0.883341 0.864126 0.890350 0.861260 0.948538 0.880538 0.958330 0.886566 0.897225 0.859594 0.968215 0.891225 0.968273 0.891325 0.904066 0.859107 0.839367 0.889544 0.839307 0.889642 0.849344 0.885144 0.910896 0.859794 0.849344 0.885144 0.859256 0.879373 0.917739 0.861667 0.868139 0.873351 0.924749 0.864712 0.875979 0.868140 0.932019 0.868928 0.939807 0.874301 0.968711 0.858059 0.978147 0.863234 0.886534 0.838758 0.895410 0.837417 0.958906 0.853208 0.877577 0.840976 0.949270 0.848777 0.868494 0.844000 0.930928 0.841694 0.939956 0.844956 0.859114 0.847580 0.922007 0.839239 0.849395 0.851761 0.913154 0.837658 0.839498 0.856355 0.904287 0.836981 0.839307 0.889642 0.829963 0.861281 0.894857 0.825814 0.904399 0.825423 0.904376 0.827713 0.895002 0.828160 0.823060 0.847997 0.834470 0.843364 0.835391 0.845970 0.824199 0.851599 0.913931 0.826069 0.913741 0.828412 0.845245 0.839093 0.846026 0.841661 0.923506 0.827583 0.923168 0.829948 0.855607 0.835265 0.856264 0.837818 0.933163 0.829906 0.932677 0.832318 0.865707 0.831941 0.866282 0.834488 0.942968 0.832968 0.953004 0.836556 0.952300 0.839091 0.942345 0.835501 0.875564 0.829137 0.876004 0.831560 
						0.963291 0.840654 0.962462 0.843201 0.885258 0.827071 0.885551 0.829444 0.973981 0.845207 0.973012 0.847787 0.985300 0.850139 0.984092 0.853709 0.978147 0.863234 0.968711 0.858059 0.973012 0.847787 0.984092 0.853709 0.985300 0.850139 0.973981 0.845207 0.987262 0.791862 0.998733 0.795830 0.958906 0.853208 0.962462 0.843201 0.963291 0.840654 0.975797 0.788012 0.895410 0.837417 0.886534 0.838758 0.885551 0.829444 0.895002 0.828160 0.894857 0.825814 0.885258 0.827071 0.880483 0.774910 0.892563 0.773288 0.877577 0.840976 0.876004 0.831560 0.875564 0.829137 0.868611 0.777097 0.949270 0.848777 0.952300 0.839091 0.953004 0.836556 0.964311 0.784373 0.868494 0.844000 0.866282 0.834488 0.865707 0.831941 0.856895 0.779759 0.939956 0.844956 0.942345 0.835501 0.942968 0.832968 0.952760 0.781027 0.930928 0.841694 0.932677 0.832318 0.933163 0.829906 0.941097 0.778057 0.859114 0.847580 0.856264 0.837818 0.855607 0.835265 0.845285 0.782799 0.922007 0.839239 0.923168 0.829948 0.923506 0.827583 0.929269 0.775555 0.849395 0.851761 0.846026 0.841661 0.845245 0.839093 0.833733 0.786134 0.913154 0.837658 0.913741 0.828412 0.913931 0.826069 0.917222 0.773615 
						0.839498 0.856355 0.835391 0.845970 0.834470 0.843364 0.822198 0.789680 0.904287 0.836981 0.904376 0.827713 0.904399 0.825423 0.904903 0.772326 0.829963 0.861281 0.824199 0.851599 0.823060 0.847997 0.810654 0.793345 
					</float_array>
					<technique_common>
						<accessor count="3852" offset="0" source="#meshId0-tex0-array" stride="2">
							<param name="S" type="float" />
							<param name="T" type="float" />
						</accessor>
					</technique_common>
				</source>
				<vertices id="meshId0-vertices">
					<input semantic="POSITION" source="#meshId0-positions" />
				</vertices>
				<polylist count="4052" material="defaultMaterial">
					<input offset="0" semantic="VERTEX" source="#meshId0-vertices" />
					<input offset="0" semantic="NORMAL" source="#meshId0-normals" />
					<input offset="0" semantic="TANGENT" source="#meshId0-tangents" />
					<input offset="0" semantic="BINORMAL" source="#meshId0-bitangents" />
					<input offset="0" semantic="TEXCOORD" source="#meshId0-tex0" set="0" />
					<vcount>
						3 3 3 3 3 3 3 3 3 3 3 3 3 3 3 3 3 3 3 3 3 3 3 3 3 3 3 3 3 3 3 3 3 3 3 3 3 3 3 3 3 3 3 3 3 3 3 3 3 3 3 3 3 3 3 3 3 3 3 3 3 3 3 3 
						3 3 3 3 3 3 3 3 3 3 3 3 3 3 3 3 3 3 3 3 3 3 3 3 3 3 3 3 3 3 3 3 3 3 3 3 3 3 3 3 3 3 3 3 3 3 3 3 3 3 3 3 3 3 3 3 3 3 3 3 3 3 3 3 
						3 3 3 3 3 3 3 3 3 3 3 3 3 3 3 3 3 3 3 3 3 3 3 3 3 3 3 3 3 3 3 3 3 3 3 3 3 3 3 3 3 3 3 3 3 3 3 3 3 3 3 3 3 3 3 3 3 3 3 3 3 3 3 3 
						3 3 3 3 3 3 3 3 3 3 3 3 3 3 3 3 3 3 3 3 3 3 3 3 3 3 3 3 3 3 3 3 3 3 3 3 3 3 3 3 3 3 3 3 3 3 3 3 3 3 3 3 3 3 3 3 3 3 3 3 3 3 3 3 
						3 3 3 3 3 3 3 3 3 3 3 3 3 3 3 3 3 3 3 3 3 3 3 3 3 3 3 3 3 3 3 3 3 3 3 3 3 3 3 3 3 3 3 3 3 3 3 3 3 3 3 3 3 3 3 3 3 3 3 3 3 3 3 3 
						3 3 3 3 3 3 3 3 3 3 3 3 3 3 3 3 3 3 3 3 3 3 3 3 3 3 3 3 3 3 3 3 3 3 3 3 3 3 3 3 3 3 3 3 3 3 3 3 3 3 3 3 3 3 3 3 3 3 3 3 3 3 3 3 
						3 3 3 3 3 3 3 3 3 3 3 3 3 3 3 3 3 3 3 3 3 3 3 3 3 3 3 3 3 3 3 3 3 3 3 3 3 3 3 3 3 3 3 3 3 3 3 3 3 3 3 3 3 3 3 3 3 3 3 3 3 3 3 3 
						3 3 3 3 3 3 3 3 3 3 3 3 3 3 3 3 3 3 3 3 3 3 3 3 3 3 3 3 3 3 3 3 3 3 3 3 3 3 3 3 3 3 3 3 3 3 3 3 3 3 3 3 3 3 3 3 3 3 3 3 3 3 3 3 
						3 3 3 3 3 3 3 3 3 3 3 3 3 3 3 3 3 3 3 3 3 3 3 3 3 3 3 3 3 3 3 3 3 3 3 3 3 3 3 3 3 3 3 3 3 3 3 3 3 3 3 3 3 3 3 3 3 3 3 3 3 3 3 3 
						3 3 3 3 3 3 3 3 3 3 3 3 3 3 3 3 3 3 3 3 3 3 3 3 3 3 3 3 3 3 3 3 3 3 3 3 3 3 3 3 3 3 3 3 3 3 3 3 3 3 3 3 3 3 3 3 3 3 3 3 3 3 3 3 
						3 3 3 3 3 3 3 3 3 3 3 3 3 3 3 3 3 3 3 3 3 3 3 3 3 3 3 3 3 3 3 3 3 3 3 3 3 3 3 3 3 3 3 3 3 3 3 3 3 3 3 3 3 3 3 3 3 3 3 3 3 3 3 3 
						3 3 3 3 3 3 3 3 3 3 3 3 3 3 3 3 3 3 3 3 3 3 3 3 3 3 3 3 3 3 3 3 3 3 3 3 3 3 3 3 3 3 3 3 3 3 3 3 3 3 3 3 3 3 3 3 3 3 3 3 3 3 3 3 
						3 3 3 3 3 3 3 3 3 3 3 3 3 3 3 3 3 3 3 3 3 3 3 3 3 3 3 3 3 3 3 3 3 3 3 3 3 3 3 3 3 3 3 3 3 3 3 3 3 3 3 3 3 3 3 3 3 3 3 3 3 3 3 3 
						3 3 3 3 3 3 3 3 3 3 3 3 3 3 3 3 3 3 3 3 3 3 3 3 3 3 3 3 3 3 3 3 3 3 3 3 3 3 3 3 3 3 3 3 3 3 3 3 3 3 3 3 3 3 3 3 3 3 3 3 3 3 3 3 
						3 3 3 3 3 3 3 3 3 3 3 3 3 3 3 3 3 3 3 3 3 3 3 3 3 3 3 3 3 3 3 3 3 3 3 3 3 3 3 3 3 3 3 3 3 3 3 3 3 3 3 3 3 3 3 3 3 3 3 3 3 3 3 3 
						3 3 3 3 3 3 3 3 3 3 3 3 3 3 3 3 3 3 3 3 3 3 3 3 3 3 3 3 3 3 3 3 3 3 3 3 3 3 3 3 3 3 3 3 3 3 3 3 3 3 3 3 3 3 3 3 3 3 3 3 3 3 3 3 
						3 3 3 3 3 3 3 3 3 3 3 3 3 3 3 3 3 3 3 3 3 3 3 3 3 3 3 3 3 3 3 3 3 3 3 3 3 3 3 3 3 3 3 3 3 3 3 3 3 3 3 3 3 3 3 3 3 3 3 3 3 3 3 3 
						3 3 3 3 3 3 3 3 3 3 3 3 3 3 3 3 3 3 3 3 3 3 3 3 3 3 3 3 3 3 3 3 3 3 3 3 3 3 3 3 3 3 3 3 3 3 3 3 3 3 3 3 3 3 3 3 3 3 3 3 3 3 3 3 
						3 3 3 3 3 3 3 3 3 3 3 3 3 3 3 3 3 3 3 3 3 3 3 3 3 3 3 3 3 3 3 3 3 3 3 3 3 3 3 3 3 3 3 3 3 3 3 3 3 3 3 3 3 3 3 3 3 3 3 3 3 3 3 3 
						3 3 3 3 3 3 3 3 3 3 3 3 3 3 3 3 3 3 3 3 3 3 3 3 3 3 3 3 3 3 3 3 3 3 3 3 3 3 3 3 3 3 3 3 3 3 3 3 3 3 3 3 3 3 3 3 3 3 3 3 3 3 3 3 
						3 3 3 3 3 3 3 3 3 3 3 3 3 3 3 3 3 3 3 3 3 3 3 3 3 3 3 3 3 3 3 3 3 3 3 3 3 3 3 3 3 3 3 3 3 3 3 3 3 3 3 3 3 3 3 3 3 3 3 3 3 3 3 3 
						3 3 3 3 3 3 3 3 3 3 3 3 3 3 3 3 3 3 3 3 3 3 3 3 3 3 3 3 3 3 3 3 3 3 3 3 3 3 3 3 3 3 3 3 3 3 3 3 3 3 3 3 3 3 3 3 3 3 3 3 3 3 3 3 
						3 3 3 3 3 3 3 3 3 3 3 3 3 3 3 3 3 3 3 3 3 3 3 3 3 3 3 3 3 3 3 3 3 3 3 3 3 3 3 3 3 3 3 3 3 3 3 3 3 3 3 3 3 3 3 3 3 3 3 3 3 3 3 3 
						3 3 3 3 3 3 3 3 3 3 3 3 3 3 3 3 3 3 3 3 3 3 3 3 3 3 3 3 3 3 3 3 3 3 3 3 3 3 3 3 3 3 3 3 3 3 3 3 3 3 3 3 3 3 3 3 3 3 3 3 3 3 3 3 
						3 3 3 3 3 3 3 3 3 3 3 3 3 3 3 3 3 3 3 3 3 3 3 3 3 3 3 3 3 3 3 3 3 3 3 3 3 3 3 3 3 3 3 3 3 3 3 3 3 3 3 3 3 3 3 3 3 3 3 3 3 3 3 3 
						3 3 3 3 3 3 3 3 3 3 3 3 3 3 3 3 3 3 3 3 3 3 3 3 3 3 3 3 3 3 3 3 3 3 3 3 3 3 3 3 3 3 3 3 3 3 3 3 3 3 3 3 3 3 3 3 3 3 3 3 3 3 3 3 
						3 3 3 3 3 3 3 3 3 3 3 3 3 3 3 3 3 3 3 3 3 3 3 3 3 3 3 3 3 3 3 3 3 3 3 3 3 3 3 3 3 3 3 3 3 3 3 3 3 3 3 3 3 3 3 3 3 3 3 3 3 3 3 3 
						3 3 3 3 3 3 3 3 3 3 3 3 3 3 3 3 3 3 3 3 3 3 3 3 3 3 3 3 3 3 3 3 3 3 3 3 3 3 3 3 3 3 3 3 3 3 3 3 3 3 3 3 3 3 3 3 3 3 3 3 3 3 3 3 
						3 3 3 3 3 3 3 3 3 3 3 3 3 3 3 3 3 3 3 3 3 3 3 3 3 3 3 3 3 3 3 3 3 3 3 3 3 3 3 3 3 3 3 3 3 3 3 3 3 3 3 3 3 3 3 3 3 3 3 3 3 3 3 3 
						3 3 3 3 3 3 3 3 3 3 3 3 3 3 3 3 3 3 3 3 3 3 3 3 3 3 3 3 3 3 3 3 3 3 3 3 3 3 3 3 3 3 3 3 3 3 3 3 3 3 3 3 3 3 3 3 3 3 3 3 3 3 3 3 
						3 3 3 3 3 3 3 3 3 3 3 3 3 3 3 3 3 3 3 3 3 3 3 3 3 3 3 3 3 3 3 3 3 3 3 3 3 3 3 3 3 3 3 3 3 3 3 3 3 3 3 3 3 3 3 3 3 3 3 3 3 3 3 3 
						3 3 3 3 3 3 3 3 3 3 3 3 3 3 3 3 3 3 3 3 3 3 3 3 3 3 3 3 3 3 3 3 3 3 3 3 3 3 3 3 3 3 3 3 3 3 3 3 3 3 3 3 3 3 3 3 3 3 3 3 3 3 3 3 
						3 3 3 3 3 3 3 3 3 3 3 3 3 3 3 3 3 3 3 3 3 3 3 3 3 3 3 3 3 3 3 3 3 3 3 3 3 3 3 3 3 3 3 3 3 3 3 3 3 3 3 3 3 3 3 3 3 3 3 3 3 3 3 3 
						3 3 3 3 3 3 3 3 3 3 3 3 3 3 3 3 3 3 3 3 3 3 3 3 3 3 3 3 3 3 3 3 3 3 3 3 3 3 3 3 3 3 3 3 3 3 3 3 3 3 3 3 3 3 3 3 3 3 3 3 3 3 3 3 
						3 3 3 3 3 3 3 3 3 3 3 3 3 3 3 3 3 3 3 3 3 3 3 3 3 3 3 3 3 3 3 3 3 3 3 3 3 3 3 3 3 3 3 3 3 3 3 3 3 3 3 3 3 3 3 3 3 3 3 3 3 3 3 3 
						3 3 3 3 3 3 3 3 3 3 3 3 3 3 3 3 3 3 3 3 3 3 3 3 3 3 3 3 3 3 3 3 3 3 3 3 3 3 3 3 3 3 3 3 3 3 3 3 3 3 3 3 3 3 3 3 3 3 3 3 3 3 3 3 
						3 3 3 3 3 3 3 3 3 3 3 3 3 3 3 3 3 3 3 3 3 3 3 3 3 3 3 3 3 3 3 3 3 3 3 3 3 3 3 3 3 3 3 3 3 3 3 3 3 3 3 3 3 3 3 3 3 3 3 3 3 3 3 3 
						3 3 3 3 3 3 3 3 3 3 3 3 3 3 3 3 3 3 3 3 3 3 3 3 3 3 3 3 3 3 3 3 3 3 3 3 3 3 3 3 3 3 3 3 3 3 3 3 3 3 3 3 3 3 3 3 3 3 3 3 3 3 3 3 
						3 3 3 3 3 3 3 3 3 3 3 3 3 3 3 3 3 3 3 3 3 3 3 3 3 3 3 3 3 3 3 3 3 3 3 3 3 3 3 3 3 3 3 3 3 3 3 3 3 3 3 3 3 3 3 3 3 3 3 3 3 3 3 3 
						3 3 3 3 3 3 3 3 3 3 3 3 3 3 3 3 3 3 3 3 3 3 3 3 3 3 3 3 3 3 3 3 3 3 3 3 3 3 3 3 3 3 3 3 3 3 3 3 3 3 3 3 3 3 3 3 3 3 3 3 3 3 3 3 
						3 3 3 3 3 3 3 3 3 3 3 3 3 3 3 3 3 3 3 3 3 3 3 3 3 3 3 3 3 3 3 3 3 3 3 3 3 3 3 3 3 3 3 3 3 3 3 3 3 3 3 3 3 3 3 3 3 3 3 3 3 3 3 3 
						3 3 3 3 3 3 3 3 3 3 3 3 3 3 3 3 3 3 3 3 3 3 3 3 3 3 3 3 3 3 3 3 3 3 3 3 3 3 3 3 3 3 3 3 3 3 3 3 3 3 3 3 3 3 3 3 3 3 3 3 3 3 3 3 
						3 3 3 3 3 3 3 3 3 3 3 3 3 3 3 3 3 3 3 3 3 3 3 3 3 3 3 3 3 3 3 3 3 3 3 3 3 3 3 3 3 3 3 3 3 3 3 3 3 3 3 3 3 3 3 3 3 3 3 3 3 3 3 3 
						3 3 3 3 3 3 3 3 3 3 3 3 3 3 3 3 3 3 3 3 3 3 3 3 3 3 3 3 3 3 3 3 3 3 3 3 3 3 3 3 3 3 3 3 3 3 3 3 3 3 3 3 3 3 3 3 3 3 3 3 3 3 3 3 
						3 3 3 3 3 3 3 3 3 3 3 3 3 3 3 3 3 3 3 3 3 3 3 3 3 3 3 3 3 3 3 3 3 3 3 3 3 3 3 3 3 3 3 3 3 3 3 3 3 3 3 3 3 3 3 3 3 3 3 3 3 3 3 3 
						3 3 3 3 3 3 3 3 3 3 3 3 3 3 3 3 3 3 3 3 3 3 3 3 3 3 3 3 3 3 3 3 3 3 3 3 3 3 3 3 3 3 3 3 3 3 3 3 3 3 3 3 3 3 3 3 3 3 3 3 3 3 3 3 
						3 3 3 3 3 3 3 3 3 3 3 3 3 3 3 3 3 3 3 3 3 3 3 3 3 3 3 3 3 3 3 3 3 3 3 3 3 3 3 3 3 3 3 3 3 3 3 3 3 3 3 3 3 3 3 3 3 3 3 3 3 3 3 3 
						3 3 3 3 3 3 3 3 3 3 3 3 3 3 3 3 3 3 3 3 3 3 3 3 3 3 3 3 3 3 3 3 3 3 3 3 3 3 3 3 3 3 3 3 3 3 3 3 3 3 3 3 3 3 3 3 3 3 3 3 3 3 3 3 
						3 3 3 3 3 3 3 3 3 3 3 3 3 3 3 3 3 3 3 3 3 3 3 3 3 3 3 3 3 3 3 3 3 3 3 3 3 3 3 3 3 3 3 3 3 3 3 3 3 3 3 3 3 3 3 3 3 3 3 3 3 3 3 3 
						3 3 3 3 3 3 3 3 3 3 3 3 3 3 3 3 3 3 3 3 3 3 3 3 3 3 3 3 3 3 3 3 3 3 3 3 3 3 3 3 3 3 3 3 3 3 3 3 3 3 3 3 3 3 3 3 3 3 3 3 3 3 3 3 
						3 3 3 3 3 3 3 3 3 3 3 3 3 3 3 3 3 3 3 3 3 3 3 3 3 3 3 3 3 3 3 3 3 3 3 3 3 3 3 3 3 3 3 3 3 3 3 3 3 3 3 3 3 3 3 3 3 3 3 3 3 3 3 3 
						3 3 3 3 3 3 3 3 3 3 3 3 3 3 3 3 3 3 3 3 3 3 3 3 3 3 3 3 3 3 3 3 3 3 3 3 3 3 3 3 3 3 3 3 3 3 3 3 3 3 3 3 3 3 3 3 3 3 3 3 3 3 3 3 
						3 3 3 3 3 3 3 3 3 3 3 3 3 3 3 3 3 3 3 3 3 3 3 3 3 3 3 3 3 3 3 3 3 3 3 3 3 3 3 3 3 3 3 3 3 3 3 3 3 3 3 3 3 3 3 3 3 3 3 3 3 3 3 3 
						3 3 3 3 3 3 3 3 3 3 3 3 3 3 3 3 3 3 3 3 3 3 3 3 3 3 3 3 3 3 3 3 3 3 3 3 3 3 3 3 3 3 3 3 3 3 3 3 3 3 3 3 3 3 3 3 3 3 3 3 3 3 3 3 
						3 3 3 3 3 3 3 3 3 3 3 3 3 3 3 3 3 3 3 3 3 3 3 3 3 3 3 3 3 3 3 3 3 3 3 3 3 3 3 3 3 3 3 3 3 3 3 3 3 3 3 3 3 3 3 3 3 3 3 3 3 3 3 3 
						3 3 3 3 3 3 3 3 3 3 3 3 3 3 3 3 3 3 3 3 3 3 3 3 3 3 3 3 3 3 3 3 3 3 3 3 3 3 3 3 3 3 3 3 3 3 3 3 3 3 3 3 3 3 3 3 3 3 3 3 3 3 3 3 
						3 3 3 3 3 3 3 3 3 3 3 3 3 3 3 3 3 3 3 3 3 3 3 3 3 3 3 3 3 3 3 3 3 3 3 3 3 3 3 3 3 3 3 3 3 3 3 3 3 3 3 3 3 3 3 3 3 3 3 3 3 3 3 3 
						3 3 3 3 3 3 3 3 3 3 3 3 3 3 3 3 3 3 3 3 3 3 3 3 3 3 3 3 3 3 3 3 3 3 3 3 3 3 3 3 3 3 3 3 3 3 3 3 3 3 3 3 3 3 3 3 3 3 3 3 3 3 3 3 
						3 3 3 3 3 3 3 3 3 3 3 3 3 3 3 3 3 3 3 3 3 3 3 3 3 3 3 3 3 3 3 3 3 3 3 3 3 3 3 3 3 3 3 3 3 3 3 3 3 3 3 3 3 3 3 3 3 3 3 3 3 3 3 3 
						3 3 3 3 3 3 3 3 3 3 3 3 3 3 3 3 3 3 3 3 3 3 3 3 3 3 3 3 3 3 3 3 3 3 3 3 3 3 3 3 3 3 3 3 3 3 3 3 3 3 3 3 3 3 3 3 3 3 3 3 3 3 3 3 
						3 3 3 3 3 3 3 3 3 3 3 3 3 3 3 3 3 3 3 3 3 3 3 3 3 3 3 3 3 3 3 3 3 3 3 3 3 3 3 3 3 3 3 3 3 3 3 3 3 3 3 3 3 3 3 3 3 3 3 3 3 3 3 3 
						3 3 3 3 3 3 3 3 3 3 3 3 3 3 3 3 3 3 3 3 3 3 3 3 3 3 3 3 3 3 3 3 3 3 3 3 3 3 3 3 3 3 3 3 3 3 3 3 3 3 3 3 3 3 3 3 3 3 3 3 3 3 3 3 
						3 3 3 3 3 3 3 3 3 3 3 3 3 3 3 3 3 3 3 3 3 3 3 3 3 3 3 3 3 3 3 3 3 3 3 3 3 3 3 3 3 3 3 3 3 3 3 3 3 3 3 3 3 3 3 3 3 3 3 3 3 3 3 3 
						3 3 3 3 3 3 3 3 3 3 3 3 3 3 3 3 3 3 3 3 
					</vcount>
					<p>
						3 0 1 1 2 3 5 3 2 2 4 5 7 5 4 4 6 7 9 7 6 6 8 9 11 9 8 8 10 11 13 11 10 10 12 13 15 13 12 12 14 15 17 15 14 14 16 17 21 18 19 19 20 21 23 21 20 20 22 23 25 23 22 22 24 25 27 25 24 24 26 27 29 27 26 26 28 29 31 29 28 28 30 31 33 31 30 30 32 33 35 33 32 32 34 35 37 35 34 34 36 37 39 37 36 36 38 39 41 39 38 38 40 41 43 41 40 40 42 43 45 43 42 42 44 45 47 45 44 44 46 47 49 47 46 46 48 49 51 49 48 48 50 51 55 52 53 53 54 55 57 55 54 54 56 57 59 57 56 56 58 59 61 59 58 58 60 61 63 61 60 60 62 63 65 63 62 62 64 65 69 66 67 67 68 69 71 65 64 64 70 71 
						0 71 70 70 1 0 103 72 73 103 73 74 103 74 75 103 75 76 103 76 77 103 77 78 103 78 79 103 79 80 103 80 81 103 81 82 103 82 83 103 83 84 103 84 85 103 85 86 103 86 87 103 87 88 103 88 89 103 89 90 103 90 91 103 91 92 103 92 93 103 93 94 103 94 95 103 95 96 103 96 97 103 97 98 103 98 99 103 99 100 103 100 101 101 102 103 107 104 105 105 106 107 104 108 109 109 105 104 108 110 111 111 109 108 110 112 113 113 111 110 112 114 115 115 113 112 114 116 117 117 115 114 116 118 119 119 117 116 118 120 121 121 119 118 125 122 123 123 124 125 122 126 127 127 123 122 126 128 129 129 127 126 128 130 131 131 129 128 130 132 133 133 131 130 132 134 135 135 133 132 134 136 137 137 135 134 136 138 139 139 137 136 
						138 140 141 141 139 138 140 142 143 143 141 140 142 144 145 145 143 142 144 146 147 147 145 144 146 148 149 149 147 146 148 150 151 151 149 148 150 152 153 153 151 150 152 154 155 155 153 152 159 156 157 157 158 159 156 160 161 161 157 156 160 162 163 163 161 160 162 164 165 165 163 162 164 166 167 167 165 164 166 168 169 169 167 166 168 170 171 171 169 168 170 107 106 106 171 170 175 172 173 173 174 175 177 176 172 172 175 177 179 178 176 176 177 179 181 180 178 178 179 181 183 182 180 180 181 183 185 184 182 182 183 185 187 186 184 184 185 187 189 188 186 186 187 189 193 190 191 191 192 193 195 194 190 190 193 195 197 196 194 194 195 197 199 198 196 196 197 199 201 200 198 198 199 201 203 202 200 200 201 203 205 204 202 202 203 205 207 206 204 204 205 207 
						209 208 206 206 207 209 211 210 208 208 209 211 213 212 210 210 211 213 215 214 212 212 213 215 217 216 214 214 215 217 219 218 216 216 217 219 221 220 218 218 219 221 223 222 220 220 221 223 227 224 225 225 226 227 229 228 224 224 227 229 231 230 228 228 229 231 233 232 230 230 231 233 235 234 232 232 233 235 237 236 234 234 235 237 239 238 236 236 237 239 174 173 238 238 239 174 243 240 241 241 242 243 245 244 240 240 243 245 247 246 244 244 245 247 249 248 246 246 247 249 251 250 248 248 249 251 253 252 250 250 251 253 255 254 252 252 253 255 257 256 254 254 255 257 261 258 259 259 260 261 263 262 258 258 261 263 265 264 262 262 263 265 267 266 264 264 265 267 269 268 266 266 267 269 271 270 268 268 269 271 273 272 270 270 271 273 275 274 272 272 273 275 
						277 276 274 274 275 277 279 278 276 276 277 279 281 280 278 278 279 281 283 282 280 280 281 283 285 284 282 282 283 285 287 286 284 284 285 287 289 288 286 286 287 289 291 290 288 288 289 291 295 292 293 293 294 295 297 296 292 292 295 297 299 298 296 296 297 299 301 300 298 298 299 301 303 302 300 300 301 303 305 304 302 302 303 305 307 306 304 304 305 307 242 241 306 306 307 242 311 308 309 309 310 311 313 311 310 310 312 313 317 314 315 315 316 317 316 315 318 318 319 316 323 320 321 321 322 323 322 321 324 324 325 322 327 313 312 312 326 327 319 318 328 328 329 319 331 330 320 320 323 331 329 328 332 332 333 329 335 327 326 326 334 335 337 336 330 330 331 337 333 332 338 338 339 333 341 335 334 334 340 341 343 342 336 336 337 343 339 338 344 344 345 339 
						347 341 340 340 346 347 349 348 342 342 343 349 345 344 350 350 351 345 353 347 346 346 352 353 355 354 348 348 349 355 351 350 356 356 357 351 359 353 352 352 358 359 361 360 354 354 355 361 365 362 363 363 364 365 369 366 367 367 368 369 373 370 371 371 372 373 364 363 374 374 375 364 377 369 368 368 376 377 379 378 370 370 373 379 375 374 380 380 381 375 383 377 376 376 382 383 385 384 378 378 379 385 381 380 386 386 387 381 389 383 382 382 388 389 391 390 384 384 385 391 387 386 392 392 393 387 395 389 388 388 394 395 397 396 390 390 391 397 393 392 398 398 399 393 401 395 394 394 400 401 403 402 396 396 397 403 399 398 404 404 405 399 407 401 400 400 406 407 409 408 402 402 403 409 405 404 410 410 411 405 413 407 406 406 412 413 415 414 408 408 409 415 
						417 413 412 412 416 417 411 410 418 418 419 411 421 420 414 414 415 421 423 417 416 416 422 423 419 418 424 424 425 419 427 426 420 420 421 427 429 423 422 422 428 429 425 424 430 430 431 425 433 432 426 426 427 433 435 429 428 428 434 435 431 430 436 436 437 431 439 438 432 432 433 439 441 435 434 434 440 441 437 436 442 442 443 437 445 444 438 438 439 445 447 441 440 440 446 447 443 442 448 448 449 443 451 450 444 444 445 451 453 447 446 446 452 453 449 448 454 454 455 449 457 456 450 450 451 457 459 453 452 452 458 459 455 454 460 460 461 455 463 462 456 456 457 463 467 464 465 465 466 467 471 468 469 469 470 471 475 472 473 473 474 475 477 467 466 466 476 477 470 469 478 478 479 470 481 480 472 472 475 481 483 477 476 476 482 483 479 478 484 484 485 479 
						487 486 480 480 481 487 489 483 482 482 488 489 485 484 490 490 491 485 493 492 486 486 487 493 495 489 488 488 494 495 491 490 496 496 497 491 499 498 492 492 493 499 501 495 494 494 500 501 497 496 502 502 503 497 505 504 498 498 499 505 503 502 506 506 507 503 509 501 500 500 508 509 511 510 504 504 505 511 507 506 314 314 317 507 308 509 508 508 309 308 325 324 510 510 511 325 515 512 513 513 514 515 517 516 512 512 515 517 519 518 516 516 517 519 521 520 518 518 519 521 523 522 520 520 521 523 525 524 522 522 523 525 527 526 524 524 525 527 529 528 526 526 527 529 533 530 531 531 532 533 535 534 530 530 533 535 537 536 534 534 535 537 539 538 536 536 537 539 541 540 538 538 539 541 543 542 540 540 541 543 545 544 542 542 543 545 547 546 544 544 545 547 
						549 548 546 546 547 549 551 550 548 548 549 551 553 552 550 550 551 553 555 554 552 552 553 555 557 556 554 554 555 557 559 558 556 556 557 559 561 560 558 558 559 561 563 562 560 560 561 563 567 564 565 565 566 567 569 568 564 564 567 569 571 570 568 568 569 571 573 572 570 570 571 573 575 574 572 572 573 575 577 576 574 574 575 577 579 578 576 576 577 579 514 513 578 578 579 514 583 580 581 581 582 583 585 583 582 582 584 585 589 586 587 587 588 589 588 587 590 590 591 588 593 585 584 584 592 593 591 590 594 594 595 591 597 593 592 592 596 597 595 594 598 598 599 595 601 597 596 596 600 601 599 598 602 602 603 599 603 602 604 604 605 603 607 601 600 600 606 607 605 604 608 608 609 605 611 607 606 606 610 611 609 608 612 612 613 609 615 611 610 610 614 615 
						619 616 617 617 618 619 623 620 621 621 622 623 618 617 624 624 625 618 627 623 622 622 626 627 625 624 628 628 629 625 631 627 626 626 630 631 629 628 632 632 633 629 635 631 630 630 634 635 633 632 636 636 637 633 639 635 634 634 638 639 637 636 640 640 641 637 643 639 638 638 642 643 641 640 644 644 645 641 647 643 642 642 646 647 645 644 648 648 649 645 651 647 646 646 650 651 649 648 652 652 653 649 655 651 650 650 654 655 653 652 656 656 657 653 659 655 654 654 658 659 657 656 660 660 661 657 663 659 658 658 662 663 665 663 662 662 664 665 661 660 666 666 667 661 669 665 664 664 668 669 667 666 670 670 671 667 673 669 668 668 672 673 671 670 674 674 675 671 677 673 672 672 676 677 675 674 678 678 679 675 681 677 676 676 680 681 679 678 682 682 683 679 
						687 684 685 685 686 687 691 688 689 689 690 691 693 687 686 686 692 693 690 689 694 694 695 690 697 693 692 692 696 697 695 694 698 698 699 695 701 697 696 696 700 701 699 698 702 702 703 699 705 701 700 700 704 705 703 702 706 706 707 703 709 705 704 704 708 709 707 706 710 710 711 707 713 709 708 708 712 713 711 710 714 714 715 711 580 713 712 712 581 580 715 714 586 586 589 715 719 716 717 717 718 719 723 720 721 721 722 723 727 724 725 725 726 727 731 728 729 729 730 731 735 732 733 733 734 735 737 736 66 66 69 737 739 738 720 720 723 739 741 740 728 728 731 741 743 742 716 716 719 743 745 744 724 724 727 745 747 746 732 732 735 747 749 748 736 736 737 749 751 750 740 740 741 751 755 752 753 753 754 755 757 756 738 738 739 757 754 753 744 744 745 754 
						759 758 746 746 747 759 761 760 742 742 743 761 763 762 748 748 749 763 765 764 750 750 751 765 767 766 752 752 755 767 769 768 756 756 757 769 771 770 758 758 759 771 773 772 760 760 761 773 775 774 762 762 763 775 777 776 764 764 765 777 779 778 768 768 769 779 722 721 770 770 771 722 726 725 772 772 773 726 730 729 766 766 767 730 734 733 774 774 775 734 783 780 781 781 782 783 785 784 780 780 783 785 787 786 784 784 785 787 789 788 786 786 787 789 791 790 788 788 789 791 793 792 790 790 791 793 795 794 792 792 793 795 797 796 794 794 795 797 799 798 796 796 797 799 801 800 798 798 799 801 803 802 800 800 801 803 805 804 802 802 803 805 807 806 804 804 805 807 809 808 806 806 807 809 811 810 808 808 809 811 813 812 810 810 811 813 815 814 812 812 813 815 
						817 816 814 814 815 817 819 818 816 816 817 819 821 820 818 818 819 821 823 822 820 820 821 823 825 824 822 822 823 825 827 826 824 824 825 827 829 828 826 826 827 829 831 830 828 828 829 831 833 832 830 830 831 833 835 834 832 832 833 835 837 836 834 834 835 837 839 838 836 836 837 839 841 840 838 838 839 841 843 842 840 840 841 843 782 781 842 842 843 782 847 844 845 845 846 847 879 848 849 879 849 850 879 850 851 879 851 852 879 852 853 879 853 854 879 854 855 879 855 856 879 856 857 879 857 858 879 858 859 879 859 860 879 860 861 879 861 862 879 862 863 879 863 864 879 864 865 879 865 866 879 866 867 879 867 868 879 868 869 879 869 870 879 870 871 879 871 872 879 872 873 879 873 874 879 874 875 879 875 876 879 876 877 877 878 879 846 845 880 880 881 846 
						883 882 844 844 847 883 885 884 882 882 883 885 887 886 884 884 885 887 889 888 886 886 887 889 891 890 888 888 889 891 893 892 890 890 891 893 895 894 892 892 893 895 897 896 894 894 895 897 899 898 896 896 897 899 901 900 898 898 899 901 903 902 900 900 901 903 905 904 902 902 903 905 907 906 904 904 905 907 909 908 906 906 907 909 911 910 908 908 909 911 913 912 910 910 911 913 915 914 912 912 913 915 917 916 914 914 915 917 919 918 916 916 917 919 921 920 918 918 919 921 923 922 920 920 921 923 925 924 922 922 923 925 927 926 924 924 925 927 929 928 926 926 927 929 931 930 928 928 929 931 933 932 930 930 931 933 935 934 932 932 933 935 937 936 934 934 935 937 939 938 936 936 937 939 881 880 938 938 939 881 943 940 941 941 942 943 945 944 940 940 943 945 
						947 946 944 944 945 947 949 948 946 946 947 949 951 950 948 948 949 951 953 952 950 950 951 953 955 954 952 952 953 955 957 956 954 954 955 957 961 958 959 959 960 961 963 962 958 958 961 963 965 964 962 962 963 965 967 966 964 964 965 967 969 968 966 966 967 969 971 970 968 968 969 971 973 972 970 970 971 973 975 974 972 972 973 975 977 976 974 974 975 977 979 978 976 976 977 979 981 980 978 978 979 981 983 982 980 980 981 983 985 984 982 982 983 985 987 986 984 984 985 987 989 988 986 986 987 989 991 990 988 988 989 991 995 992 993 993 994 995 997 996 992 992 995 997 999 998 996 996 997 999 1001 1000 998 998 999 1001 1003 1002 1000 1000 1001 1003 1005 1004 1002 1002 1003 1005 1007 1006 1004 1004 1005 1007 942 941 1006 1006 1007 942 1011 1008 1009 1009 1010 1011 1010 1009 1012 1012 1013 1010 
						1015 1014 1008 1008 1011 1015 1017 1016 1014 1014 1015 1017 1019 1018 1016 1016 1017 1019 1021 1020 1018 1018 1019 1021 1023 1022 1020 1020 1021 1023 1025 1024 1022 1022 1023 1025 1027 1026 1024 1024 1025 1027 1031 1028 1029 1029 1030 1031 1033 1032 1028 1028 1031 1033 1035 1034 1032 1032 1033 1035 1037 1036 1034 1034 1035 1037 1039 1038 1036 1036 1037 1039 1041 1040 1038 1038 1039 1041 1043 1042 1040 1040 1041 1043 1045 1044 1042 1042 1043 1045 1047 1046 1044 1044 1045 1047 1049 1048 1046 1046 1047 1049 1051 1050 1048 1048 1049 1051 1053 1052 1050 1050 1051 1053 1055 1054 1052 1052 1053 1055 1057 1056 1054 1054 1055 1057 1059 1058 1056 1056 1057 1059 1061 1060 1058 1058 1059 1061 1065 1062 1063 1063 1064 1065 1067 1066 1062 1062 1065 1067 1069 1068 1066 1066 1067 1069 1071 1070 1068 1068 1069 1071 1073 1072 1070 1070 1071 1073 1075 1074 1072 1072 1073 1075 1013 1012 1074 1074 1075 1013 1079 1076 1077 1077 1078 1079 1078 1077 1080 1080 1081 1078 
						1083 1082 1076 1076 1079 1083 1085 1084 1082 1082 1083 1085 1087 1086 1084 1084 1085 1087 1089 1088 1086 1086 1087 1089 1091 1090 1088 1088 1089 1091 1093 1092 1090 1090 1091 1093 1095 1094 1092 1092 1093 1095 1097 1096 1094 1094 1095 1097 1099 1098 1096 1096 1097 1099 1101 1100 1098 1098 1099 1101 1103 1102 1100 1100 1101 1103 1105 1104 1102 1102 1103 1105 1107 1106 1104 1104 1105 1107 1109 1108 1106 1106 1107 1109 1111 1110 1108 1108 1109 1111 1113 1112 1110 1110 1111 1113 1115 1114 1112 1112 1113 1115 1117 1116 1114 1114 1115 1117 1119 1118 1116 1116 1117 1119 1121 1120 1118 1118 1119 1121 1123 1122 1120 1120 1121 1123 1125 1124 1122 1122 1123 1125 1127 1126 1124 1124 1125 1127 1129 1128 1126 1126 1127 1129 1131 1130 1128 1128 1129 1131 1133 1132 1130 1130 1131 1133 1135 1134 1132 1132 1133 1135 1137 1136 1134 1134 1135 1137 1139 1138 1136 1136 1137 1139 1081 1080 1138 1138 1139 1081 1143 1140 1141 1141 1142 1143 1145 1144 1140 1140 1143 1145 
						1147 1146 1144 1144 1145 1147 1149 1148 1146 1146 1147 1149 1151 1150 1148 1148 1149 1151 1153 1152 1150 1150 1151 1153 1155 1154 1152 1152 1153 1155 1157 1156 1154 1154 1155 1157 1159 1158 1156 1156 1157 1159 1161 1160 1158 1158 1159 1161 1163 1162 1160 1160 1161 1163 1165 1164 1162 1162 1163 1165 1167 1166 1164 1164 1165 1167 1169 1168 1166 1166 1167 1169 1171 1170 1168 1168 1169 1171 1173 1172 1170 1170 1171 1173 1175 1174 1172 1172 1173 1175 1177 1176 1174 1174 1175 1177 1179 1178 1176 1176 1177 1179 1181 1180 1178 1178 1179 1181 1183 1182 1180 1180 1181 1183 1185 1184 1182 1182 1183 1185 1187 1186 1184 1184 1185 1187 1189 1188 1186 1186 1187 1189 1191 1190 1188 1188 1189 1191 1193 1192 1190 1190 1191 1193 1195 1194 1192 1192 1193 1195 1197 1196 1194 1194 1195 1197 1199 1198 1196 1196 1197 1199 1201 1200 1198 1198 1199 1201 1203 1202 1200 1200 1201 1203 1142 1141 1202 1202 1203 1142 1207 1204 1205 1205 1206 1207 1206 1205 1208 1208 1209 1206 
						1209 1208 1210 1210 1211 1209 1211 1210 1212 1212 1213 1211 1213 1212 1214 1214 1215 1213 1215 1214 1216 1216 1217 1215 1217 1216 1218 1218 1219 1217 1219 1218 1220 1220 1221 1219 1225 1222 1223 1223 1224 1225 1224 1223 1226 1226 1227 1224 1227 1226 1228 1228 1229 1227 1229 1228 1230 1230 1231 1229 1231 1230 1232 1232 1233 1231 1233 1232 1234 1234 1235 1233 1235 1234 1236 1236 1237 1235 1237 1236 1238 1238 1239 1237 1239 1238 1240 1240 1241 1239 1241 1240 1242 1242 1243 1241 1243 1242 1244 1244 1245 1243 1245 1244 1246 1246 1247 1245 1247 1246 1248 1248 1249 1247 1249 1248 1250 1250 1251 1249 1251 1250 1252 1252 1253 1251 1253 1252 1254 1254 1255 1253 1259 1256 1257 1257 1258 1259 1258 1257 1260 1260 1261 1258 1261 1260 1262 1262 1263 1261 1263 1262 1264 1264 1265 1263 1265 1264 1266 1266 1267 1265 1267 1266 1268 1268 1269 1267 1269 1268 1270 1270 1271 1269 1271 1270 1204 1204 1207 1271 1275 1272 1273 1273 1274 1275 1279 1276 1277 1277 1278 1279 
						1281 1280 1276 1276 1279 1281 1283 1282 1272 1272 1275 1283 1274 1273 1284 1284 1285 1274 1287 1286 1280 1280 1281 1287 1285 1284 1288 1288 1289 1285 1291 1290 1286 1286 1287 1291 1289 1288 1292 1292 1293 1289 1295 1294 1290 1290 1291 1295 1293 1292 1296 1296 1297 1293 1299 1298 1294 1294 1295 1299 1297 1296 1300 1300 1301 1297 1303 1302 1298 1298 1299 1303 1301 1300 1304 1304 1305 1301 1307 1306 1302 1302 1303 1307 1305 1304 1308 1308 1309 1305 1311 1310 1306 1306 1307 1311 1309 1308 1312 1312 1313 1309 1315 1314 1310 1310 1311 1315 1313 1312 1316 1316 1317 1313 1319 1318 1314 1314 1315 1319 1317 1316 1320 1320 1321 1317 1323 1322 1318 1318 1319 1323 1321 1320 1324 1324 1325 1321 1327 1326 1322 1322 1323 1327 1325 1324 1328 1328 1329 1325 1331 1330 1326 1326 1327 1331 1329 1328 1332 1332 1333 1329 1335 1334 1330 1330 1331 1335 1333 1332 1336 1336 1337 1333 1339 1338 1334 1334 1335 1339 1337 1336 1340 1340 1341 1337 1343 1342 1338 1338 1339 1343 
						1341 1340 1344 1344 1345 1341 1347 1346 1342 1342 1343 1347 1345 1344 1348 1348 1349 1345 1351 1350 1346 1346 1347 1351 1349 1348 1352 1352 1353 1349 1355 1354 1350 1350 1351 1355 1353 1352 1356 1356 1357 1353 1359 1358 1354 1354 1355 1359 1357 1356 1360 1360 1361 1357 1363 1362 1358 1358 1359 1363 1361 1360 1364 1364 1365 1361 1367 1366 1362 1362 1363 1367 1365 1364 1368 1368 1369 1365 1371 1370 1366 1366 1367 1371 1369 1368 1372 1372 1373 1369 1375 1374 1370 1370 1371 1375 1373 1372 1376 1376 1377 1373 1379 1378 1374 1374 1375 1379 1377 1376 1380 1380 1381 1377 1383 1382 1378 1378 1379 1383 1381 1380 1384 1384 1385 1381 1387 1386 1382 1382 1383 1387 1385 1384 1388 1388 1389 1385 1391 1390 1386 1386 1387 1391 1389 1388 1392 1392 1393 1389 1395 1394 1390 1390 1391 1395 1393 1392 1396 1396 1397 1393 1399 1398 1394 1394 1395 1399 1397 1396 1282 1282 1283 1397 1278 1277 1398 1398 1399 1278 1403 1400 1401 1401 1402 1403 1407 1404 1405 1405 1406 1407 
						1402 1401 1408 1408 1409 1402 1411 1410 1404 1404 1407 1411 1406 1405 1412 1412 1413 1406 1415 1414 1400 1400 1403 1415 1413 1412 1416 1416 1417 1413 1419 1418 1414 1414 1415 1419 1417 1416 1420 1420 1421 1417 1423 1422 1418 1418 1419 1423 1421 1420 1424 1424 1425 1421 1427 1426 1422 1422 1423 1427 1425 1424 1428 1428 1429 1425 1431 1430 1426 1426 1427 1431 1429 1428 1432 1432 1433 1429 1435 1434 1430 1430 1431 1435 1437 1436 1434 1434 1435 1437 1433 1432 1438 1438 1439 1433 1443 1440 1441 1441 1442 1443 1447 1444 1445 1445 1446 1447 1446 1445 1448 1448 1449 1446 1451 1450 1440 1440 1443 1451 1449 1448 1452 1452 1453 1449 1455 1454 1450 1450 1451 1455 1453 1452 1456 1456 1457 1453 1459 1458 1454 1454 1455 1459 1457 1456 1460 1460 1461 1457 1463 1462 1458 1458 1459 1463 1461 1460 1464 1464 1465 1461 1467 1466 1462 1462 1463 1467 1465 1464 1468 1468 1469 1465 1471 1470 1466 1466 1467 1471 1469 1468 1472 1472 1473 1469 1475 1474 1470 1470 1471 1475 
						1473 1472 1476 1476 1477 1473 1479 1478 1474 1474 1475 1479 1477 1476 1480 1480 1481 1477 1483 1482 1478 1478 1479 1483 1481 1480 1484 1484 1485 1481 1487 1486 1482 1482 1483 1487 1485 1484 1488 1488 1489 1485 1491 1490 1486 1486 1487 1491 1489 1488 1492 1492 1493 1489 1495 1494 1490 1490 1491 1495 1493 1492 1496 1496 1497 1493 1499 1498 1494 1494 1495 1499 1497 1496 1500 1500 1501 1497 1503 1502 1498 1498 1499 1503 1501 1500 1504 1504 1505 1501 1507 1506 1502 1502 1503 1507 1511 1508 1509 1509 1510 1511 1515 1512 1513 1513 1514 1515 1510 1509 1516 1516 1517 1510 1519 1518 1512 1512 1515 1519 1517 1516 1520 1520 1521 1517 1523 1522 1518 1518 1519 1523 1521 1520 1524 1524 1525 1521 1527 1526 1522 1522 1523 1527 1525 1524 1528 1528 1529 1525 1531 1530 1526 1526 1527 1531 1529 1528 1532 1532 1533 1529 1535 1534 1530 1530 1531 1535 1533 1532 1410 1410 1411 1533 1409 1408 1534 1534 1535 1409 1539 1536 1537 1537 1538 1539 1541 1539 1538 1538 1540 1541 
						1543 1541 1540 1540 1542 1543 1545 1543 1542 1542 1544 1545 1547 1545 1544 1544 1546 1547 1549 1547 1546 1546 1548 1549 1551 1549 1548 1548 1550 1551 1553 1551 1550 1550 1552 1553 1555 1553 1552 1552 1554 1555 1559 1556 1557 1557 1558 1559 1561 1559 1558 1558 1560 1561 1536 1561 1560 1560 1537 1536 1538 1537 1562 1562 1563 1538 1540 1538 1563 1563 1564 1540 1542 1540 1564 1564 1565 1542 1544 1542 1565 1565 1566 1544 1546 1544 1566 1566 1567 1546 1548 1546 1567 1567 1568 1548 1550 1548 1568 1568 1569 1550 1552 1550 1569 1569 1570 1552 1554 1552 1570 1570 1571 1554 1558 1557 1572 1572 1573 1558 1560 1558 1573 1573 1574 1560 1537 1560 1574 1574 1562 1537 1563 1562 1575 1575 1576 1563 1564 1563 1576 1576 1577 1564 1565 1564 1577 1577 1578 1565 1566 1565 1578 1578 1579 1566 1567 1566 1579 1579 1580 1567 1568 1567 1580 1580 1581 1568 1569 1568 1581 1581 1582 1569 1570 1569 1582 1582 1583 1570 1571 1570 1583 1583 1584 1571 1573 1572 1585 1585 1586 1573 
						1574 1573 1586 1586 1587 1574 1562 1574 1587 1587 1575 1562 1576 1575 1588 1588 1589 1576 1577 1576 1589 1589 1590 1577 1578 1577 1590 1590 1591 1578 1579 1578 1591 1591 1592 1579 1580 1579 1592 1592 1593 1580 1581 1580 1593 1593 1594 1581 1582 1581 1594 1594 1595 1582 1583 1582 1595 1595 1596 1583 1584 1583 1596 1596 1597 1584 1586 1585 1598 1598 1599 1586 1587 1586 1599 1599 1600 1587 1575 1587 1600 1600 1588 1575 1604 1601 1602 1602 1603 1604 1606 1604 1603 1603 1605 1606 1608 1606 1605 1605 1607 1608 1610 1608 1607 1607 1609 1610 1612 1610 1609 1609 1611 1612 1614 1612 1611 1611 1613 1614 1616 1614 1613 1613 1615 1616 1618 1616 1615 1615 1617 1618 1620 1618 1617 1617 1619 1620 1624 1621 1622 1622 1623 1624 1626 1624 1623 1623 1625 1626 1601 1626 1625 1625 1602 1601 1603 1602 1627 1627 1628 1603 1605 1603 1628 1628 1629 1605 1607 1605 1629 1629 1630 1607 1609 1607 1630 1630 1631 1609 1611 1609 1631 1631 1632 1611 1613 1611 1632 1632 1633 1613 
						1615 1613 1633 1633 1634 1615 1617 1615 1634 1634 1635 1617 1619 1617 1635 1635 1636 1619 1623 1622 1637 1637 1638 1623 1625 1623 1638 1638 1639 1625 1602 1625 1639 1639 1627 1602 1628 1627 1640 1640 1641 1628 1629 1628 1641 1641 1642 1629 1630 1629 1642 1642 1643 1630 1631 1630 1643 1643 1644 1631 1632 1631 1644 1644 1645 1632 1633 1632 1645 1645 1646 1633 1634 1633 1646 1646 1647 1634 1635 1634 1647 1647 1648 1635 1636 1635 1648 1648 1649 1636 1638 1637 1650 1650 1651 1638 1639 1638 1651 1651 1652 1639 1627 1639 1652 1652 1640 1627 1641 1640 1653 1653 1654 1641 1642 1641 1654 1654 1655 1642 1643 1642 1655 1655 1656 1643 1644 1643 1656 1656 1657 1644 1645 1644 1657 1657 1658 1645 1646 1645 1658 1658 1659 1646 1647 1646 1659 1659 1660 1647 1648 1647 1660 1660 1661 1648 1649 1648 1661 1661 1662 1649 1651 1650 1663 1663 1664 1651 1652 1651 1664 1664 1665 1652 1640 1652 1665 1665 1653 1640 1654 1653 1666 1666 1667 1654 1655 1654 1667 1667 1668 1655 
						1656 1655 1668 1668 1669 1656 1657 1656 1669 1669 1670 1657 1658 1657 1670 1670 1671 1658 1659 1658 1671 1671 1672 1659 1660 1659 1672 1672 1673 1660 1661 1660 1673 1673 1674 1661 1662 1661 1674 1674 1675 1662 1664 1663 1676 1676 1677 1664 1665 1664 1677 1677 1678 1665 1653 1665 1678 1678 1666 1653 1667 1666 1679 1679 1680 1667 1668 1667 1680 1680 1681 1668 1669 1668 1681 1681 1682 1669 1670 1669 1682 1682 1683 1670 1671 1670 1683 1683 1684 1671 1672 1671 1684 1684 1685 1672 1673 1672 1685 1685 1686 1673 1674 1673 1686 1686 1687 1674 1675 1674 1687 1687 1688 1675 1677 1676 1689 1689 1690 1677 1678 1677 1690 1690 1691 1678 1666 1678 1691 1691 1679 1666 1680 1679 1692 1692 1693 1680 1681 1680 1693 1693 1694 1681 1682 1681 1694 1694 1695 1682 1683 1682 1695 1695 1696 1683 1684 1683 1696 1696 1697 1684 1685 1684 1697 1697 1698 1685 1686 1685 1698 1698 1699 1686 1687 1686 1699 1699 1700 1687 1688 1687 1700 1700 1701 1688 1690 1689 1702 1702 1703 1690 
						1691 1690 1703 1703 1704 1691 1679 1691 1704 1704 1692 1679 1693 1692 1705 1705 1706 1693 1694 1693 1706 1706 1707 1694 1695 1694 1707 1707 1708 1695 1696 1695 1708 1708 1709 1696 1697 1696 1709 1709 1710 1697 1698 1697 1710 1710 1711 1698 1699 1698 1711 1711 1712 1699 1700 1699 1712 1712 1713 1700 1701 1700 1713 1713 1714 1701 1703 1702 1715 1715 1716 1703 1704 1703 1716 1716 1717 1704 1692 1704 1717 1717 1705 1692 1706 1705 1718 1718 1719 1706 1707 1706 1719 1719 1720 1707 1708 1707 1720 1720 1721 1708 1709 1708 1721 1721 1722 1709 1710 1709 1722 1722 1723 1710 1711 1710 1723 1723 1724 1711 1712 1711 1724 1724 1725 1712 1713 1712 1725 1725 1726 1713 1714 1713 1726 1726 1727 1714 1716 1715 1728 1728 1729 1716 1717 1716 1729 1729 1730 1717 1705 1717 1730 1730 1718 1705 1719 1718 1731 1731 1732 1719 1720 1719 1732 1732 1733 1720 1721 1720 1733 1733 1734 1721 1722 1721 1734 1734 1735 1722 1723 1722 1735 1735 1736 1723 1724 1723 1736 1736 1737 1724 
						1725 1724 1737 1737 1738 1725 1726 1725 1738 1738 1739 1726 1727 1726 1739 1739 1740 1727 1729 1728 1741 1741 1742 1729 1730 1729 1742 1742 1743 1730 1718 1730 1743 1743 1731 1718 1732 1731 1744 1744 1745 1732 1733 1732 1745 1745 1746 1733 1734 1733 1746 1746 1747 1734 1735 1734 1747 1747 1748 1735 1736 1735 1748 1748 1749 1736 1737 1736 1749 1749 1750 1737 1738 1737 1750 1750 1751 1738 1739 1738 1751 1751 1752 1739 1740 1739 1752 1752 1753 1740 1742 1741 1754 1754 1755 1742 1743 1742 1755 1755 1756 1743 1731 1743 1756 1756 1744 1731 1745 1744 1757 1757 1758 1745 1746 1745 1758 1758 1759 1746 1747 1746 1759 1759 1760 1747 1748 1747 1760 1760 1761 1748 1749 1748 1761 1761 1762 1749 1750 1749 1762 1762 1763 1750 1751 1750 1763 1763 1764 1751 1752 1751 1764 1764 1765 1752 1753 1752 1765 1765 1766 1753 1755 1754 1767 1767 1768 1755 1756 1755 1768 1768 1769 1756 1744 1756 1769 1769 1757 1744 1773 1770 1771 1771 1772 1773 1775 1773 1772 1772 1774 1775 
						1777 1775 1774 1774 1776 1777 1779 1777 1776 1776 1778 1779 1781 1779 1778 1778 1780 1781 1783 1781 1780 1780 1782 1783 1785 1783 1782 1782 1784 1785 1787 1785 1784 1784 1786 1787 1789 1787 1786 1786 1788 1789 1793 1790 1791 1791 1792 1793 1795 1793 1792 1792 1794 1795 1770 1795 1794 1794 1771 1770 1772 1771 1796 1796 1797 1772 1774 1772 1797 1797 1798 1774 1776 1774 1798 1798 1799 1776 1778 1776 1799 1799 1800 1778 1780 1778 1800 1800 1801 1780 1782 1780 1801 1801 1802 1782 1784 1782 1802 1802 1803 1784 1786 1784 1803 1803 1804 1786 1788 1786 1804 1804 1805 1788 1792 1791 1806 1806 1807 1792 1794 1792 1807 1807 1808 1794 1771 1794 1808 1808 1796 1771 1797 1796 1809 1809 1810 1797 1798 1797 1810 1810 1811 1798 1799 1798 1811 1811 1812 1799 1800 1799 1812 1812 1813 1800 1801 1800 1813 1813 1814 1801 1802 1801 1814 1814 1815 1802 1803 1802 1815 1815 1816 1803 1804 1803 1816 1816 1817 1804 1805 1804 1817 1817 1818 1805 1807 1806 1819 1819 1820 1807 
						1808 1807 1820 1820 1821 1808 1796 1808 1821 1821 1809 1796 1810 1809 1822 1822 1823 1810 1811 1810 1823 1823 1824 1811 1812 1811 1824 1824 1825 1812 1813 1812 1825 1825 1826 1813 1814 1813 1826 1826 1827 1814 1815 1814 1827 1827 1828 1815 1816 1815 1828 1828 1829 1816 1817 1816 1829 1829 1830 1817 1818 1817 1830 1830 1831 1818 1820 1819 1832 1832 1833 1820 1821 1820 1833 1833 1834 1821 1809 1821 1834 1834 1822 1809 1823 1822 1835 1835 1836 1823 1824 1823 1836 1836 1837 1824 1825 1824 1837 1837 1838 1825 1826 1825 1838 1838 1839 1826 1827 1826 1839 1839 1840 1827 1828 1827 1840 1840 1841 1828 1829 1828 1841 1841 1842 1829 1830 1829 1842 1842 1843 1830 1831 1830 1843 1843 1844 1831 1833 1832 1845 1845 1846 1833 1834 1833 1846 1846 1847 1834 1822 1834 1847 1847 1835 1822 1836 1835 1848 1848 1849 1836 1837 1836 1849 1849 1850 1837 1838 1837 1850 1850 1851 1838 1839 1838 1851 1851 1852 1839 1840 1839 1852 1852 1853 1840 1841 1840 1853 1853 1854 1841 
						1842 1841 1854 1854 1855 1842 1843 1842 1855 1855 1856 1843 1844 1843 1856 1856 1857 1844 1846 1845 1858 1858 1859 1846 1847 1846 1859 1859 1860 1847 1835 1847 1860 1860 1848 1835 1849 1848 1861 1861 1862 1849 1850 1849 1862 1862 1863 1850 1851 1850 1863 1863 1864 1851 1852 1851 1864 1864 1865 1852 1853 1852 1865 1865 1866 1853 1854 1853 1866 1866 1867 1854 1855 1854 1867 1867 1868 1855 1856 1855 1868 1868 1869 1856 1857 1856 1869 1869 1870 1857 1859 1858 1871 1871 1872 1859 1860 1859 1872 1872 1873 1860 1848 1860 1873 1873 1861 1848 1862 1861 1536 1536 1539 1862 1863 1862 1539 1539 1541 1863 1864 1863 1541 1541 1543 1864 1865 1864 1543 1543 1545 1865 1866 1865 1545 1545 1547 1866 1867 1866 1547 1547 1549 1867 1868 1867 1549 1549 1551 1868 1869 1868 1551 1551 1553 1869 1870 1869 1553 1553 1555 1870 1872 1871 1556 1556 1559 1872 1873 1872 1559 1559 1561 1873 1861 1873 1561 1561 1536 1861 1877 1874 1875 1875 1876 1877 1881 1878 1879 1879 1880 1881 
						1885 1882 1883 1883 1884 1885 1889 1886 1887 1887 1888 1889 1893 1890 1891 1891 1892 1893 1897 1894 1895 1895 1896 1897 1901 1898 1899 1899 1900 1901 1905 1902 1903 1903 1904 1905 1884 1883 1874 1874 1877 1884 1888 1887 1878 1878 1881 1888 1894 1897 1906 1906 1907 1894 1890 1893 1908 1908 1909 1890 1900 1899 1910 1910 1911 1900 1904 1903 1912 1912 1913 1904 1876 1875 1914 1914 1915 1876 1880 1879 1916 1916 1917 1880 1915 1914 1918 1918 1919 1915 1917 1916 1920 1920 1921 1917 1907 1906 1882 1882 1885 1907 1909 1908 1886 1886 1889 1909 1911 1910 1896 1896 1895 1911 1913 1912 1892 1892 1891 1913 1923 1922 1898 1898 1901 1923 1925 1924 1902 1902 1905 1925 1929 1926 1927 1927 1928 1929 1933 1930 1931 1931 1932 1933 1935 1934 1933 1933 1932 1935 1927 1936 1937 1937 1928 1927 1941 1938 1939 1939 1940 1941 1943 1942 1941 1941 1940 1943 1945 1942 1943 1943 1944 1945 1947 1934 1935 1935 1946 1947 1949 1926 1929 1929 1948 1949 1938 1950 1951 1951 1939 1938 
						1930 1952 1953 1953 1931 1930 1936 1954 1955 1955 1937 1936 1959 1956 1957 1957 1958 1959 1952 1960 1961 1961 1953 1952 1954 1959 1958 1958 1955 1954 1960 1962 1963 1963 1961 1960 1950 1964 1965 1965 1951 1950 1964 1966 1967 1967 1965 1964 1971 1968 1969 1969 1970 1971 1975 1972 1973 1973 1974 1975 1977 1971 1970 1970 1976 1977 1972 1978 1979 1979 1973 1972 1983 1980 1981 1981 1982 1983 1980 1984 1985 1985 1981 1980 1987 1975 1974 1974 1986 1987 1989 1977 1976 1976 1988 1989 1991 1983 1982 1982 1990 1991 1984 1992 1993 1993 1985 1984 1978 1994 1995 1995 1979 1978 1968 1996 1997 1997 1969 1968 1999 1947 1946 1946 1998 1999 2001 1949 1948 1948 2000 2001 2003 1945 1944 1944 2002 2003 1989 1988 1957 1957 1956 1989 2007 2004 2005 2005 2006 2007 1991 1990 1967 1967 1966 1991 2011 2008 2009 2009 2010 2011 2015 2012 2013 2013 2014 2015 2019 2016 2017 2017 2018 2019 2023 2020 2021 2021 2022 2023 2027 2024 2025 2025 2026 2027 2031 2028 2029 2029 2030 2031 
						2035 2032 2033 2033 2034 2035 2039 2036 2037 2037 2038 2039 2043 2040 2041 2041 2042 2043 2047 2044 2045 2045 2046 2047 2051 2048 2049 2049 2050 2051 2055 2052 2053 2053 2054 2055 2059 2056 2057 2057 2058 2059 2063 2060 2061 2061 2062 2063 2067 2064 2065 2065 2066 2067 2071 2068 2069 2069 2070 2071 2010 2009 2024 2024 2027 2010 2030 2029 2012 2012 2015 2030 2018 2017 2032 2032 2035 2018 2038 2037 2020 2020 2023 2038 2073 2072 2052 2052 2055 2073 2050 2049 2074 2074 2075 2050 2077 2076 2044 2044 2047 2077 2042 2041 2078 2078 2079 2042 2081 2080 2056 2056 2059 2081 2062 2061 2082 2082 2083 2062 2085 2084 2064 2064 2067 2085 2070 2069 2086 2086 2087 2070 2089 2088 2008 2008 2011 2089 2014 2013 2090 2090 2091 2014 2093 2092 2016 2016 2019 2093 2022 2021 2094 2094 2095 2022 2097 2096 2088 2088 2089 2097 2091 2090 2098 2098 2099 2091 2101 2100 2092 2092 2093 2101 2095 2094 2102 2102 2103 2095 2026 2025 2072 2072 2073 2026 2075 2074 2028 2028 2031 2075 
						2034 2033 2076 2076 2077 2034 2079 2078 2036 2036 2039 2079 2054 2053 2080 2080 2081 2054 2083 2082 2048 2048 2051 2083 2046 2045 2084 2084 2085 2046 2087 2086 2040 2040 2043 2087 2058 2057 2104 2104 2105 2058 2107 2106 2060 2060 2063 2107 2066 2065 2108 2108 2109 2066 2111 2110 2068 2068 2071 2111 1987 1986 1963 1963 1962 1987 2115 2112 2113 2113 2114 2115 2119 2116 2117 2117 2118 2119 2007 2120 2121 2121 2004 2007 2123 2119 2118 2118 2122 2123 2120 2123 2122 2122 2121 2120 2125 2006 2005 2005 2124 2125 2127 2125 2124 2124 2126 2127 2129 2127 2126 2126 2128 2129 2112 2130 2131 2131 2113 2112 2131 2130 2132 2132 2133 2131 2132 2129 2128 2128 2133 2132 2137 2134 2135 2135 2136 2137 2141 2138 2139 2139 2140 2141 2145 2142 2143 2143 2144 2145 2149 2146 2147 2147 2148 2149 2153 2150 2151 2151 2152 2153 2157 2154 2155 2155 2156 2157 2161 2158 2159 2159 2160 2161 2165 2162 2163 2163 2164 2165 2144 2143 2134 2134 2137 2144 2148 2147 2138 2138 2141 2148 
						2154 2157 2166 2166 2167 2154 2150 2153 2168 2168 2169 2150 2160 2159 2170 2170 2171 2160 2164 2163 2172 2172 2173 2164 2136 2135 2174 2174 2175 2136 2140 2139 2176 2176 2177 2140 2175 2174 2178 2178 2179 2175 2177 2176 2180 2180 2181 2177 2167 2166 2142 2142 2145 2167 2169 2168 2146 2146 2149 2169 2171 2170 2156 2156 2155 2171 2173 2172 2152 2152 2151 2173 2183 2182 2158 2158 2161 2183 2185 2184 2162 2162 2165 2185 2189 2186 2187 2187 2188 2189 2193 2190 2191 2191 2192 2193 2195 2194 2193 2193 2192 2195 2187 2196 2197 2197 2188 2187 2201 2198 2199 2199 2200 2201 2203 2202 2201 2201 2200 2203 2205 2202 2203 2203 2204 2205 2207 2194 2195 2195 2206 2207 2209 2186 2189 2189 2208 2209 2198 2210 2211 2211 2199 2198 2190 2212 2213 2213 2191 2190 2196 2214 2215 2215 2197 2196 2219 2216 2217 2217 2218 2219 2212 2220 2221 2221 2213 2212 2214 2219 2218 2218 2215 2214 2220 2222 2223 2223 2221 2220 2210 2224 2225 2225 2211 2210 2224 2226 2227 2227 2225 2224 
						2231 2228 2229 2229 2230 2231 2235 2232 2233 2233 2234 2235 2237 2231 2230 2230 2236 2237 2232 2238 2239 2239 2233 2232 2243 2240 2241 2241 2242 2243 2240 2244 2245 2245 2241 2240 2247 2235 2234 2234 2246 2247 2249 2237 2236 2236 2248 2249 2251 2243 2242 2242 2250 2251 2244 2252 2253 2253 2245 2244 2238 2254 2255 2255 2239 2238 2228 2256 2257 2257 2229 2228 2259 2207 2206 2206 2258 2259 2261 2209 2208 2208 2260 2261 2263 2205 2204 2204 2262 2263 2249 2248 2217 2217 2216 2249 2267 2264 2265 2265 2266 2267 2251 2250 2227 2227 2226 2251 2271 2268 2269 2269 2270 2271 2275 2272 2273 2273 2274 2275 2279 2276 2277 2277 2278 2279 2283 2280 2281 2281 2282 2283 2287 2284 2285 2285 2286 2287 2291 2288 2289 2289 2290 2291 2295 2292 2293 2293 2294 2295 2299 2296 2297 2297 2298 2299 2303 2300 2301 2301 2302 2303 2307 2304 2305 2305 2306 2307 2311 2308 2309 2309 2310 2311 2315 2312 2313 2313 2314 2315 2319 2316 2317 2317 2318 2319 2323 2320 2321 2321 2322 2323 
						2327 2324 2325 2325 2326 2327 2331 2328 2329 2329 2330 2331 2270 2269 2284 2284 2287 2270 2290 2289 2272 2272 2275 2290 2278 2277 2292 2292 2295 2278 2298 2297 2280 2280 2283 2298 2333 2332 2312 2312 2315 2333 2310 2309 2334 2334 2335 2310 2337 2336 2304 2304 2307 2337 2302 2301 2338 2338 2339 2302 2341 2340 2316 2316 2319 2341 2322 2321 2342 2342 2343 2322 2345 2344 2324 2324 2327 2345 2330 2329 2346 2346 2347 2330 2349 2348 2268 2268 2271 2349 2274 2273 2350 2350 2351 2274 2353 2352 2276 2276 2279 2353 2282 2281 2354 2354 2355 2282 2357 2356 2348 2348 2349 2357 2351 2350 2358 2358 2359 2351 2361 2360 2352 2352 2353 2361 2355 2354 2362 2362 2363 2355 2286 2285 2332 2332 2333 2286 2335 2334 2288 2288 2291 2335 2294 2293 2336 2336 2337 2294 2339 2338 2296 2296 2299 2339 2314 2313 2340 2340 2341 2314 2343 2342 2308 2308 2311 2343 2306 2305 2344 2344 2345 2306 2347 2346 2300 2300 2303 2347 2318 2317 2364 2364 2365 2318 2367 2366 2320 2320 2323 2367 
						2326 2325 2368 2368 2369 2326 2371 2370 2328 2328 2331 2371 2247 2246 2223 2223 2222 2247 2375 2372 2373 2373 2374 2375 2379 2376 2377 2377 2378 2379 2267 2380 2381 2381 2264 2267 2383 2379 2378 2378 2382 2383 2380 2383 2382 2382 2381 2380 2385 2266 2265 2265 2384 2385 2387 2385 2384 2384 2386 2387 2389 2387 2386 2386 2388 2389 2372 2390 2391 2391 2373 2372 2391 2390 2392 2392 2393 2391 2392 2389 2388 2388 2393 2392 2397 2394 2395 2395 2396 2397 2401 2398 2399 2399 2400 2401 2405 2402 2403 2403 2404 2405 2409 2406 2407 2407 2408 2409 2413 2410 2411 2411 2412 2413 2417 2414 2415 2415 2416 2417 2421 2418 2419 2419 2420 2421 2425 2422 2423 2423 2424 2425 2404 2403 2394 2394 2397 2404 2408 2407 2398 2398 2401 2408 2414 2417 2426 2426 2427 2414 2410 2413 2428 2428 2429 2410 2420 2419 2430 2430 2431 2420 2424 2423 2432 2432 2433 2424 2396 2395 2434 2434 2435 2396 2400 2399 2436 2436 2437 2400 2435 2434 2438 2438 2439 2435 2437 2436 2440 2440 2441 2437 
						2427 2426 2402 2402 2405 2427 2429 2428 2406 2406 2409 2429 2431 2430 2416 2416 2415 2431 2433 2432 2412 2412 2411 2433 2443 2442 2418 2418 2421 2443 2445 2444 2422 2422 2425 2445 2449 2446 2447 2447 2448 2449 2453 2450 2451 2451 2452 2453 2455 2454 2453 2453 2452 2455 2447 2456 2457 2457 2448 2447 2461 2458 2459 2459 2460 2461 2463 2462 2461 2461 2460 2463 2465 2462 2463 2463 2464 2465 2467 2454 2455 2455 2466 2467 2469 2446 2449 2449 2468 2469 2458 2470 2471 2471 2459 2458 2450 2472 2473 2473 2451 2450 2456 2474 2475 2475 2457 2456 2479 2476 2477 2477 2478 2479 2472 2480 2481 2481 2473 2472 2474 2479 2478 2478 2475 2474 2480 2482 2483 2483 2481 2480 2470 2484 2485 2485 2471 2470 2484 2486 2487 2487 2485 2484 2491 2488 2489 2489 2490 2491 2495 2492 2493 2493 2494 2495 2497 2491 2490 2490 2496 2497 2492 2498 2499 2499 2493 2492 2503 2500 2501 2501 2502 2503 2500 2504 2505 2505 2501 2500 2507 2495 2494 2494 2506 2507 2509 2497 2496 2496 2508 2509 
						2511 2503 2502 2502 2510 2511 2504 2512 2513 2513 2505 2504 2498 2514 2515 2515 2499 2498 2488 2516 2517 2517 2489 2488 2519 2467 2466 2466 2518 2519 2521 2469 2468 2468 2520 2521 2523 2465 2464 2464 2522 2523 2509 2508 2477 2477 2476 2509 2527 2524 2525 2525 2526 2527 2511 2510 2487 2487 2486 2511 2531 2528 2529 2529 2530 2531 2535 2532 2533 2533 2534 2535 2539 2536 2537 2537 2538 2539 2543 2540 2541 2541 2542 2543 2547 2544 2545 2545 2546 2547 2551 2548 2549 2549 2550 2551 2555 2552 2553 2553 2554 2555 2559 2556 2557 2557 2558 2559 2563 2560 2561 2561 2562 2563 2567 2564 2565 2565 2566 2567 2571 2568 2569 2569 2570 2571 2575 2572 2573 2573 2574 2575 2579 2576 2577 2577 2578 2579 2583 2580 2581 2581 2582 2583 2587 2584 2585 2585 2586 2587 2591 2588 2589 2589 2590 2591 2530 2529 2544 2544 2547 2530 2550 2549 2532 2532 2535 2550 2538 2537 2552 2552 2555 2538 2558 2557 2540 2540 2543 2558 2593 2592 2572 2572 2575 2593 2570 2569 2594 2594 2595 2570 
						2597 2596 2564 2564 2567 2597 2562 2561 2598 2598 2599 2562 2601 2600 2576 2576 2579 2601 2582 2581 2602 2602 2603 2582 2605 2604 2584 2584 2587 2605 2590 2589 2606 2606 2607 2590 2609 2608 2528 2528 2531 2609 2534 2533 2610 2610 2611 2534 2613 2612 2536 2536 2539 2613 2542 2541 2614 2614 2615 2542 2617 2616 2608 2608 2609 2617 2611 2610 2618 2618 2619 2611 2621 2620 2612 2612 2613 2621 2615 2614 2622 2622 2623 2615 2546 2545 2592 2592 2593 2546 2595 2594 2548 2548 2551 2595 2554 2553 2596 2596 2597 2554 2599 2598 2556 2556 2559 2599 2574 2573 2600 2600 2601 2574 2603 2602 2568 2568 2571 2603 2566 2565 2604 2604 2605 2566 2607 2606 2560 2560 2563 2607 2578 2577 2624 2624 2625 2578 2627 2626 2580 2580 2583 2627 2586 2585 2628 2628 2629 2586 2631 2630 2588 2588 2591 2631 2507 2506 2483 2483 2482 2507 2635 2632 2633 2633 2634 2635 2639 2636 2637 2637 2638 2639 2527 2640 2641 2641 2524 2527 2643 2639 2638 2638 2642 2643 2640 2643 2642 2642 2641 2640 
						2645 2526 2525 2525 2644 2645 2647 2645 2644 2644 2646 2647 2649 2647 2646 2646 2648 2649 2632 2650 2651 2651 2633 2632 2651 2650 2652 2652 2653 2651 2652 2649 2648 2648 2653 2652 2677 2654 2655 2677 2655 2656 2677 2656 2657 2677 2657 2658 2677 2658 2659 2677 2659 2660 2677 2660 2661 2677 2661 2662 2677 2662 2663 2677 2663 2664 2677 2664 2665 2677 2665 2666 2677 2666 2667 2677 2667 2668 2677 2668 2669 2677 2669 2670 2677 2670 2671 2677 2671 2672 2677 2672 2673 2677 2673 2674 2677 2674 2675 2675 2676 2677 2681 2678 2679 2679 2680 2681 2685 2682 2683 2683 2684 2685 2680 2679 2686 2686 2687 2680 2684 2683 2688 2688 2689 2684 2687 2686 2690 2690 2691 2687 2689 2688 2692 2692 2693 2689 2691 2690 2694 2694 2695 2691 2693 2692 2696 2696 2697 2693 2695 2694 2698 2698 2699 2695 2697 2696 2700 2700 2701 2697 2699 2698 2702 2702 2703 2699 2701 2700 2704 2704 2705 2701 2703 2702 2706 2706 2707 2703 2705 2704 2708 2708 2709 2705 2707 2706 2710 2710 2711 2707 
						2709 2708 2712 2712 2713 2709 2711 2710 2714 2714 2715 2711 2713 2712 2716 2716 2717 2713 2715 2714 2718 2718 2719 2715 2717 2716 2720 2720 2721 2717 2719 2718 2722 2722 2723 2719 2721 2720 2724 2724 2725 2721 2723 2722 2726 2726 2727 2723 2725 2724 2728 2728 2729 2725 2733 2730 2731 2731 2732 2733 2737 2734 2735 2735 2736 2737 2732 2731 2738 2738 2739 2732 2736 2735 2740 2740 2741 2736 2739 2738 2742 2742 2743 2739 2741 2740 2744 2744 2745 2741 2743 2742 2746 2746 2747 2743 2745 2744 2748 2748 2749 2745 2747 2746 2750 2750 2751 2747 2749 2748 2752 2752 2753 2749 2751 2750 2754 2754 2755 2751 2753 2752 2756 2756 2757 2753 2755 2754 2758 2758 2759 2755 2757 2756 2760 2760 2761 2757 2759 2758 2762 2762 2763 2759 2761 2760 2764 2764 2765 2761 2763 2762 2766 2766 2767 2763 2765 2764 2768 2768 2769 2765 2767 2766 2770 2770 2771 2767 2769 2768 2772 2772 2773 2769 2771 2770 2774 2774 2775 2771 2773 2772 2776 2776 2777 2773 2779 2778 2775 2775 2774 2779 
						2781 2780 2777 2777 2776 2781 2785 2782 2783 2783 2784 2785 2784 2783 2786 2786 2787 2784 2787 2786 2788 2788 2789 2787 2789 2788 2790 2790 2791 2789 2791 2790 2792 2792 2793 2791 2793 2792 2794 2794 2795 2793 2795 2794 2796 2796 2797 2795 2797 2796 2798 2798 2799 2797 2799 2798 2800 2800 2801 2799 2801 2800 2802 2802 2803 2801 2803 2802 2804 2804 2805 2803 2805 2804 2806 2806 2807 2805 2811 2808 2809 2809 2810 2811 2810 2809 2812 2812 2813 2810 2813 2812 2814 2814 2815 2813 2815 2814 2816 2816 2817 2815 2817 2816 2818 2818 2819 2817 2819 2818 2820 2820 2821 2819 2821 2820 2822 2822 2823 2821 2823 2822 2824 2824 2825 2823 2825 2824 2826 2826 2827 2825 2827 2826 2828 2828 2829 2827 2829 2828 2830 2830 2831 2829 2833 2832 2831 2831 2830 2833 2837 2834 2835 2835 2836 2837 2841 2838 2839 2839 2840 2841 2845 2842 2843 2843 2844 2845 2849 2846 2847 2847 2848 2849 2836 2835 2850 2850 2851 2836 2853 2852 2842 2842 2845 2853 2851 2850 2854 2854 2855 2851 
						2857 2856 2852 2852 2853 2857 2855 2854 2858 2858 2859 2855 2861 2860 2856 2856 2857 2861 2859 2858 2862 2862 2863 2859 2865 2864 2860 2860 2861 2865 2863 2862 2866 2866 2867 2863 2869 2868 2864 2864 2865 2869 2867 2866 2870 2870 2871 2867 2873 2872 2868 2868 2869 2873 2871 2870 2874 2874 2875 2871 2877 2876 2872 2872 2873 2877 2875 2874 2878 2878 2879 2875 2881 2880 2876 2876 2877 2881 2879 2878 2882 2882 2883 2879 2885 2884 2880 2880 2881 2885 2883 2882 2886 2886 2887 2883 2889 2888 2884 2884 2885 2889 2887 2886 2890 2890 2891 2887 2893 2892 2888 2888 2889 2893 2897 2894 2895 2895 2896 2897 2901 2898 2899 2899 2900 2901 2896 2895 2902 2902 2903 2896 2905 2904 2898 2898 2901 2905 2903 2902 2906 2906 2907 2903 2909 2908 2904 2904 2905 2909 2907 2906 2910 2910 2911 2907 2913 2912 2908 2908 2909 2913 2911 2910 2914 2914 2915 2911 2917 2916 2912 2912 2913 2917 2915 2914 2918 2918 2919 2915 2921 2920 2916 2916 2917 2921 2919 2918 2922 2922 2923 2919 
						2925 2924 2920 2920 2921 2925 2923 2922 2926 2926 2927 2923 2929 2928 2924 2924 2925 2929 2927 2926 2930 2930 2931 2927 2933 2932 2928 2928 2929 2933 2931 2930 2934 2934 2935 2931 2937 2936 2932 2932 2933 2937 2935 2934 2846 2846 2849 2935 2840 2839 2936 2936 2937 2840 2941 2938 2939 2939 2940 2941 2945 2942 2943 2943 2944 2945 2947 2945 2944 2944 2946 2947 2949 2947 2946 2946 2948 2949 2951 2949 2948 2948 2950 2951 2953 2951 2950 2950 2952 2953 2955 2953 2952 2952 2954 2955 2957 2955 2954 2954 2956 2957 2959 2957 2956 2956 2958 2959 2961 2959 2958 2958 2960 2961 2963 2961 2960 2960 2962 2963 2965 2963 2962 2962 2964 2965 2967 2965 2964 2964 2966 2967 2971 2968 2969 2969 2970 2971 2973 2971 2970 2970 2972 2973 2975 2973 2972 2972 2974 2975 2977 2975 2974 2974 2976 2977 2979 2977 2976 2976 2978 2979 2981 2979 2978 2978 2980 2981 2983 2981 2980 2980 2982 2983 2985 2983 2982 2982 2984 2985 2987 2985 2984 2984 2986 2987 2989 2988 2987 2987 2986 2989 
						2938 2988 2989 2989 2939 2938 2993 2990 2991 2991 2992 2993 2997 2994 2995 2995 2996 2997 3001 2998 2999 2999 3000 3001 3003 3002 2990 2990 2993 3003 3005 3004 2998 2998 3001 3005 3007 3006 3002 3002 3003 3007 3009 3008 3004 3004 3005 3009 3011 3010 3006 3006 3007 3011 3013 3012 3008 3008 3009 3013 3015 3014 3010 3010 3011 3015 3017 3016 3012 3012 3013 3017 3019 3018 3014 3014 3015 3019 3021 3020 3016 3016 3017 3021 3023 3022 3018 3018 3019 3023 2992 2991 3020 3020 3021 2992 3000 2999 3024 3024 3025 3000 3027 3026 3022 3022 3023 3027 3031 3028 3029 3029 3030 3031 3033 3032 3028 3028 3031 3033 3035 3034 3032 3032 3033 3035 3037 3036 3034 3034 3035 3037 3039 3038 3036 3036 3037 3039 3041 3040 3038 3038 3039 3041 3043 3042 3040 3040 3041 3043 3045 3044 3042 3042 3043 3045 3047 3046 3044 3044 3045 3047 3049 3048 3046 3046 3047 3049 3051 3050 3048 3048 3049 3051 3053 3052 3050 3050 3051 3053 3055 3054 3052 3052 3053 3055 3057 3056 3054 3054 3055 3057 
						3059 3058 3056 3056 3057 3059 3061 3060 3058 3058 3059 3061 3065 3062 3063 3063 3064 3065 3069 3066 3067 3067 3068 3069 3071 3069 3068 3068 3070 3071 3064 3063 3072 3072 3073 3064 3077 3074 3075 3075 3076 3077 3081 3078 3079 3079 3080 3081 3083 3071 3070 3070 3082 3083 3073 3072 3084 3084 3085 3073 3087 3083 3082 3082 3086 3087 3085 3084 3088 3088 3089 3085 3091 3087 3086 3086 3090 3091 3089 3088 3092 3092 3093 3089 3095 3091 3090 3090 3094 3095 3093 3092 3096 3096 3097 3093 3099 3095 3094 3094 3098 3099 3097 3096 3100 3100 3101 3097 3103 3099 3098 3098 3102 3103 3101 3100 3104 3104 3105 3101 3107 3103 3102 3102 3106 3107 3105 3104 3108 3108 3109 3105 3111 3107 3106 3106 3110 3111 3109 3108 3112 3112 3113 3109 3115 3111 3110 3110 3114 3115 3113 3112 3116 3116 3117 3113 3119 3115 3114 3114 3118 3119 3117 3116 3120 3120 3121 3117 3123 3119 3118 3118 3122 3123 3121 3120 3124 3124 3125 3121 3127 3123 3122 3122 3126 3127 3125 3124 3128 3128 3129 3125 
						3074 3127 3126 3126 3075 3074 3129 3128 3078 3078 3081 3129 3133 3130 3131 3131 3132 3133 3134 3135 3136 3134 3136 3137 3141 3138 3139 3139 3140 3141 3143 3142 2994 2994 2997 3143 3145 3144 3138 3138 3141 3145 3147 3146 3142 3142 3143 3147 3149 3148 3144 3144 3145 3149 3151 3150 3146 3146 3147 3151 3153 3152 3148 3148 3149 3153 3155 3154 3150 3150 3151 3155 3157 3156 3152 3152 3153 3157 3159 3158 3154 3154 3155 3159 3131 3160 3156 3156 3157 3131 3162 3161 3158 3158 3159 3162 3130 3135 3160 3160 3131 3130 3140 3139 3161 3161 3162 3140 3166 3163 3164 3164 3165 3166 3168 3140 3162 3162 3167 3168 3171 2997 3169 3169 3170 3171 3172 3137 3130 3130 3133 3172 3173 3141 3140 3140 3168 3173 3175 3143 2997 2997 3174 3175 3176 3145 3141 3141 3173 3176 3177 3147 3143 3143 3175 3177 3178 3149 3145 3145 3176 3178 3164 3151 3147 3147 3177 3164 3179 3153 3149 3149 3178 3179 3163 3155 3151 3151 3164 3163 3180 3157 3153 3153 3179 3180 3181 3159 3155 3155 3163 3181 
						3132 3131 3157 3157 3180 3132 3167 3162 3159 3159 3181 3167 3185 3182 3183 3183 3184 3185 3187 3180 3179 3179 3186 3187 3188 3181 3163 3163 3166 3188 3189 3132 3180 3180 3187 3189 3190 3167 3181 3181 3188 3190 3191 3133 3132 3132 3189 3191 3192 3168 3167 3167 3190 3192 3195 3174 3193 3193 3194 3195 3196 3133 3197 3196 3197 3198 3183 3173 3168 3168 3192 3183 3200 3175 3174 3174 3199 3200 3182 3176 3173 3173 3183 3182 3201 3177 3175 3175 3200 3201 3202 3178 3176 3176 3182 3202 3165 3164 3177 3177 3201 3165 3186 3179 3178 3178 3202 3186 3206 3203 3204 3204 3205 3206 3208 3201 3200 3200 3207 3208 3209 3202 3182 3182 3185 3209 3210 3165 3201 3201 3208 3210 3211 3186 3202 3202 3209 3211 3212 3166 3165 3165 3210 3212 3213 3187 3186 3186 3211 3213 3214 3188 3166 3166 3212 3214 3204 3189 3187 3187 3213 3204 3215 3190 3188 3188 3214 3215 3203 3191 3189 3189 3204 3203 3216 3192 3190 3190 3215 3216 3219 3199 3217 3217 3218 3219 3220 3191 3221 3220 3221 3222 
						3184 3183 3192 3192 3216 3184 3207 3200 3199 3199 3223 3207 3227 3224 3225 3225 3226 3227 3229 3216 3215 3215 3228 3229 3232 3223 3230 3230 3231 3232 3234 3233 3203 3203 3206 3234 3235 3184 3216 3216 3229 3235 3236 3207 3223 3223 3232 3236 3237 3185 3184 3184 3235 3237 3238 3208 3207 3207 3236 3238 3239 3209 3185 3185 3237 3239 3240 3210 3208 3208 3238 3240 3225 3211 3209 3209 3239 3225 3241 3212 3210 3210 3240 3241 3224 3213 3211 3211 3225 3224 3242 3214 3212 3212 3241 3242 3205 3204 3213 3213 3224 3205 3228 3215 3214 3214 3242 3228 3246 3243 3244 3244 3245 3246 3248 3242 3241 3241 3247 3248 3249 3205 3224 3224 3227 3249 3250 3228 3242 3242 3248 3250 3251 3206 3205 3205 3249 3251 3252 3229 3228 3228 3250 3252 3255 3232 3253 3253 3254 3255 3257 3256 3206 3206 3251 3257 3258 3235 3229 3229 3252 3258 3244 3236 3232 3232 3259 3244 3260 3237 3235 3235 3258 3260 3243 3238 3236 3236 3244 3243 3261 3239 3237 3237 3260 3261 3262 3240 3238 3238 3243 3262 
						3226 3225 3239 3239 3261 3226 3247 3241 3240 3240 3262 3247 3266 3263 3264 3264 3265 3266 3268 3261 3260 3260 3267 3268 3269 3262 3243 3243 3246 3269 3270 3226 3261 3261 3268 3270 3271 3247 3262 3262 3269 3271 3272 3227 3226 3226 3270 3272 3273 3248 3247 3247 3271 3273 3274 3249 3227 3227 3272 3274 3264 3250 3248 3248 3273 3264 3275 3251 3249 3249 3274 3275 3263 3252 3250 3250 3264 3263 3278 3259 3276 3276 3277 3278 3279 3251 3280 3279 3280 3281 3282 3258 3252 3252 3263 3282 3245 3244 3259 3259 3283 3245 3267 3260 3258 3258 3282 3267 3287 3284 3285 3285 3286 3287 3290 3283 3288 3288 3289 3290 3292 3281 3275 3275 3291 3292 3293 3282 3263 3263 3266 3293 3295 3245 3283 3283 3294 3295 3296 3267 3282 3282 3293 3296 3297 3246 3245 3245 3295 3297 3298 3268 3267 3267 3296 3298 3299 3269 3246 3246 3297 3299 3285 3270 3268 3268 3298 3285 3300 3271 3269 3269 3299 3300 3284 3272 3270 3270 3285 3284 3301 3273 3271 3271 3300 3301 3302 3274 3272 3272 3284 3302 
						3265 3264 3273 3273 3301 3265 3291 3275 3274 3274 3302 3291 3306 3303 3304 3304 3305 3306 3308 3301 3300 3300 3307 3308 3309 3302 3284 3284 3287 3309 3310 3265 3301 3301 3308 3310 3311 3291 3302 3302 3309 3311 3312 3266 3265 3265 3310 3312 3315 3294 3313 3313 3314 3315 3292 3291 3311 3292 3311 3316 3317 3293 3266 3266 3312 3317 3318 3295 3294 3294 3315 3318 3319 3296 3293 3293 3317 3319 3320 3297 3295 3295 3318 3320 3321 3298 3296 3296 3319 3321 3322 3299 3297 3297 3320 3322 3286 3285 3298 3298 3321 3286 3307 3300 3299 3299 3322 3307 3326 3323 3324 3324 3325 3326 3328 3327 3303 3303 3306 3328 3330 3329 3323 3323 3326 3330 3332 3331 3327 3327 3328 3332 3334 3333 3329 3329 3330 3334 3336 3335 3331 3331 3332 3336 3338 3337 3333 3333 3334 3338 3340 3339 3335 3335 3336 3340 3342 3341 3337 3337 3338 3342 3346 3343 3344 3344 3345 3346 3348 3347 3339 3339 3340 3348 3350 3349 3341 3341 3342 3350 3352 3351 3343 3343 3346 3352 3305 3304 3349 3349 3350 3305 
						3325 3324 3351 3351 3352 3325 3356 3353 3354 3354 3355 3356 3360 3357 3358 3358 3359 3360 3364 3361 3362 3362 3363 3364 3368 3365 3366 3366 3367 3368 3372 3369 3370 3370 3371 3372 3376 3373 3374 3374 3375 3376 3355 3354 3377 3377 3378 3355 3365 3379 3380 3380 3366 3365 3371 3370 3381 3381 3382 3371 3386 3383 3384 3384 3385 3386 3378 3377 3387 3387 3388 3378 3392 3389 3390 3390 3391 3392 3382 3381 3393 3393 3394 3382 3398 3395 3396 3396 3397 3398 3388 3387 3399 3399 3400 3388 3404 3401 3402 3402 3403 3404 3394 3393 3405 3405 3406 3394 3410 3407 3408 3408 3409 3410 3400 3399 3411 3411 3412 3400 3416 3413 3414 3414 3415 3416 3406 3405 3417 3417 3418 3406 3422 3419 3420 3420 3421 3422 3412 3411 3423 3423 3424 3412 3426 3360 3359 3359 3425 3426 3418 3417 3427 3427 3428 3418 3430 3376 3375 3375 3429 3430 3424 3423 3431 3431 3432 3424 3379 3433 3434 3434 3380 3379 3428 3427 3361 3361 3364 3428 3389 3435 3436 3436 3390 3389 3432 3431 3369 3369 3372 3432 
						3438 3398 3397 3397 3437 3438 3442 3439 3440 3440 3441 3442 3446 3443 3444 3444 3445 3446 3450 3447 3448 3448 3449 3450 3454 3451 3452 3452 3453 3454 3456 3450 3449 3449 3455 3456 3458 3454 3453 3453 3457 3458 3460 3456 3455 3455 3459 3460 3462 3458 3457 3457 3461 3462 3464 3460 3459 3459 3463 3464 3466 3462 3461 3461 3465 3466 3468 3464 3463 3463 3467 3468 3470 3466 3465 3465 3469 3470 3472 3468 3467 3467 3471 3472 3474 3470 3469 3469 3473 3474 3476 3472 3471 3471 3475 3476 3447 3474 3473 3473 3448 3447 3478 3422 3421 3421 3477 3478 3357 3479 3480 3480 3358 3357 3482 3416 3415 3415 3481 3482 3407 3483 3484 3484 3408 3407 3486 3482 3481 3481 3485 3486 3395 3487 3488 3488 3396 3395 3490 3392 3391 3391 3489 3490 3487 3491 3492 3492 3488 3487 3373 3438 3437 3437 3374 3373 3435 3404 3403 3403 3436 3435 3433 3478 3477 3477 3434 3433 3383 3430 3429 3429 3384 3383 3483 3426 3425 3425 3484 3483 3419 3486 3485 3485 3420 3419 3413 3490 3489 3489 3414 3413 
						3491 3410 3409 3409 3492 3491 3494 3493 3476 3476 3475 3494 3496 3495 3452 3452 3451 3496 3498 3496 3451 3451 3497 3498 3495 3499 3500 3500 3452 3495 3493 3501 3502 3502 3476 3493 3504 3494 3475 3475 3503 3504 3508 3505 3506 3506 3507 3508 3512 3509 3510 3510 3511 3512 3516 3513 3514 3514 3515 3516 3518 3516 3515 3515 3517 3518 3522 3519 3520 3520 3521 3522 3526 3523 3524 3524 3525 3526 3528 3527 3519 3519 3522 3528 3530 3529 3523 3523 3526 3530 3532 3531 3527 3527 3528 3532 3534 3533 3529 3529 3530 3534 3536 3535 3531 3531 3532 3536 3540 3537 3538 3538 3539 3540 3542 3541 3535 3535 3536 3542 3544 3543 3537 3537 3540 3544 3546 3545 3541 3541 3542 3546 3548 3547 3543 3543 3544 3548 3550 3549 3545 3545 3546 3550 3521 3520 3547 3547 3548 3521 3525 3524 3551 3551 3552 3525 3552 3551 3549 3549 3550 3552 3556 3553 3554 3554 3555 3556 3558 3557 3553 3553 3556 3558 3560 3559 3557 3557 3558 3560 3562 3561 3559 3559 3560 3562 3566 3563 3564 3564 3565 3566 
						3568 3567 3563 3563 3566 3568 3570 3569 3567 3567 3568 3570 3572 3571 3569 3569 3570 3572 3574 3573 3571 3571 3572 3574 3576 3575 3573 3573 3574 3576 3578 3577 3575 3575 3576 3578 3580 3579 3577 3577 3578 3580 3582 3581 3579 3579 3580 3582 3584 3583 3581 3581 3582 3584 3586 3585 3583 3583 3584 3586 3555 3554 3585 3585 3586 3555 3590 3587 3588 3588 3589 3590 3594 3591 3592 3592 3593 3594 3596 3594 3593 3593 3595 3596 3589 3588 3597 3597 3598 3589 3591 3599 3600 3600 3592 3591 3602 3601 3587 3587 3590 3602 3604 3596 3595 3595 3603 3604 3598 3597 3605 3605 3606 3598 3608 3604 3603 3603 3607 3608 3606 3605 3609 3609 3610 3606 3614 3611 3612 3612 3613 3614 3618 3615 3616 3616 3617 3618 3620 3614 3613 3613 3619 3620 3617 3616 3621 3621 3622 3617 3624 3620 3619 3619 3623 3624 3622 3621 3625 3625 3626 3622 3628 3624 3623 3623 3627 3628 3626 3625 3629 3629 3630 3626 3632 3628 3627 3627 3631 3632 3630 3629 3633 3633 3634 3630 3636 3632 3631 3631 3635 3636 
						3634 3633 3637 3637 3638 3634 3640 3636 3635 3635 3639 3640 3638 3637 3641 3641 3642 3638 3644 3640 3639 3639 3643 3644 3642 3641 3645 3645 3646 3642 3648 3644 3643 3643 3647 3648 3646 3645 3649 3649 3650 3646 3652 3648 3647 3647 3651 3652 3650 3649 3653 3653 3654 3650 3599 3652 3651 3651 3600 3599 3654 3653 3601 3601 3602 3654 3656 3525 3552 3552 3655 3656 3655 3552 3550 3550 3657 3655 3659 3522 3521 3521 3658 3659 3660 3526 3525 3525 3656 3660 3661 3528 3522 3522 3659 3661 3662 3530 3526 3526 3660 3662 3663 3532 3528 3528 3661 3663 3534 3530 3662 3665 3536 3532 3532 3663 3665 3540 3539 3667 3668 3542 3536 3536 3665 3668 3669 3544 3540 3540 3667 3669 3670 3546 3542 3542 3668 3670 3671 3548 3544 3544 3669 3671 3657 3550 3546 3546 3670 3657 3658 3521 3548 3548 3671 3658 3673 3657 3670 3670 3672 3673 3675 3658 3671 3671 3674 3675 3677 3656 3655 3655 3676 3677 3676 3655 3657 3657 3673 3676 3678 3659 3658 3658 3675 3678 3679 3660 3656 3656 3677 3679 
						3680 3661 3659 3659 3678 3680 3681 3662 3660 3660 3679 3681 3682 3663 3661 3661 3680 3682 3684 3683 3662 3662 3681 3684 3685 3665 3663 3663 3682 3685 3688 3667 3686 3686 3687 3688 3689 3668 3665 3665 3685 3689 3691 3669 3667 3667 3690 3691 3672 3670 3668 3668 3689 3672 3674 3671 3669 3669 3691 3674 3694 3690 3692 3692 3693 3694 3696 3689 3685 3685 3695 3696 3698 3691 3690 3690 3697 3698 3699 3672 3689 3689 3696 3699 3700 3674 3691 3691 3698 3700 3701 3673 3672 3672 3699 3701 3702 3675 3674 3674 3700 3702 3704 3677 3676 3676 3703 3704 3703 3676 3673 3673 3701 3703 3705 3678 3675 3675 3702 3705 3706 3679 3677 3677 3704 3706 3707 3680 3678 3678 3705 3707 3708 3681 3679 3679 3706 3708 3709 3682 3680 3680 3707 3709 3711 3710 3681 3681 3708 3711 3695 3685 3682 3682 3709 3695 3713 3707 3705 3705 3712 3713 3715 3708 3706 3706 3714 3715 3716 3709 3707 3707 3713 3716 3718 3717 3708 3708 3715 3718 3719 3695 3709 3709 3716 3719 3722 3697 3720 3720 3721 3722 
						3723 3696 3695 3695 3719 3723 3725 3698 3697 3697 3724 3725 3726 3699 3696 3696 3723 3726 3727 3700 3698 3698 3725 3727 3728 3701 3699 3699 3726 3728 3729 3702 3700 3700 3727 3729 3731 3704 3703 3703 3730 3731 3730 3703 3701 3701 3728 3730 3712 3705 3702 3702 3729 3712 3714 3706 3704 3704 3731 3714 3733 3718 3715 3715 3732 3733 3735 3716 3713 3713 3734 3735 3732 3715 3714 3714 3736 3732 3734 3713 3712 3712 3737 3734 3736 3714 3731 3731 3738 3736 3737 3712 3729 3729 3739 3737 3741 3730 3728 3728 3740 3741 3738 3731 3730 3730 3741 3738 3739 3729 3727 3727 3742 3739 3740 3728 3726 3726 3743 3740 3742 3727 3725 3725 3744 3742 3743 3726 3723 3723 3745 3743 3744 3725 3724 3724 3746 3744 3745 3723 3719 3719 3747 3745 3746 3724 3748 3748 3749 3746 3747 3719 3716 3716 3735 3747 3753 3750 3751 3751 3752 3753 3757 3754 3755 3755 3756 3757 3752 3751 3758 3758 3759 3752 3756 3755 3760 3760 3761 3756 3759 3758 3762 3762 3763 3759 3761 3760 3764 3764 3765 3761 
						3763 3762 3766 3766 3767 3763 3765 3764 3768 3768 3769 3765 3773 3770 3771 3771 3772 3773 3767 3766 3770 3770 3773 3767 3769 3768 3774 3774 3775 3769 3772 3771 3776 3776 3777 3772 3775 3774 3778 3778 3779 3775 3777 3776 3780 3780 3781 3777 3779 3778 3750 3750 3753 3779 3781 3780 3782 3782 3783 3781 3787 3784 3785 3785 3786 3787 3791 3788 3789 3789 3790 3791 3786 3785 3792 3792 3793 3786 3790 3789 3794 3794 3795 3790 3799 3796 3797 3797 3798 3799 3803 3800 3801 3801 3802 3803 3798 3797 3804 3804 3805 3798 3802 3801 3806 3806 3807 3802 3793 3792 3808 3808 3809 3793 3795 3794 3810 3810 3811 3795 3805 3804 3812 3812 3813 3805 3807 3806 3814 3814 3815 3807 3809 3808 3816 3816 3817 3809 3811 3810 3818 3818 3819 3811 3817 3816 3820 3820 3821 3817 3819 3818 3822 3822 3823 3819 3813 3812 3824 3824 3825 3813 3815 3814 3826 3826 3827 3815 3821 3820 3828 3828 3829 3821 3823 3822 3830 3830 3831 3823 3825 3824 3832 3832 3833 3825 3827 3826 3834 3834 3835 3827 
						3829 3828 3836 3836 3837 3829 3831 3830 3838 3838 3839 3831 3833 3832 3840 3840 3841 3833 3835 3834 3842 3842 3843 3835 3837 3836 3844 3844 3845 3837 3839 3838 3846 3846 3847 3839 3841 3840 3848 3848 3849 3841 3843 3842 3850 3850 3851 3843 3845 3844 3796 3796 3799 3845 3847 3846 3800 3800 3803 3847 
					</p>
				</polylist>
			</mesh>
		</geometry>
	</library_geometries>
	<library_visual_scenes>
		<visual_scene id="RootNode" name="RootNode">
			<node id="Cylinder" name="Cylinder">
				<matrix>100.000000 0.000000 0.000000 0.000000 0.000000 -0.000016 100.000000 0.000000 0.000000 -100.000000 -0.000016 0.000000 0.000000 0.000000 0.000000 1.000000</matrix>
				<instance_geometry url="#meshId0">
					<bind_material>
						<technique_common>
							<instance_material symbol="defaultMaterial" target="#DefaultMaterial" />
						</technique_common>
					</bind_material>
				</instance_geometry>
			</node>
		</visual_scene>
	</library_visual_scenes>
	<scene>
		<instance_visual_scene url="#RootNode" />
	</scene>
</COLLADA>
