<?xml version="1.0"?>
<COLLADA xmlns="http://www.collada.org/2005/11/COLLADASchema" version="1.4.1">
  <asset>
    <contributor>
      <author>Assimp</author>
      <authoring_tool>Assimp Exporter</authoring_tool>
    </contributor>
    <created>2019-10-04T21:32:59</created>
    <modified>2019-10-04T21:32:59</modified>
    <unit name="meter" meter="0.01" />
    <up_axis>Y_UP</up_axis>
  </asset>
  <library_effects>
    <effect id="lambert1-fx" name="lambert1">
      <profile_COMMON>
        <technique sid="standard">
          <phong>
            <diffuse>
              <color sid="diffuse">0.5   0.5   0.5   1</color>
            </diffuse>
          </phong>
        </technique>
      </profile_COMMON>
    </effect>
  </library_effects>
  <library_materials>
    <material id="lambert1" name="lambert1">
      <instance_effect url="#lambert1-fx"/>
    </material>
  </library_materials>
  <library_geometries>
    <geometry id="meshId0" name="meshId0_name" >
      <mesh>
        <source id="meshId0-positions" name="meshId0-positions">
          <float_array id="meshId0-positions-array" count="132"> 0.833907 0.81661 0.288691 0.833907 0.197555 0.288691 0.824669 0.197555 0.275976 0.824669 0.81661 0.275976 0.809722 0.197555 0.271119 0.809722 0.81661 0.271119 0.794775 0.197555 0.275976 0.794775 0.81661 0.275976 0.785537 0.197555 0.288691 0.785537 0.81661 0.288691 0.785537 0.197555 0.304407 0.785537 0.81661 0.304407 0.794775 0.197555 0.317122 0.794775 0.81661 0.317122 0.809722 0.197555 0.321978 0.809722 0.81661 0.321978 0.824669 0.197555 0.317122 0.824669 0.81661 0.317122 0.833907 0.197555 0.304407 0.833907 0.81661 0.304407 0.833907 0.197555 0.288691 0.833907 0.81661 0.288691 0.824669 0.197555 0.275976 0.833907 0.197555 0.288691 0.809722 0.197555 0.296549 0.809722 0.197555 0.271119 0.794775 0.197555 0.275976 0.785537 0.197555 0.288691 0.785537 0.197555 0.304407 0.794775 0.197555 0.317122 0.809722 0.197555 0.321978 0.824669 0.197555 0.317122 0.833907 0.197555 0.304407 0.809722 0.81661 0.296549 0.833907 0.81661 0.288691 0.824669 0.81661 0.275976 0.809722 0.81661 0.271119 0.794775 0.81661 0.275976 0.785537 0.81661 0.288691 0.785537 0.81661 0.304407 0.794775 0.81661 0.317122 0.809722 0.81661 0.321978 0.824669 0.81661 0.317122 0.833907 0.81661 0.304407 </float_array>
          <technique_common>
            <accessor count="44" offset="0" source="#meshId0-positions-array" stride="3">
              <param name="X" type="float" />
              <param name="Y" type="float" />
              <param name="Z" type="float" />
            </accessor>
          </technique_common>
        </source>
        <source id="meshId0-normals" name="meshId0-normals">
          <float_array id="meshId0-normals-array" count="132"> 0.951052 0 -0.30903 0.951052 0 -0.30903 0.587786 0 -0.809017 0.587786 0 -0.809017 -7.62589e-07 0 -1 -7.62589e-07 0 -1 -0.587779 0 -0.809021 -0.587779 0 -0.809021 -0.951052 0 -0.30903 -0.951052 0 -0.30903 -0.951052 0 0.30903 -0.951052 0 0.30903 -0.587779 0 0.809022 -0.587779 0 0.809022 -1.49527e-08 0 1 -1.49527e-08 0 1 0.587787 0 0.809016 0.587787 0 0.809016 0.951052 0 0.30903 0.951052 0 0.30903 0.951052 0 -0.30903 0.951052 0 -0.30903 0 -1 0 0 -1 0 0 -1 4.57419e-07 0 -1 0 0 -1 0 0 -1 0 0 -1 2.28694e-06 0 -1 2.28705e-06 0 -1 0 0 -1 0 0 -1 0 0 1 -1.87455e-11 0 1 4.57394e-06 0 1 4.57412e-06 0 1 0 0 1 0 0 1 0 0 1 -4.57384e-06 0 1 -4.57414e-06 0 1 0 0 1 0 0 1 0 </float_array>
          <technique_common>
            <accessor count="44" offset="0" source="#meshId0-normals-array" stride="3">
              <param name="X" type="float" />
              <param name="Y" type="float" />
              <param name="Z" type="float" />
            </accessor>
          </technique_common>
        </source>
        <source id="meshId0-tangents" name="meshId0-tangents">
          <float_array id="meshId0-tangents-array" count="132"> 0 -1 0 0 -1 0 0 -1 0 0 -1 0 0 -1 0 0 -1 0 0 -1 0 0 -1 0 0 -1 0 0 -1 0 0 -1 0 0 -1 0 0 -1 0 0 -1 0 0 -1 0 0 -1 0 0 -1 0 0 -1 0 0 -1 0 0 -1 0 0 -1 0 0 -1 0 -1.45147e-05 0 -1 -1.52438e-05 0 -1 -5.16051e-08 -4.57419e-07 -1 0 0 -1 9.18592e-06 0 -1 9.18571e-06 0 -1 -9.18574e-06 -2.28694e-06 -1 -9.18593e-06 -2.28705e-06 -1 0 0 -1 1.49858e-05 0 -1 1.42566e-05 0 -1 9.42173e-08 -1.87455e-11 -1 -1.40731e-05 4.57394e-06 -1 -1.43675e-05 4.57412e-06 -1 0 0 -1 9.53924e-06 0 -1 9.53902e-06 0 -1 -9.53906e-06 -4.57384e-06 -1 -9.53926e-06 -4.57414e-06 -1 0 0 -1 1.45442e-05 0 -1 1.48386e-05 0 -1 </float_array>
          <technique_common>
            <accessor count="44" offset="0" source="#meshId0-tangents-array" stride="3">
              <param name="X" type="float" />
              <param name="Y" type="float" />
              <param name="Z" type="float" />
            </accessor>
          </technique_common>
        </source>
        <source id="meshId0-bitangents" name="meshId0-bitangents">
          <float_array id="meshId0-bitangents-array" count="132"> -0.30903 -0 -0.951052 -0.30903 -0 -0.951052 -0.809017 -0 -0.587786 -0.809017 -0 -0.587786 -1 0 7.62589e-07 -1 0 7.62589e-07 -0.809021 0 0.587779 -0.809021 0 0.587779 -0.30903 0 0.951052 -0.30903 0 0.951052 0.30903 0 0.951052 0.30903 0 0.951052 0.809022 0 0.587779 0.809022 0 0.587779 1 0 1.49527e-08 1 0 1.49527e-08 0.809016 0 -0.587787 0.809016 0 -0.587787 0.30903 0 -0.951052 0.30903 0 -0.951052 -0.30903 -0 -0.951052 -0.30903 -0 -0.951052 1 0 -1.45147e-05 1 0 -1.52438e-05 1 -2.36051e-14 -5.16051e-08 1 0 0 1 0 9.18592e-06 1 0 9.18571e-06 1 -2.10072e-11 -9.18574e-06 1 -2.10087e-11 -9.18593e-06 1 0 0 1 0 1.49858e-05 1 0 1.42566e-05 -1 -1.76615e-18 -9.42173e-08 -1 -6.43693e-11 1.40731e-05 -1 -6.57188e-11 1.43675e-05 -1 0 0 -1 0 -9.53924e-06 -1 0 -9.53902e-06 -1 4.36301e-11 9.53906e-06 -1 4.36339e-11 9.53926e-06 -1 0 0 -1 0 -1.45442e-05 -1 0 -1.48386e-05 </float_array>
          <technique_common>
            <accessor count="44" offset="0" source="#meshId0-bitangents-array" stride="3">
              <param name="X" type="float" />
              <param name="Y" type="float" />
              <param name="Z" type="float" />
            </accessor>
          </technique_common>
        </source>
        <source id="meshId0-tex0" name="meshId0-tex0">
          <float_array id="meshId0-tex0-array" count="88"> 0.797422 0.522424 0.859595 0.522424 0.859595 0.526558 0.797422 0.526558 0.859595 0.530693 0.797422 0.530693 0.859595 0.534827 0.797422 0.534827 0.859595 0.538962 0.797422 0.538962 0.859595 0.543096 0.797422 0.543096 0.859595 0.54723 0.797422 0.54723 0.859595 0.551365 0.797422 0.551365 0.859595 0.555499 0.797422 0.555499 0.859595 0.559634 0.797422 0.559634 0.859595 0.563768 0.797422 0.563768 0.999157 0.0393259 0.997091 0.0408274 0.995979 0.0368963 0.999947 0.0368963 0.999157 0.0344668 0.997091 0.0329652 0.994536 0.0329652 0.992469 0.0344668 0.99168 0.0368963 0.992469 0.0393259 0.994536 0.0408274 0.995648 0.0105241 0.997091 0.00659303 0.999157 0.00809458 0.999947 0.0105241 0.999157 0.0129537 0.997091 0.0144552 0.994536 0.0144552 0.992469 0.0129537 0.99168 0.0105241 0.992469 0.00809457 0.994536 0.00659303 </float_array>
          <technique_common>
            <accessor count="44" offset="0" source="#meshId0-tex0-array" stride="2">
              <param name="S" type="float" />
              <param name="T" type="float" />
            </accessor>
          </technique_common>
        </source>
        <vertices id="meshId0-vertices">
          <input semantic="POSITION" source="#meshId0-positions" />
        </vertices>
        <polylist count="40" material="defaultMaterial">
          <input offset="0" semantic="VERTEX" source="#meshId0-vertices" />
          <input offset="0" semantic="NORMAL" source="#meshId0-normals" />
          <input offset="0" semantic="TANGENT" source="#meshId0-tangents" />
          <input offset="0" semantic="BINORMAL" source="#meshId0-bitangents" />
          <input offset="0" semantic="TEXCOORD" source="#meshId0-tex0" set="0" />
          <vcount>3 3 3 3 3 3 3 3 3 3 3 3 3 3 3 3 3 3 3 3 3 3 3 3 3 3 3 3 3 3 3 3 3 3 3 3 3 3 3 3 </vcount>
          <p>3 0 1 1 2 3 5 3 2 2 4 5 7 5 4 4 6 7 9 7 6 6 8 9 11 9 8 8 10 11 13 11 10 10 12 13 15 13 12 12 14 15 17 15 14 14 16 17 19 17 16 16 18 19 21 19 18 18 20 21 22 23 24 25 22 24 26 25 24 27 26 24 28 27 24 29 28 24 30 29 24 31 30 24 32 31 24 23 32 24 33 34 35 33 35 36 33 36 37 33 37 38 33 38 39 33 39 40 33 40 41 33 41 42 33 42 43 33 43 34 </p>
        </polylist>
      </mesh>
    </geometry>
    <geometry id="meshId1" name="meshId1_name" >
      <mesh>
        <source id="meshId1-positions" name="meshId1-positions">
          <float_array id="meshId1-positions-array" count="264"> 0.144316 -0.878558 0.499988 0.943166 -0.816562 0.404985 0.811977 0.790917 0.350854 0.013126 0.72892 0.445857 0.103238 -0.980927 0.507733 0.117597 -0.950299 0.526528 -0.0250032 0.796998 0.467689 -0.0440297 0.82357 0.446968 0.117597 -0.950299 0.526528 0.103238 -0.980927 0.507733 1 -0.911332 0.401086 0.985932 -0.88291 0.423262 0.985932 -0.88291 0.423262 1 -0.911332 0.401086 0.852731 0.893166 0.34032 0.843331 0.864387 0.364422 -0.0440297 0.82357 0.446968 -0.0250032 0.796998 0.467689 0.843331 0.864387 0.364422 0.852731 0.893166 0.34032 -0.0520112 0.820594 0.377909 -0.031627 0.800094 0.354967 0.112177 -0.961953 0.414303 0.0952574 -0.983904 0.438675 -0.031627 0.800094 0.354967 -0.0520112 0.820594 0.377909 0.84475 0.890189 0.271261 0.822942 0.866415 0.253337 0.822942 0.866415 0.253337 0.84475 0.890189 0.271261 0.992018 -0.914309 0.332027 0.966745 -0.895632 0.312674 0.0952574 -0.983904 0.438675 0.112177 -0.961953 0.414303 0.966745 -0.895632 0.312674 0.992018 -0.914309 0.332027 -0.0440297 0.82357 0.446968 0.852731 0.893166 0.34032 0.84475 0.890189 0.271261 -0.0520112 0.820594 0.377909 0.0211421 0.716371 0.377515 0.790254 0.776059 0.286048 0.919677 -0.809783 0.339451 0.150566 -0.869471 0.430918 1 -0.911332 0.401086 0.103238 -0.980927 0.507733 0.0952574 -0.983904 0.438675 0.992018 -0.914309 0.332027 0.84475 0.890189 0.271261 0.852731 0.893166 0.34032 1 -0.911332 0.401086 0.992018 -0.914309 0.332027 0.103238 -0.980927 0.507733 -0.0440297 0.82357 0.446968 -0.0520112 0.820594 0.377909 0.0952574 -0.983904 0.438675 0.117597 -0.950299 0.526528 0.985932 -0.88291 0.423262 0.985932 -0.88291 0.423262 0.843331 0.864387 0.364422 0.843331 0.864387 0.364422 -0.0250032 0.796998 0.467689 -0.0250032 0.796998 0.467689 0.117597 -0.950299 0.526528 -0.031627 0.800094 0.354967 0.822942 0.866415 0.253337 0.787404 0.774996 0.261386 0.0182918 0.715308 0.352853 0.966745 -0.895632 0.312674 0.916827 -0.810846 0.314788 0.112177 -0.961953 0.414303 0.147715 -0.870535 0.406255 0.0182918 0.715308 0.352853 0.787404 0.774996 0.261386 0.790254 0.776059 0.286048 0.0211421 0.716371 0.377515 0.787404 0.774996 0.261386 0.916827 -0.810846 0.314788 0.919677 -0.809783 0.339451 0.790254 0.776059 0.286048 0.916827 -0.810846 0.314788 0.147715 -0.870535 0.406255 0.150566 -0.869471 0.430918 0.919677 -0.809783 0.339451 0.147715 -0.870535 0.406255 0.0182918 0.715308 0.352853 0.0211421 0.716371 0.377515 0.150566 -0.869471 0.430918 </float_array>
          <technique_common>
            <accessor count="88" offset="0" source="#meshId1-positions-array" stride="3">
              <param name="X" type="float" />
              <param name="Y" type="float" />
              <param name="Z" type="float" />
            </accessor>
          </technique_common>
        </source>
        <source id="meshId1-normals" name="meshId1-normals">
          <float_array id="meshId1-normals-array" count="264"> 0.151409 0.060434 0.986622 0.0754116 0.0545361 0.99566 0.0778171 0.0250595 0.996653 0.153815 0.0309575 0.987615 -0.761218 -0.0403291 0.647241 -0.761218 -0.0403291 0.647241 -0.761218 -0.0403291 0.647241 -0.761218 -0.0403291 0.647241 0.140539 -0.564869 0.813124 0.140539 -0.564869 0.813124 0.140539 -0.564869 0.813124 0.140539 -0.564869 0.813124 0.888167 0.0876744 0.451079 0.888167 0.0876744 0.451079 0.888167 0.0876744 0.451079 0.888167 0.0876744 0.451079 0.0427591 0.633234 0.772778 0.0427591 0.633234 0.772778 0.0427591 0.633234 0.772778 0.0427591 0.633234 0.772778 -0.781196 -0.084583 -0.618529 -0.781196 -0.084583 -0.618529 -0.781196 -0.084583 -0.618529 -0.781196 -0.084583 -0.618529 -0.138596 0.674126 -0.725497 -0.138596 0.674126 -0.725497 -0.138596 0.674126 -0.725497 -0.138596 0.674126 -0.725497 0.618971 0.0240792 -0.785045 0.618971 0.0240792 -0.785045 0.618971 0.0240792 -0.785045 0.618971 0.0240792 -0.785045 -0.0236271 -0.734621 -0.678066 -0.0236271 -0.734621 -0.678066 -0.0236271 -0.734621 -0.678066 -0.0236271 -0.734621 -0.678066 -0.0812956 0.996125 -0.0335455 -0.0812956 0.996125 -0.0335455 -0.0812955 0.996125 -0.0335455 -0.0812956 0.996125 -0.0335455 -0.11471 -0.0427829 -0.992477 -0.11471 -0.0427829 -0.992477 -0.11471 -0.0427829 -0.992477 -0.11471 -0.0427829 -0.992477 0.0812955 -0.996125 0.0335441 0.0812955 -0.996125 0.0335441 0.0812955 -0.996125 0.0335441 0.0812955 -0.996125 0.0335441 0.990067 0.0768364 -0.117745 0.990067 0.0768363 -0.117745 0.990067 0.0768364 -0.117745 0.990067 0.0768364 -0.117745 -0.990067 -0.0768362 0.11774 -0.990067 -0.0768362 0.11774 -0.990067 -0.0768362 0.11774 -0.990067 -0.0768362 0.11774 0.0877394 0.316719 0.944453 0.0877394 0.316719 0.944453 -0.394647 -0.00126664 0.918832 -0.394647 -0.00126665 0.918832 0.132725 -0.234493 0.963015 0.132725 -0.234493 0.963015 0.593471 0.0754183 0.801314 0.593471 0.0754183 0.801314 -0.114711 -0.0427835 -0.992477 -0.11471 -0.0427833 -0.992477 -0.11471 -0.0427832 -0.992477 -0.114711 -0.0427835 -0.992477 -0.11471 -0.0427832 -0.992477 -0.11471 -0.0427831 -0.992477 -0.114711 -0.0427834 -0.992477 -0.114711 -0.0427835 -0.992477 0.0812956 -0.996125 0.0335437 0.0812956 -0.996125 0.0335437 0.0812956 -0.996125 0.0335437 0.0812956 -0.996125 0.0335437 -0.990067 -0.0768364 0.117743 -0.990067 -0.0768365 0.117743 -0.990067 -0.0768364 0.117743 -0.990067 -0.0768364 0.117743 -0.0812956 0.996125 -0.0335431 -0.0812956 0.996125 -0.0335431 -0.0812956 0.996125 -0.0335431 -0.0812956 0.996125 -0.0335431 0.990067 0.0768363 -0.117744 0.990067 0.0768363 -0.117744 0.990067 0.0768363 -0.117744 0.990067 0.0768363 -0.117744 </float_array>
          <technique_common>
            <accessor count="88" offset="0" source="#meshId1-normals-array" stride="3">
              <param name="X" type="float" />
              <param name="Y" type="float" />
              <param name="Z" type="float" />
            </accessor>
          </technique_common>
        </source>
        <source id="meshId1-tangents" name="meshId1-tangents">
          <float_array id="meshId1-tangents-array" count="264"> 0.0992988 -0.99401 0.0456479 0.0657555 -0.996602 0.0496073 0.0959758 -0.995229 0.01753 0.061723 -0.997858 0.0216656 0.0823688 -0.995994 0.034814 0.0823692 -0.995994 0.0348145 0.0824392 -0.995985 0.0348974 0.0824378 -0.995985 0.0348957 0.253265 -0.77344 -0.581075 0.237362 -0.778102 -0.581565 -0.245868 -0.815461 -0.523997 -0.236167 -0.816695 -0.526531 0.0816336 -0.99612 0.0328766 0.0816351 -0.99612 0.0328738 0.0817064 -0.996119 0.0327331 0.0817059 -0.996119 0.032734 -0.118648 -0.764794 0.633256 -0.108381 -0.765981 0.633661 0.392725 -0.721875 0.569792 0.377073 -0.72651 0.574456 -0.591633 -0.215923 0.776755 -0.59221 -0.213091 0.777097 -0.623062 0.167625 0.764 -0.623309 0.161075 0.765207 -0.990063 -0.0767187 0.117852 -0.990063 -0.0767258 0.117845 -0.99007 -0.0769173 0.117669 -0.99007 -0.0769142 0.117672 -0.782277 0.108152 -0.61347 -0.782727 0.101527 -0.614029 -0.750785 -0.275381 -0.600405 -0.751454 -0.272583 -0.600846 -0.990039 -0.0769728 0.117891 -0.990039 -0.0769699 0.117888 -0.990076 -0.0767912 0.117695 -0.990075 -0.0767976 0.117702 -0.478578 -0.00949032 0.877994 0.590563 0.0752547 0.803475 0.627273 0.0772902 0.774955 -0.437389 -0.00541276 0.899256 -0.0811831 0.996134 -0.0335574 -0.0811831 0.996134 -0.0335574 -0.0811832 0.996134 -0.0335574 -0.0811832 0.996134 -0.0335574 -0.674278 -0.0797515 -0.734159 0.406458 0.00240445 -0.913666 0.448878 0.00654319 -0.893569 -0.638952 -0.0779168 -0.76529 0.081306 -0.996122 0.0336317 0.0813025 -0.996123 0.0336018 0.0811645 -0.996174 0.0324078 0.0811679 -0.996172 0.0324377 0.0815316 -0.996035 0.035589 0.0816937 -0.995971 0.0369938 0.0816977 -0.995969 0.037029 0.0815357 -0.996034 0.0356242 0.168935 -0.939106 0.299232 0.0573904 -0.948141 0.312625 0.0819468 -0.996063 0.0338239 0.0818111 -0.996076 0.0337655 0.107803 -0.962431 -0.249208 -0.00867873 -0.971848 -0.235448 0.0826565 -0.996047 0.0325291 0.0827183 -0.996043 0.032483 -0.98963 -0.0820249 0.117917 -0.989889 -0.0789892 0.117816 -0.989573 -0.0826745 0.117939 -0.989148 -0.0874013 0.118094 -0.98963 -0.0820293 0.117917 -0.989155 -0.0873274 0.118091 -0.98988 -0.0790899 0.11782 -0.989563 -0.0827889 0.117943 -0.990424 -0.0769709 0.114611 -0.990081 -0.0768414 0.117624 -0.990074 -0.0768387 0.117687 -0.990417 -0.0769682 0.114674 0.0533668 0.569404 0.820324 0.139999 -0.461669 0.875935 0.140109 -0.469511 0.871739 0.0545212 0.562104 0.825267 -0.989718 -0.0767077 0.12072 -0.99007 -0.0768376 0.117715 -0.990077 -0.0768403 0.117652 -0.989726 -0.0767104 0.120657 -0.140416 0.498013 -0.855726 -0.058708 -0.53502 -0.842797 -0.0575697 -0.542481 -0.838093 -0.140348 0.490314 -0.860171 </float_array>
          <technique_common>
            <accessor count="88" offset="0" source="#meshId1-tangents-array" stride="3">
              <param name="X" type="float" />
              <param name="Y" type="float" />
              <param name="Z" type="float" />
            </accessor>
          </technique_common>
        </source>
        <source id="meshId1-bitangents" name="meshId1-bitangents">
          <float_array id="meshId1-bitangents-array" count="264"> 0.983471 0.0910589 -0.156503 0.994982 0.0617292 -0.0787414 0.992337 0.0942904 -0.079851 0.98617 0.0576261 -0.155396 0.643244 0.0798135 0.76149 0.643244 0.0798142 0.76149 0.643235 0.0799225 0.761486 0.643235 0.0799204 0.761486 0.957134 0.287599 0.0343628 0.961202 0.274737 0.0247245 0.959061 -0.126279 -0.253488 0.961496 -0.118035 -0.248181 0.452211 0.00762329 -0.891879 0.452211 0.00762646 -0.891879 0.452198 0.0077835 -0.891884 0.452198 0.00778253 -0.891884 0.992015 -0.118766 0.0424302 0.993189 -0.110849 0.0358777 0.918661 0.279126 -0.279554 0.925196 0.266831 -0.26984 -0.199255 0.97274 0.118636 -0.197532 0.973364 0.116375 0.0390597 0.982216 -0.183649 0.0349061 0.983311 -0.178553 0.0237879 0.734622 0.67806 0.0237783 0.734621 0.678061 0.0235202 0.734601 0.678092 0.0235244 0.734601 0.678091 0.0701323 0.993843 0.0857795 0.064918 0.994541 0.0816897 -0.230644 0.961034 -0.152375 -0.228458 0.961831 -0.150627 -0.138798 0.674097 -0.725485 -0.138793 0.674097 -0.725485 -0.138531 0.674118 -0.725517 -0.13854 0.674117 -0.725515 0.874273 0.0874311 0.477495 0.802886 0.0455082 -0.594393 0.774545 0.0419582 -0.631126 0.89559 0.087778 0.436134 0.990076 0.076723 -0.11774 0.990076 0.076723 -0.11774 0.990076 0.0767232 -0.11774 0.990076 0.0767231 -0.11774 0.733989 0.0370658 -0.678149 0.910045 0.0879112 0.405079 0.889887 0.0877004 0.447671 0.764938 0.0407815 -0.642811 -0.114705 -0.0428711 -0.992474 -0.114707 -0.0428411 -0.992475 -0.114805 -0.0416427 -0.992515 -0.114802 -0.0416727 -0.992514 0.114538 0.044835 0.992407 0.114423 0.046245 0.992355 0.11442 0.0462803 0.992354 0.114536 0.0448703 0.992405 0.981714 0.133297 -0.135902 0.994489 0.026773 -0.101366 0.915171 0.0886438 0.393197 0.915183 0.0884961 0.393202 0.985273 0.136892 -0.102459 0.991115 0.022892 -0.131024 0.8006 0.0469287 -0.597358 0.800594 0.0470057 -0.597361 -0.0864528 0.995712 -0.0329307 -0.0834355 0.995957 -0.0332898 -0.0870984 0.995658 -0.0328535 -0.0917963 0.995254 -0.0322933 -0.0864571 0.995711 -0.0329299 -0.0917227 0.995261 -0.0323018 -0.0835357 0.995949 -0.033278 -0.0872121 0.995648 -0.0328401 -0.111585 -0.0425398 -0.992844 -0.114591 -0.0427733 -0.992491 -0.114654 -0.0427781 -0.992484 -0.111648 -0.0425447 -0.992837 -0.130074 0.818459 -0.559648 -0.0129452 0.883718 0.467841 -0.0116996 0.879577 0.475612 -0.129595 0.823489 -0.552332 0.117679 0.0430122 0.99212 0.114681 0.0427797 0.992481 0.114619 0.0427749 0.992488 0.117617 0.0430074 0.992127 -0.00711299 0.863759 0.503855 -0.127753 0.841338 -0.525195 -0.12827 0.836547 -0.532669 -0.00836102 0.868152 0.496228 </float_array>
          <technique_common>
            <accessor count="88" offset="0" source="#meshId1-bitangents-array" stride="3">
              <param name="X" type="float" />
              <param name="Y" type="float" />
              <param name="Z" type="float" />
            </accessor>
          </technique_common>
        </source>
        <source id="meshId1-tex0" name="meshId1-tex0">
          <float_array id="meshId1-tex0-array" count="176"> 0.613431 0.316736 0.613854 0.45202 0.344427 0.452169 0.345363 0.31721 0.631156 0.305977 0.625491 0.310048 0.333395 0.31054 0.327801 0.306451 0.625491 0.310048 0.631156 0.305977 0.63165 0.462719 0.625969 0.458667 0.625969 0.458667 0.63165 0.462719 0.326809 0.462979 0.33243 0.458872 0.327801 0.306451 0.333395 0.31054 0.33243 0.458872 0.326809 0.462979 0.796634 0.601105 0.79193 0.596536 0.791889 0.301717 0.796624 0.297183 0.79193 0.596536 0.796634 0.601105 0.639655 0.60109 0.644391 0.596557 0.644391 0.596557 0.639655 0.60109 0.639663 0.297155 0.644367 0.301725 0.796624 0.297183 0.791889 0.301717 0.644367 0.301725 0.639663 0.297155 0.327801 0.306451 0.326809 0.462979 0.319827 0.471436 0.320489 0.297935 0.885545 0.628396 0.88556 0.754663 0.62679 0.754693 0.626776 0.628425 0.63165 0.462719 0.631156 0.305977 0.63812 0.297156 0.639115 0.471455 0.319827 0.471436 0.326809 0.462979 0.63165 0.462719 0.639115 0.471455 0.631156 0.305977 0.327801 0.306451 0.320489 0.297935 0.63812 0.297156 0.625491 0.310048 0.625969 0.458667 0.625969 0.458667 0.33243 0.458872 0.33243 0.458872 0.333395 0.31054 0.333395 0.31054 0.625491 0.310048 0.79193 0.596536 0.644391 0.596557 0.651514 0.581899 0.784831 0.581662 0.644367 0.301725 0.651462 0.316598 0.791889 0.301717 0.784766 0.316373 0.784831 0.581662 0.651514 0.581899 0.654424 0.579274 0.781733 0.579269 0.651514 0.581899 0.651462 0.316598 0.654556 0.318996 0.654424 0.579274 0.651462 0.316598 0.784766 0.316373 0.781862 0.319004 0.654556 0.318996 0.784766 0.316373 0.784831 0.581662 0.781733 0.579269 0.781862 0.319004 </float_array>
          <technique_common>
            <accessor count="88" offset="0" source="#meshId1-tex0-array" stride="2">
              <param name="S" type="float" />
              <param name="T" type="float" />
            </accessor>
          </technique_common>
        </source>
        <vertices id="meshId1-vertices">
          <input semantic="POSITION" source="#meshId1-positions" />
        </vertices>
        <polylist count="52" material="defaultMaterial">
          <input offset="0" semantic="VERTEX" source="#meshId1-vertices" />
          <input offset="0" semantic="NORMAL" source="#meshId1-normals" />
          <input offset="0" semantic="TANGENT" source="#meshId1-tangents" />
          <input offset="0" semantic="BINORMAL" source="#meshId1-bitangents" />
          <input offset="0" semantic="TEXCOORD" source="#meshId1-tex0" set="0" />
          <vcount>3 3 3 3 3 3 3 3 3 3 3 3 3 3 3 3 3 3 3 3 3 3 3 3 3 3 3 3 3 3 3 3 3 3 3 3 3 3 3 3 3 3 3 3 3 3 3 3 3 3 3 3 </vcount>
          <p>3 0 1 1 2 3 7 4 5 5 6 7 11 8 9 9 10 11 15 12 13 13 14 15 19 16 17 17 18 19 23 20 21 21 22 23 27 24 25 25 26 27 31 28 29 29 30 31 35 32 33 33 34 35 39 36 37 37 38 39 43 40 41 41 42 43 47 44 45 45 46 47 51 48 49 49 50 51 55 52 53 53 54 55 0 56 57 57 1 0 1 58 59 59 2 1 2 60 61 61 3 2 3 62 63 63 0 3 67 64 65 65 66 67 66 65 68 68 69 66 69 68 70 70 71 69 71 70 64 64 67 71 75 72 73 73 74 75 79 76 77 77 78 79 83 80 81 81 82 83 87 84 85 85 86 87 </p>
        </polylist>
      </mesh>
    </geometry>
    <geometry id="meshId2" name="meshId2_name" >
      <mesh>
        <source id="meshId2-positions" name="meshId2-positions">
          <float_array id="meshId2-positions-array" count="306"> 0.291136 -0.0609527 0.552196 0.298487 -0.0403888 0.554598 0.273743 -0.0443825 0.565238 0.272694 -0.0708408 0.558891 0.243331 -0.0489858 0.571515 0.244678 -0.0771896 0.564445 0.273798 -0.0130131 0.566443 0.240915 -0.0154732 0.573073 0.300562 -0.0112092 0.555142 0.244678 -0.0771896 0.564445 0.243331 -0.0489858 0.571515 0.211957 -0.0491774 0.572586 0.215509 -0.0752791 0.565692 0.185102 -0.049188 0.568082 0.194732 -0.0684344 0.56366 0.207411 -0.018165 0.574338 0.178797 -0.0206589 0.569623 0.240915 -0.0154732 0.573073 0.237879 0.0178082 0.569266 0.206883 0.0129873 0.570493 0.180407 0.00834717 0.566144 0.206199 0.0387994 0.561851 0.186816 0.02856 0.560394 0.234681 0.0453212 0.56032 0.293791 0.0171466 0.55266 0.268669 0.0177821 0.563145 0.237879 0.0178082 0.569266 0.263384 0.0432375 0.55505 0.234681 0.0453212 0.56032 0.28322 0.0360415 0.548929 0.289925 0.0448365 0.538218 0.262972 0.0585887 0.541861 0.231775 0.0615295 0.546462 0.259544 0.0573102 0.512199 0.22809 0.0601553 0.51459 0.286752 0.0436532 0.510764 0.231775 0.0615295 0.546462 0.201186 0.0537938 0.549209 0.17654 0.0360373 0.551702 0.197757 0.0525151 0.519547 0.173367 0.0348536 0.524249 0.22809 0.0601553 0.51459 0.271417 -0.0881815 0.517098 0.257244 -0.0651998 0.49326 0.272022 -0.0533907 0.491011 0.296062 -0.0704255 0.514606 0.240828 -0.0959174 0.519846 0.236109 -0.0714341 0.496139 0.274845 -0.0869026 0.546761 0.244512 -0.0945434 0.551718 0.299235 -0.0692417 0.542059 0.209631 -0.0929766 0.524446 0.214189 -0.0685417 0.49838 0.236109 -0.0714341 0.496139 0.240828 -0.0959174 0.519846 0.182678 -0.0792247 0.52809 0.197674 -0.0591606 0.499853 0.213059 -0.0916979 0.554109 0.18585 -0.0780414 0.555544 0.244512 -0.0945434 0.551718 0.168249 -0.0532483 0.557631 0.16482 -0.0545267 0.527968 0.160581 -0.0225266 0.558314 0.156898 -0.0239006 0.526442 0.163175 0.00891612 0.555537 0.159746 0.00763747 0.525875 0.281273 -0.0368302 0.489259 0.309426 -0.0433045 0.510771 0.312855 -0.0420259 0.540433 0.312021 -0.0118616 0.507994 0.315705 -0.0104878 0.539866 0.284067 -0.0148111 0.488155 0.304353 0.0188602 0.508677 0.307782 0.0201386 0.53834 0.277737 0.00648897 0.487801 0.265917 0.0214117 0.488492 0.275654 0.0042682 0.443942 0.26232 0.0212263 0.444752 0.243574 0.0317939 0.446463 0.249411 0.0307956 0.490027 0.22227 0.0343622 0.448815 0.227528 0.0337023 0.492599 0.281544 -0.0164987 0.444156 0.227528 0.0337023 0.492599 0.22227 0.0343622 0.448815 0.201651 0.0285405 0.451449 0.206354 0.0274542 0.495147 0.279096 -0.0379123 0.445362 0.184855 0.0152145 0.453965 0.19157 0.0156418 0.497334 0.17444 -0.00358684 0.455979 0.182326 -0.000915741 0.499148 0.171992 -0.0250007 0.457185 0.17957 -0.0229207 0.500583 0.177882 -0.0457674 0.457399 0.185861 -0.0442349 0.500606 0.191215 -0.0627257 0.456589 0.209961 -0.073293 0.454878 0.231266 -0.0758614 0.452527 0.231266 -0.0758614 0.452527 0.251885 -0.0700396 0.449892 0.268681 -0.0567136 0.447377 </float_array>
          <technique_common>
            <accessor count="102" offset="0" source="#meshId2-positions-array" stride="3">
              <param name="X" type="float" />
              <param name="Y" type="float" />
              <param name="Z" type="float" />
            </accessor>
          </technique_common>
        </source>
        <source id="meshId2-normals" name="meshId2-normals">
          <float_array id="meshId2-normals-array" count="306"> 0.514716 -0.324031 0.79377 0.538968 -0.127654 0.832597 0.298625 -0.119418 0.94687 0.332797 -0.371074 0.86692 0.127257 -0.133676 0.982821 0.138838 -0.402286 0.904925 0.287629 0.0556687 0.956123 0.11471 0.0427832 0.992477 0.540851 0.072358 0.838 0.138838 -0.402286 0.904925 0.127257 -0.133676 0.982821 -0.0478861 -0.146309 0.988079 -0.0610626 -0.401644 0.913758 -0.304117 -0.193085 0.932862 -0.260001 -0.384148 0.885906 -0.0618073 0.0285519 0.99768 -0.335097 0.0043765 0.942173 0.11471 0.0427832 0.992477 0.0985643 0.217898 0.970982 -0.0763395 0.202323 0.976339 -0.336455 0.203183 0.919519 -0.13029 0.446604 0.885194 -0.32361 0.395308 0.859656 0.0669137 0.479024 0.875247 0.50663 0.268607 0.819254 0.270175 0.229211 0.93513 0.0985643 0.217898 0.970982 0.263573 0.47717 0.838355 0.0669137 0.479024 0.875247 0.451106 0.455421 0.767525 0.650426 0.743989 0.153056 0.283318 0.93058 0.231844 -0.0384749 0.953556 0.298748 0.209202 0.868272 -0.449821 -0.119528 0.900959 -0.417116 0.550732 0.685448 -0.476293 -0.0384749 0.953556 0.298748 -0.359646 0.880681 0.30831 -0.702215 0.639024 0.313915 -0.437912 0.818048 -0.372868 -0.744285 0.584954 -0.322285 -0.119528 0.900959 -0.417116 0.349518 -0.851017 -0.391928 0.372465 -0.83461 -0.405828 0.647801 -0.612539 -0.452935 0.657058 -0.617487 -0.432417 0.03025 -0.934257 -0.355315 0.0293198 -0.931885 -0.361568 0.429027 -0.854804 0.291968 0.114844 -0.925073 0.36201 0.761485 -0.616918 0.198879 -0.297596 -0.901239 -0.314969 -0.325368 -0.888772 -0.322832 0.0293198 -0.931885 -0.361568 0.03025 -0.934257 -0.355315 -0.63795 -0.717988 -0.278412 -0.6346 -0.712056 -0.300431 -0.213936 -0.904705 0.36843 -0.591146 -0.721894 0.359743 0.114844 -0.925073 0.36201 -0.826176 -0.379368 0.416549 -0.872044 -0.408328 -0.269828 -0.895416 -0.0582148 0.441407 -0.956665 -0.0874315 -0.277755 -0.878971 0.267525 0.394767 -0.92518 0.242743 -0.291751 0.822874 -0.302827 -0.480807 0.836783 -0.275721 -0.473046 0.94835 -0.241659 0.205509 0.867389 0.0541342 -0.494677 0.971787 0.0866977 0.219347 0.864058 0.0536666 -0.500524 0.78365 0.375361 -0.494972 0.895557 0.405243 0.183728 0.765577 0.399278 -0.504449 0.542505 0.677709 -0.496386 0.89237 0.446416 -0.066242 0.647523 0.759889 -0.0572984 0.301795 0.953166 -0.0198327 0.234579 0.854904 -0.462723 -0.0741495 0.996881 0.027004 -0.120022 0.898055 -0.423193 0.995217 0.0793054 -0.0570365 -0.120022 0.898055 -0.423193 -0.0741495 0.996881 0.027004 -0.439501 0.89564 0.0683284 -0.463255 0.800748 -0.379733 0.953236 -0.299415 -0.041125 -0.750898 0.651359 0.109008 -0.739896 0.578187 -0.34388 -0.940457 0.304173 0.151723 -0.913668 0.268957 -0.30475 -0.981237 -0.0740831 0.178006 -0.954756 -0.0874924 -0.284229 -0.879592 -0.441641 0.176838 -0.85637 -0.433138 -0.281109 -0.636075 -0.755612 0.156391 -0.289006 -0.948401 0.130428 0.0881343 -0.991666 0.0939684 0.0881343 -0.991666 0.0939684 0.452289 -0.890869 0.0422681 0.762347 -0.647092 -0.00991623 </float_array>
          <technique_common>
            <accessor count="102" offset="0" source="#meshId2-normals-array" stride="3">
              <param name="X" type="float" />
              <param name="Y" type="float" />
              <param name="Z" type="float" />
            </accessor>
          </technique_common>
        </source>
        <source id="meshId2-tangents" name="meshId2-tangents">
          <float_array id="meshId2-tangents-array" count="306"> 0.749786 -0.27888 -0.600039 0.824238 -0.123816 -0.55254 0.934352 -0.165559 -0.315557 0.812443 -0.353884 -0.46336 0.982156 -0.121354 -0.143676 0.879158 -0.370556 -0.299616 0.9537 0.0749732 -0.291265 0.982119 0.145245 -0.119774 0.836395 0.0591692 -0.544924 -0.787208 0.509584 0.347314 -0.530801 0.82787 0.18133 -0.430043 0.895858 0.111812 -0.68389 0.683647 0.254797 -0.349602 0.93354 0.0792542 -0.552446 0.81165 0.189813 -0.0831983 0.995964 -0.033657 -0.0903565 0.995231 -0.0367596 -0.0877153 0.995606 -0.0327799 0.320073 0.916943 -0.238262 0.25121 0.951512 -0.177536 0.162203 0.974356 -0.155949 0.540862 0.780277 -0.314062 0.386149 0.884617 -0.261424 0.608593 0.675537 -0.41625 0.789043 0.23851 -0.566148 0.89434 0.299977 -0.331918 0.903898 0.388519 -0.178943 0.740318 0.457113 -0.492927 0.746203 0.558299 -0.362606 0.690335 0.366996 -0.6235 0.238966 -0.00915917 -0.970985 0.369978 0.116978 -0.921647 0.42288 0.286416 -0.859732 -0.136873 -0.429471 -0.892648 -0.0827131 -0.427704 -0.900127 -0.286365 -0.380829 -0.879184 0.842703 0.191629 -0.50312 0.788944 0.463434 -0.40348 0.559761 0.767994 -0.311211 0.89038 0.337287 -0.305714 0.664985 0.693824 -0.276411 0.970731 0.0179041 -0.2395 -0.194947 0.3431 -0.918846 -0.346204 0.280769 -0.89516 -0.430864 0.19573 -0.880935 -0.314252 0.297038 -0.901673 -0.104995 0.350541 -0.930643 -0.303475 0.33635 -0.8915 0.439367 -0.0849342 -0.894283 0.584229 -0.231836 -0.777771 0.269669 0.0225148 -0.96269 -0.940354 0.219752 0.259699 -0.94056 0.269033 0.207286 -0.991066 -0.0741869 0.110839 -0.981867 -0.0943301 0.164438 -0.770046 0.598057 0.222164 -0.770516 0.613058 0.174541 -0.855988 0.355342 0.375521 -0.678768 0.686185 0.26158 -0.915315 0.0430676 0.400429 -0.372361 0.922507 0.101629 -0.449201 0.88663 0.110023 -0.0865429 0.995263 -0.0442969 -0.0746041 0.995615 -0.0564416 0.203547 0.959093 -0.196746 0.306989 0.930634 -0.199194 -0.487665 0.0579451 -0.871106 -0.438056 0.181192 -0.880498 0.213377 0.0065558 -0.976948 -0.495132 -0.00560537 -0.8688 0.221302 -0.0135074 -0.975112 -0.493139 -0.109419 -0.863042 -0.445838 -0.215004 -0.868908 0.211408 -0.0242021 -0.977098 -0.433838 -0.258584 -0.863087 -0.369003 -0.338591 -0.86556 -0.0698796 -0.00833157 -0.997521 -0.0887507 0.000520886 -0.996054 -0.0984512 0.0104671 -0.995087 -0.307211 -0.386413 -0.869659 -0.100631 0.0194607 -0.994733 -0.252302 -0.439871 -0.861891 -0.0551711 -0.025519 -0.998151 0.9884 0.0681351 -0.135731 0.969002 0.078422 -0.234278 0.863898 0.442305 -0.240927 0.883866 0.386217 -0.263852 -0.0582225 -0.048404 -0.997129 0.622757 0.753308 -0.211427 0.664369 0.708326 -0.238511 0.285548 0.949117 -0.132812 0.3234 0.935208 -0.144216 -0.0848997 0.994929 -0.0539264 -0.0726643 0.995407 -0.0623227 -0.442076 0.896124 0.0391265 -0.464661 0.88386 0.0536749 -0.743614 0.654376 0.13722 -0.934254 0.309142 0.177766 -0.976418 -0.0673428 0.205115 -0.0774476 -0.100872 -0.99188 -0.0749171 -0.0851747 -0.993546 -0.0683632 -0.0652838 -0.995522 </float_array>
          <technique_common>
            <accessor count="102" offset="0" source="#meshId2-tangents-array" stride="3">
              <param name="X" type="float" />
              <param name="Y" type="float" />
              <param name="Z" type="float" />
            </accessor>
          </technique_common>
        </source>
        <source id="meshId2-bitangents" name="meshId2-bitangents">
          <float_array id="meshId2-bitangents-array" count="306"> 0.415798 0.904008 0.0994101 0.173623 0.98406 0.0384844 0.194446 0.978943 0.0621383 0.47873 0.858528 0.183705 0.138476 0.983567 0.115848 0.455857 0.83717 0.302226 -0.087898 0.99563 -0.0315268 -0.149277 0.98847 -0.025357 -0.0890134 0.995622 -0.0285181 -0.600855 -0.760585 -0.245933 -0.837888 -0.544758 0.0343963 -0.901537 -0.419563 -0.105818 -0.727025 -0.609352 -0.316426 -0.886167 -0.302028 -0.351408 -0.791962 -0.440063 -0.423251 -0.994614 -0.0850855 -0.0591824 -0.937841 -0.0974496 -0.333104 -0.989519 -0.0832952 0.117959 -0.942252 0.334269 0.0206344 -0.964917 0.231713 -0.123464 -0.927625 0.096679 -0.360784 -0.830959 0.437849 -0.343214 -0.863809 0.247356 -0.438919 -0.790656 0.560522 -0.246328 -0.347472 0.933254 -0.0911059 -0.356596 0.926 -0.123947 -0.416237 0.895306 -0.158664 -0.618433 0.750571 -0.232775 -0.662347 0.677375 -0.320091 -0.565634 0.811114 -0.148839 -0.721 0.668129 -0.183745 -0.884787 0.346897 -0.311152 -0.905368 0.0932565 -0.41426 -0.968246 0.248312 0.0289971 -0.989379 -0.0730898 0.125644 -0.784021 0.620589 -0.0134466 -0.537002 0.232398 -0.810938 -0.498219 0.0981292 -0.86148 -0.439956 -0.0428196 -0.896998 -0.124325 -0.46587 -0.876075 0.0619219 -0.420043 -0.905389 -0.208311 -0.433534 -0.876729 0.916424 0.397559 -0.0459835 0.861053 0.473915 -0.184369 0.62826 0.765824 -0.137127 0.685216 0.728339 0.00112502 0.994013 0.0654583 -0.0874887 0.952388 0.135865 -0.272942 0.789235 0.511953 0.339134 0.803422 0.300819 0.513829 0.589423 0.786705 0.183508 -0.164836 0.373468 -0.912881 -0.0973775 0.371087 -0.923478 -0.130113 0.355088 -0.925734 -0.187144 0.343897 -0.920169 0.00699513 0.35612 -0.934414 0.0598992 0.342251 -0.937697 -0.470655 -0.235034 -0.850437 -0.435683 -0.0895498 -0.895635 -0.386017 -0.37734 -0.841787 -0.422824 -0.0711433 -0.903415 0.194312 0.217152 -0.956602 -0.436738 -0.0778648 -0.896213 0.281472 -0.033274 -0.958992 -0.431253 -0.0925805 -0.897469 0.22316 -0.273854 -0.935523 0.291654 0.951283 -0.0999963 0.328483 0.944006 0.0308371 0.234741 0.970339 0.0577817 -0.0498046 0.998518 0.0219415 -0.0815772 0.996143 -0.0323127 -0.101083 0.992546 -0.0680795 -0.432576 0.901597 -0.00113763 -0.391516 0.913889 -0.107346 -0.475054 0.879609 -0.0247437 -0.754669 0.652738 0.0663895 -0.445861 0.894787 0.0237605 -0.75686 0.650053 0.067778 -0.948276 0.302265 0.0969992 -0.922277 0.346157 0.171991 -0.992157 -0.0764764 0.0988738 -0.960176 0.00332694 0.279375 -0.0806143 0.996524 -0.0210215 -0.0930593 -0.434575 -0.895815 -0.235665 0.00879533 -0.971795 -0.246006 -0.0468589 -0.968135 -0.0646203 -0.457864 -0.886671 0.296565 0.952894 -0.0635731 -0.219832 -0.090875 -0.971296 0.105675 -0.404937 -0.908217 -0.1844 -0.08158 -0.97946 0.246217 -0.230322 -0.941451 -0.173108 -0.0680272 -0.982551 0.288377 -0.0388496 -0.956729 -0.175748 -0.0437603 -0.983462 0.225212 0.176586 -0.958174 -0.206024 -0.0290125 -0.978117 -0.208915 -0.0704773 -0.975391 -0.197078 -0.10983 -0.974216 0.993093 0.080141 -0.0856924 0.888719 0.446203 -0.105265 0.643547 0.759611 -0.0940062 </float_array>
          <technique_common>
            <accessor count="102" offset="0" source="#meshId2-bitangents-array" stride="3">
              <param name="X" type="float" />
              <param name="Y" type="float" />
              <param name="Z" type="float" />
            </accessor>
          </technique_common>
        </source>
        <source id="meshId2-tex0" name="meshId2-tex0">
          <float_array id="meshId2-tex0-array" count="204"> 0.267589 0.793737 0.267554 0.796785 0.263579 0.795654 0.265499 0.791429 0.259028 0.793777 0.262278 0.788316 0.263119 0.800898 0.257579 0.801 0.267614 0.800809 0.742651 0.265477 0.748057 0.262009 0.750155 0.266482 0.746005 0.268558 0.751481 0.27041 0.748447 0.270558 0.75539 0.265849 0.755507 0.270324 0.755254 0.260313 0.762489 0.261723 0.760639 0.266286 0.759535 0.270273 0.764875 0.268183 0.76258 0.270289 0.767969 0.264944 0.267641 0.80483 0.263711 0.806134 0.259224 0.808202 0.265758 0.810298 0.262655 0.813631 0.267771 0.807869 0.27011 0.808426 0.268542 0.812284 0.266327 0.816562 0.273572 0.813245 0.272892 0.817957 0.274295 0.809042 0.770946 0.268506 0.767022 0.270881 0.763276 0.272593 0.768124 0.275947 0.763903 0.276802 0.773019 0.274986 0.273285 0.788225 0.279602 0.788785 0.280283 0.792376 0.274119 0.792449 0.272353 0.783324 0.279132 0.784909 0.26821 0.789297 0.265858 0.785359 0.269897 0.793054 0.74311 0.276387 0.7439 0.282674 0.740034 0.282307 0.738394 0.275738 0.747319 0.27708 0.747485 0.283244 0.744037 0.271353 0.747904 0.2729 0.739745 0.269167 0.751657 0.273464 0.751393 0.27803 0.75558 0.273591 0.755663 0.278576 0.759519 0.273346 0.759889 0.277861 0.2806 0.79615 0.275169 0.796462 0.270607 0.796821 0.275788 0.800703 0.27092 0.800757 0.280628 0.800647 0.275289 0.804981 0.270673 0.804673 0.280697 0.805143 0.280458 0.808912 0.287862 0.804782 0.287668 0.808895 0.287341 0.812799 0.279865 0.812494 0.287039 0.816504 0.279474 0.816357 0.287884 0.800614 0.771475 0.281774 0.77172 0.289418 0.768021 0.28978 0.767602 0.282267 0.287785 0.796438 0.764121 0.290202 0.764015 0.28297 0.76 0.290499 0.760244 0.28331 0.755824 0.290625 0.755748 0.283375 0.751656 0.290626 0.751254 0.283461 0.747544 0.290456 0.743638 0.290151 0.739931 0.289871 0.286778 0.784712 0.287117 0.788413 0.287514 0.792316 </float_array>
          <technique_common>
            <accessor count="102" offset="0" source="#meshId2-tex0-array" stride="2">
              <param name="S" type="float" />
              <param name="T" type="float" />
            </accessor>
          </technique_common>
        </source>
        <vertices id="meshId2-vertices">
          <input semantic="POSITION" source="#meshId2-positions" />
        </vertices>
        <polylist count="160" material="defaultMaterial">
          <input offset="0" semantic="VERTEX" source="#meshId2-vertices" />
          <input offset="0" semantic="NORMAL" source="#meshId2-normals" />
          <input offset="0" semantic="TANGENT" source="#meshId2-tangents" />
          <input offset="0" semantic="BINORMAL" source="#meshId2-bitangents" />
          <input offset="0" semantic="TEXCOORD" source="#meshId2-tex0" set="0" />
          <vcount>3 3 3 3 3 3 3 3 3 3 3 3 3 3 3 3 3 3 3 3 3 3 3 3 3 3 3 3 3 3 3 3 3 3 3 3 3 3 3 3 3 3 3 3 3 3 3 3 3 3 3 3 3 3 3 3 3 3 3 3 3 3 3 3 3 3 3 3 3 3 3 3 3 3 3 3 3 3 3 3 3 3 3 3 3 3 3 3 3 3 3 3 3 3 3 3 3 3 3 3 3 3 3 3 3 3 3 3 3 3 3 3 3 3 3 3 3 3 3 3 3 3 3 3 3 3 3 3 3 3 3 3 3 3 3 3 3 3 3 3 3 3 3 3 3 3 3 3 3 3 3 3 3 3 3 3 3 3 3 3 </vcount>
          <p>3 0 1 1 2 3 5 3 2 2 4 5 4 2 6 6 7 4 2 1 8 8 6 2 12 9 10 10 11 12 14 12 11 11 13 14 13 11 15 15 16 13 11 10 17 17 15 11 15 17 18 18 19 15 16 15 19 19 20 16 20 19 21 21 22 20 19 18 23 23 21 19 6 8 24 24 25 6 7 6 25 25 26 7 26 25 27 27 28 26 25 24 29 29 27 25 27 29 30 30 31 27 28 27 31 31 32 28 32 31 33 33 34 32 31 30 35 35 33 31 21 23 36 36 37 21 22 21 37 37 38 22 38 37 39 39 40 38 37 36 41 41 39 37 45 42 43 43 44 45 42 46 47 47 43 42 46 42 48 48 49 46 42 45 50 50 48 42 54 51 52 52 53 54 51 55 56 56 52 51 55 51 57 57 58 55 51 54 59 59 57 51 58 57 12 12 14 58 57 59 9 9 12 57 49 48 3 3 5 49 48 50 0 0 3 48 58 14 13 13 60 58 58 60 61 61 55 58 60 62 63 63 61 60 60 13 16 16 62 60 63 62 64 64 65 63 40 65 64 64 38 40 62 16 20 20 64 62 64 20 22 22 38 64 67 45 44 44 66 67 45 67 68 68 50 45 67 69 70 70 68 67 69 67 66 66 71 69 0 50 68 68 1 0 1 68 70 70 8 1 70 69 72 72 73 70 8 70 73 73 24 8 24 73 30 30 29 24 30 73 72 72 35 30 72 69 71 71 74 72 35 72 74 74 75 35 75 74 76 76 77 75 79 75 77 77 78 79 81 79 78 78 80 81 74 71 82 82 76 74 86 83 84 84 85 86 71 66 87 87 82 71 89 86 85 85 88 89 91 89 88 88 90 91 93 91 90 90 92 93 95 93 92 92 94 95 56 95 94 94 96 56 52 56 96 96 97 52 53 52 97 97 98 53 43 47 99 99 100 43 66 44 101 101 87 66 44 43 100 100 101 44 79 33 35 35 75 79 81 34 33 33 79 81 86 39 41 41 83 86 89 40 39 39 86 89 91 65 40 40 89 91 93 63 65 65 91 93 95 61 63 63 93 95 56 55 61 61 95 56 </p>
        </polylist>
      </mesh>
    </geometry>
    <geometry id="meshId3" name="meshId3_name" >
      <mesh>
        <source id="meshId3-positions" name="meshId3-positions">
          <float_array id="meshId3-positions-array" count="924"> -0.973583 0.88917 -0.562062 0.837933 0.88917 -0.562062 0.837933 -0.922346 -0.562061 -0.973584 -0.922346 -0.562061 0.804802 -0.801579 0.22368 0.804802 -0.801578 -0.505937 0.804802 0.768403 -0.505937 0.804802 0.768403 0.22368 -0.940453 -0.801578 0.22368 -0.940453 0.768403 0.22368 -0.940453 0.768403 -0.505937 -0.940453 -0.801578 -0.505937 -0.968821 0.983904 0.254594 -0.997681 0.968114 0.283212 0.862031 0.968114 0.283212 0.83317 0.983904 0.254594 -0.997681 0.968114 0.283212 -1 0.9373 0.292081 0.864349 0.9373 0.292081 0.862031 0.968114 0.283212 0.832248 0.983904 -0.536048 -0.968821 0.983904 -0.536851 -0.973583 0.88917 0.279805 0.837933 0.88917 0.279805 0.864349 0.9373 0.292081 -1 0.9373 0.292081 0.837933 0.88917 0.279805 0.837933 0.88917 -0.562062 0.863933 0.936542 -0.574145 0.864349 0.9373 0.292081 0.837933 0.88917 -0.562062 -0.973583 0.88917 -0.562062 -1 0.9373 -0.574338 0.863933 0.936542 -0.574145 -0.973583 0.88917 -0.562062 -0.973583 0.88917 0.279805 -1 0.9373 0.292081 -1 0.9373 -0.574338 0.862031 0.968114 0.283212 0.861577 0.967857 -0.565131 0.862031 0.968114 0.283212 0.864349 0.9373 0.292081 0.863933 0.936542 -0.574145 0.861577 0.967857 -0.565131 0.861577 0.967857 -0.565131 -0.997681 0.968114 -0.565469 0.861577 0.967857 -0.565131 0.863933 0.936542 -0.574145 -1 0.9373 -0.574338 -0.997681 0.968114 -0.565469 -1 0.9373 0.292081 -0.997681 0.968114 0.283212 -0.997681 0.968114 -0.565469 -1 0.9373 -0.574338 -0.997681 0.968114 0.283212 -0.997681 0.968114 -0.565469 -0.910939 -0.872485 -0.525798 -0.922508 -0.888944 -0.537367 0.786857 -0.888944 -0.537367 0.775288 -0.872485 -0.525798 0.775288 -0.872485 -0.525798 0.786857 -0.888944 -0.537367 0.786857 -0.888944 0.25511 0.775288 -0.872486 0.243541 0.775288 -0.872486 0.243541 -0.910939 -0.872486 0.243541 0.786857 -0.888944 0.25511 -0.922508 -0.888944 0.25511 -0.922508 -0.888944 -0.537367 -0.910939 -0.872485 -0.525798 -0.910939 -0.872486 0.243541 -0.922508 -0.888944 0.25511 0.837933 -0.922346 0.279805 0.837933 -0.922346 -0.562061 0.837933 -0.814829 -0.519188 0.837933 -0.814829 0.236931 0.837933 0.88917 -0.562062 0.837933 0.781654 -0.519188 0.837933 0.88917 0.279805 0.837933 0.781654 0.236931 -0.973584 -0.922346 -0.562061 -0.973584 -0.922346 0.279805 -0.973583 -0.814829 0.236931 -0.973583 -0.814829 -0.519188 -0.973583 0.88917 0.279805 -0.973583 0.781654 0.236931 -0.973583 0.88917 -0.562062 -0.973583 0.781654 -0.519188 0.824682 -0.801578 0.22368 0.824682 -0.801578 -0.505937 0.804802 -0.801578 -0.505937 0.804802 -0.801579 0.22368 0.824682 -0.801578 -0.505937 0.824682 0.768403 -0.505937 0.804802 0.768403 -0.505937 0.804802 -0.801578 -0.505937 0.824682 0.768403 -0.505937 0.824682 0.768403 0.22368 0.804802 0.768403 0.22368 0.804802 0.768403 -0.505937 0.824682 0.768403 0.22368 0.824682 -0.801578 0.22368 0.804802 -0.801579 0.22368 0.804802 0.768403 0.22368 -0.960333 -0.801578 0.22368 -0.960333 0.768403 0.22368 -0.940453 0.768403 0.22368 -0.940453 -0.801578 0.22368 -0.960333 0.768403 0.22368 -0.960333 0.768403 -0.505937 -0.940453 0.768403 -0.505937 -0.940453 0.768403 0.22368 -0.960333 0.768403 -0.505937 -0.960333 -0.801578 -0.505937 -0.940453 -0.801578 -0.505937 -0.940453 0.768403 -0.505937 -0.960333 -0.801578 -0.505937 -0.960333 -0.801578 0.22368 -0.940453 -0.801578 0.22368 -0.940453 -0.801578 -0.505937 0.834052 -0.805459 -0.509818 0.834052 -0.805459 0.227562 0.834052 -0.805459 -0.509818 0.834052 -0.805459 0.227562 0.834052 0.772284 0.227562 0.834052 -0.805459 0.227562 0.824682 -0.801578 0.22368 0.824682 0.768403 0.22368 0.834052 0.772284 0.227562 0.824682 -0.801578 -0.505937 0.834052 -0.805459 -0.509818 0.834052 0.772284 -0.509818 0.824682 0.768403 -0.505937 0.834052 0.772284 -0.509818 0.834052 0.772284 -0.509818 0.834052 0.772284 0.227562 -0.969703 -0.805459 -0.509818 -0.969703 0.772284 -0.509818 -0.969703 -0.805459 -0.509818 -0.960333 -0.801578 -0.505937 -0.960333 0.768403 -0.505937 -0.969703 0.772284 -0.509818 -0.969703 -0.805459 -0.509818 -0.969703 -0.805459 0.227562 -0.969703 -0.805459 0.227562 -0.960333 -0.801578 0.22368 -0.969703 -0.805459 0.227562 -0.969703 0.772284 0.227562 -0.960333 0.768403 0.22368 -0.969703 0.772284 0.227562 -0.969703 0.772284 0.227562 -0.969703 0.772284 -0.509818 -0.973584 -0.922346 0.279805 0.837933 -0.922346 0.279805 0.790202 -0.874614 0.279805 -0.925852 -0.874614 0.279805 0.837933 0.88917 0.279805 0.790202 0.841439 0.279805 -0.973583 0.88917 0.279805 -0.925852 0.841439 0.279805 -0.925852 -0.874614 0.279805 -0.890681 -0.839442 0.265236 -0.879821 -0.805952 0.260738 -0.879821 0.795408 0.260738 -0.925852 0.841439 0.279805 0.744171 0.795408 0.260738 0.790202 0.841439 0.279805 -0.925852 0.841439 0.279805 -0.879821 0.795408 0.260738 -0.85719 -0.828583 0.260738 -0.925852 -0.874614 0.279805 0.790202 -0.874614 0.279805 0.75503 -0.839442 0.265236 0.72154 -0.828583 0.260738 0.744171 -0.805952 0.260738 0.790202 -0.874614 0.279805 0.790202 0.841439 0.279805 0.744171 0.795408 0.260738 0.702473 0.776341 0.214707 0.744171 0.795408 0.260738 -0.879821 0.795408 0.260738 -0.838124 0.776341 0.214707 -0.838124 -0.786885 -0.371236 -0.838124 -0.802888 -0.364608 0.702473 -0.802888 -0.364608 0.702473 -0.786885 -0.371236 -0.838124 -0.802888 -0.364608 -0.838124 -0.809516 -0.348605 0.702473 -0.809516 -0.348605 0.702473 -0.802888 -0.364608 -0.860755 -0.786885 -0.348605 -0.854126 -0.786885 -0.364608 -0.854126 0.75371 -0.364608 -0.860755 0.75371 -0.348605 -0.854126 -0.786885 -0.364608 -0.838124 -0.786885 -0.371236 -0.838124 0.75371 -0.371236 -0.854126 0.75371 -0.364608 -0.854126 0.769712 -0.348605 -0.854126 0.769712 0.214707 -0.860755 0.75371 0.214707 -0.854126 0.769712 -0.348605 -0.838124 0.776341 -0.348605 -0.854126 0.769712 0.214707 -0.838124 0.769712 -0.364608 0.702473 0.769712 -0.364608 0.702473 0.776341 -0.348605 -0.838124 0.769712 -0.364608 -0.838124 0.75371 -0.371236 0.702473 0.75371 -0.371236 0.702473 0.769712 -0.364608 0.702473 -0.786885 -0.371236 0.718476 -0.786885 -0.364608 0.718476 0.75371 -0.364608 0.702473 0.75371 -0.371236 0.718476 -0.786885 -0.364608 0.725104 -0.786885 -0.348605 0.725104 0.75371 -0.348605 0.718476 0.75371 -0.364608 0.718476 0.769712 -0.348605 0.718476 0.769712 0.214707 0.718476 0.769712 -0.348605 0.725104 0.75371 0.214707 0.718476 0.769712 0.214707 -0.879821 -0.805952 0.260738 -0.873193 -0.821954 0.260738 -0.854126 -0.802888 0.214707 -0.860755 -0.786885 0.214707 -0.873193 -0.821954 0.260738 -0.85719 -0.828583 0.260738 -0.838124 -0.809516 0.214707 -0.854126 -0.802888 0.214707 0.72154 -0.828583 0.260738 0.737542 -0.821954 0.260738 0.718476 -0.802888 0.214707 0.702473 -0.809516 0.214707 0.737542 -0.821954 0.260738 0.744171 -0.805952 0.260738 0.725104 -0.786885 0.214707 0.718476 -0.802888 0.214707 -0.838124 0.75371 -0.371236 -0.838124 -0.786885 -0.371236 0.702473 -0.786885 -0.371236 0.702473 0.75371 -0.371236 -0.879821 0.795408 0.260738 0.744171 0.795408 0.260738 -0.873193 -0.821954 0.260738 0.737542 -0.821954 0.260738 -0.854126 -0.802888 -0.348605 -0.854126 -0.802888 -0.348605 0.718476 -0.802888 -0.348605 0.718476 -0.802888 -0.348605 -0.851185 -0.799947 -0.361667 -0.851185 -0.799947 -0.361667 -0.838124 -0.802888 -0.364608 -0.838124 -0.786885 -0.371236 -0.854126 -0.786885 -0.364608 -0.851185 -0.799947 -0.361667 -0.851185 0.766771 -0.361667 -0.851185 0.766771 -0.361667 -0.854126 0.75371 -0.364608 -0.838124 0.75371 -0.371236 -0.838124 0.769712 -0.364608 -0.851185 0.766771 -0.361667 0.715534 -0.799947 -0.361667 0.715534 -0.799947 -0.361667 0.718476 -0.786885 -0.364608 0.702473 -0.786885 -0.371236 0.702473 -0.802888 -0.364608 0.715534 -0.799947 -0.361667 0.715534 0.766771 -0.361667 0.715534 0.766771 -0.361667 0.702473 0.769712 -0.364608 0.702473 0.75371 -0.371236 0.718476 0.75371 -0.364608 0.715534 0.766771 -0.361667 -0.973584 -0.922346 -0.562061 0.837933 -0.922346 -0.562061 0.795336 -0.922346 -0.545846 -0.930986 -0.922346 -0.545846 0.837933 -0.922346 0.279805 0.795336 -0.922346 0.263589 -0.973584 -0.922346 0.279805 -0.930986 -0.922346 0.263589 -0.926122 -0.920421 -0.540982 -0.926122 -0.920421 0.258725 -0.926122 -0.920421 0.258725 -0.926122 -0.920421 -0.540982 -0.922508 -0.888944 -0.537367 -0.922508 -0.888944 0.25511 -0.926122 -0.920421 -0.540982 0.790472 -0.920421 -0.540982 0.786857 -0.888944 -0.537367 -0.922508 -0.888944 -0.537367 -0.926122 -0.920421 -0.540982 0.790472 -0.920421 -0.540982 0.790472 -0.920421 -0.540982 0.790472 -0.920421 0.258725 0.786857 -0.888944 0.25511 0.786857 -0.888944 -0.537367 0.790472 -0.920421 -0.540982 0.790472 -0.920421 0.258725 0.790472 -0.920421 0.258725 -0.926122 -0.920421 0.258725 -0.922508 -0.888944 0.25511 0.786857 -0.888944 0.25511 0.790472 -0.920421 0.258725 -0.926122 -0.920421 0.258725 </float_array>
          <technique_common>
            <accessor count="308" offset="0" source="#meshId3-positions-array" stride="3">
              <param name="X" type="float" />
              <param name="Y" type="float" />
              <param name="Z" type="float" />
            </accessor>
          </technique_common>
        </source>
        <source id="meshId3-normals" name="meshId3-normals">
          <float_array id="meshId3-normals-array" count="924"> 0 -1.58946e-07 -1 0 -1.58946e-07 -1 0 -1.58946e-07 -1 0 -1.58946e-07 -1 1 1.83494e-07 0 1 1.83494e-07 0 1 1.83494e-07 0 1 1.83494e-07 0 -1 0 0 -1 0 0 -1 0 0 -1 0 0 -0.0122665 0.999547 0.0274748 0 0.875561 0.483107 0 0.875561 0.483107 0.0123696 0.999546 0.0274749 0 0.276608 0.960983 0 0.276608 0.960983 0 0.276608 0.960983 0 0.276608 0.960983 0.0123459 0.999541 -0.0276558 -0.0122527 0.999542 -0.0276889 0 -0.247157 0.968975 0 -0.247157 0.968975 0 -0.247157 0.968975 0 -0.247157 0.968975 0.981075 -0.19363 -8.69844e-07 0.981075 -0.19363 5.69037e-07 0.876637 -0.481153 -3.7374e-07 0.876637 -0.481153 -3.7374e-07 1.91984e-08 -0.247156 -0.968976 1.91984e-08 -0.247156 -0.968976 1.91984e-08 -0.247156 -0.968976 1.91984e-08 -0.247156 -0.968976 -0.980884 -0.194591 7.17225e-07 -0.980884 -0.194591 -7.17225e-07 -0.876632 -0.481161 0 -0.876632 -0.481161 0 0.47998 0.877279 -0.000540389 0.47998 0.877279 -0.000540389 0.99718 0.075049 -0.000550247 0.99718 0.0750491 -0.000550247 0.99718 0.0750491 -0.000550247 0.99718 0.0750491 -0.000550247 0.000211937 0.87556 -0.48311 0.000211937 0.87556 -0.48311 0.000212441 0.276608 -0.960983 0.000212441 0.276608 -0.960983 0.000212441 0.276608 -0.960983 0.000212441 0.276608 -0.960983 -0.997182 0.0750141 0 -0.997182 0.0750141 0 -0.997182 0.0750141 0 -0.997182 0.0750141 0 -0.479972 0.877284 0 -0.479972 0.877284 0 -1.05061e-07 -0.999605 0.0281172 1.0743e-07 -0.575068 0.818106 1.0743e-07 -0.575068 0.818106 -1.05061e-07 -0.999605 0.0281175 -0.818095 -0.575083 -3.87351e-07 -0.818095 -0.575083 -3.87351e-07 -0.818095 -0.575083 -3.87351e-07 -0.818095 -0.575083 -3.87351e-07 -1.11835e-07 -0.999605 -0.0281183 -1.11834e-07 -0.999605 -0.0281179 -8.96409e-08 -0.575071 -0.818103 -8.96409e-08 -0.575071 -0.818103 0.818089 -0.575091 -8.3001e-08 0.818089 -0.575091 -8.3001e-08 0.818089 -0.575091 -8.3001e-08 0.818089 -0.575091 -8.3001e-08 1 7.38953e-06 -1.14507e-06 1 7.47068e-06 1.14507e-06 0.999895 0.00617444 0.0131162 0.999895 0.00617401 -0.0131168 0.981075 -0.19363 5.69037e-07 0.999895 -0.00616879 0.0131172 0.981075 -0.19363 -8.69844e-07 0.999895 -0.006169 -0.0131172 -1 8.45588e-07 1.14507e-06 -1 8.45588e-07 -1.14507e-06 -0.999895 0.00617147 -0.0131168 -0.999895 0.00617146 0.0131168 -0.980884 -0.194591 -7.17225e-07 -0.999895 -0.00617015 -0.0131172 -0.980884 -0.194591 7.17225e-07 -0.999895 -0.00617014 0.0131172 0.15096 0.98854 5.52544e-07 0.15096 0.98854 5.52544e-07 -9.41434e-06 1 7.19206e-07 -9.41434e-06 1 7.19206e-07 -3.12719e-06 0 1 -3.12719e-06 0 1 -3.12719e-06 0 1 -3.12719e-06 0 1 0.150975 -0.988538 0 0.150975 -0.988538 0 -1.73804e-05 -1 0 -1.73804e-05 -1 0 4.71541e-08 9.16994e-09 -1 4.71541e-08 9.16994e-09 -1 4.7154e-08 9.16994e-09 -1 4.71541e-08 9.16994e-09 -1 0 0 -1 0 0 -1 0 0 -1 0 0 -1 -0.150992 -0.988535 0 -0.150991 -0.988535 0 0 -1 0 0 -1 0 0 0 1 0 0 1 0 0 1 0 0 1 -0.150973 0.988538 0 -0.150973 0.988538 0 0 1 0 0 1 0 0.954822 0.126512 0.268903 0.954822 0.126515 -0.268902 0.382651 0.923893 2.62924e-07 0.382651 0.923893 2.62924e-07 0.954823 -0.1265 -0.268908 0.382662 0 -0.923888 0.382662 0 -0.923888 0.382662 0 -0.923888 0.382662 0 -0.923888 0.382653 0 0.923892 0.382653 0 0.923892 0.382653 0 0.923892 0.382653 0 0.923892 0.954823 -0.1265 0.268906 0.382682 -0.92388 0 0.382682 -0.92388 0 -0.954819 0.126535 0.268905 -0.954818 -0.126539 0.268906 -0.382662 0 0.923888 -0.382662 0 0.923888 -0.382662 0 0.923888 -0.382662 0 0.923888 -0.382669 0.923885 0 -0.382669 0.923885 0 -0.954819 0.126535 -0.268905 -0.382662 0 -0.923888 -0.382662 0 -0.923888 -0.382662 0 -0.923888 -0.382662 0 -0.923888 -0.954818 -0.126539 -0.268906 -0.382703 -0.923871 0 -0.382703 -0.923871 0 -1.40432e-06 -3.057e-06 1 1.44563e-06 -3.057e-06 1 1.44564e-06 -3.05697e-06 1 -1.40434e-06 -3.05698e-06 1 1.44563e-06 -4.08108e-08 1 1.44564e-06 -4.08112e-08 1 -1.40432e-06 -4.08114e-08 1 -1.40434e-06 -4.08119e-08 1 0.382683 0 0.92388 0.198884 0.198566 0.959696 0.382562 4.57709e-05 0.92393 0.382683 0 0.92388 0.382683 0 0.92388 0 -0.382688 0.923878 0 -0.382688 0.923878 0 -0.382688 0.923878 0 -0.382688 0.923878 4.58429e-05 0.382563 0.92393 -2.62033e-09 0.382684 0.923879 -2.62033e-09 0.382684 0.923879 -0.198884 0.198566 0.959696 -4.58488e-05 0.382563 0.92393 -0.382563 4.57708e-05 0.92393 -0.382683 0 0.92388 -0.382683 0 0.92388 -0.382683 0 0.92388 -0.00390321 -0.999002 0.0444987 -0.000579093 -0.923688 0.383144 0.000579093 -0.923688 0.383144 0.00390321 -0.999002 0.0444987 0 0.382686 0.923879 0 0.382686 0.923879 0 0.382686 0.923879 0 0.382686 0.923879 0.00263644 0.923997 0.382392 0.00421769 0.999926 0.0114014 -0.00421769 0.999926 0.0114014 -0.00263644 0.923997 0.382392 0.999926 0.00421764 0.0114012 0.923999 0.00263655 0.382387 0.923999 -0.0026365 0.382387 0.999926 -0.00421764 0.0114012 0.382684 0 0.923879 0.382684 0 0.923879 0.382684 0 0.923879 0.382684 0 0.923879 0.924181 -0.381887 0.00711565 0.92338 -0.382485 0.0327789 0.999014 -0.00390626 0.0442147 0.381876 -0.924186 0.00711558 0.00421762 -0.999926 0.0114012 0.382475 -0.923384 0.0327791 0.00263639 -0.923998 0.382388 -0.00263639 -0.923998 0.382388 -0.00421762 -0.999926 0.0114012 0 -0.382693 0.923876 0 -0.382693 0.923876 0 -0.382693 0.923876 0 -0.382693 0.923876 -0.382684 0 0.923879 -0.382684 0 0.923879 -0.382684 0 0.923879 -0.382684 0 0.923879 -0.923999 0.00263672 0.382387 -0.999926 0.00421765 0.0114012 -0.999926 -0.00421764 0.0114012 -0.923999 -0.00263662 0.382387 -0.381876 -0.924186 0.00711562 -0.382475 -0.923384 0.0327791 -0.924181 -0.381888 0.00711566 -0.999014 -0.00390626 0.0442147 -0.92338 -0.382485 0.032779 0.923039 0.00562064 0.384664 0.81252 0.336555 0.475964 0.922924 0.382288 0.0454761 0.999248 0.00413619 0.0385593 0.336562 0.812515 0.475968 0.00566088 0.923033 0.384678 0.00413904 0.999257 0.0383102 0.38229 0.922923 0.0454759 -0.00566089 0.923033 0.384678 -0.336562 0.812514 0.475969 -0.38229 0.922923 0.0454759 -0.00413904 0.999257 0.0383102 -0.81252 0.336555 0.475964 -0.923039 0.00562064 0.384664 -0.999248 0.00413619 0.0385593 -0.922924 0.382288 0.0454761 0 0 1 0 0 1 0 0 1 0 0 1 0.923692 -0.000583248 0.383135 -0.923692 -0.000583247 0.383135 0.126531 0.126528 0.98386 -0.126531 0.126536 0.983859 0.381882 0.924184 0.00711561 0.924184 0.38188 0.00711561 -0.924184 0.381881 0.00711559 -0.381882 0.924184 0.00711562 0.887915 0.325282 0.325265 0.325265 0.887922 0.325265 0.325268 0.325267 0.88792 0.325268 0.325267 0.88792 0.325268 0.325267 0.88792 0.325268 0.325267 0.88792 0.325259 -0.887924 0.325264 0.887916 -0.325282 0.325265 0.325267 -0.325274 0.887918 0.325267 -0.325274 0.887918 0.325267 -0.325274 0.887918 0.325267 -0.325274 0.887918 -0.325273 0.887916 0.325274 -0.887909 0.325302 0.325263 -0.325268 0.32526 0.887923 -0.325268 0.32526 0.887923 -0.325268 0.32526 0.887923 -0.325268 0.32526 0.887923 -0.887912 -0.325295 0.325263 -0.325268 -0.887917 0.325275 -0.32527 -0.325269 0.887919 -0.32527 -0.325269 0.887919 -0.32527 -0.325269 0.887919 -0.32527 -0.325269 0.887919 0 -1 1.91321e-07 0 -1 1.91319e-07 -0.0080633 -0.999819 0.0172552 0.00806332 -0.999819 0.0172554 0 -1 -1.9132e-07 -0.00806322 -0.999819 -0.0172552 0 -1 -1.91322e-07 0.00806336 -0.999819 -0.0172552 0.368 -0.929826 0 0.368 -0.929826 0 0.993476 -0.114045 -8.61643e-09 0.993476 -0.114045 -8.61643e-09 0.993476 -0.114045 -8.61643e-09 0.993476 -0.114045 -8.61643e-09 6.40699e-08 -0.114078 0.993472 6.40699e-08 -0.114078 0.993472 6.40699e-08 -0.114078 0.993472 6.40699e-08 -0.114078 0.993472 -1.20661e-08 -0.929826 0.368001 -1.20661e-08 -0.929825 0.368001 -0.993471 -0.114087 -1.72326e-08 -0.993471 -0.114087 -1.72326e-08 -0.993471 -0.114087 -1.72326e-08 -0.993471 -0.114087 -1.72326e-08 -0.368036 -0.929812 0 -0.368036 -0.929812 0 0 -0.114082 -0.993471 0 -0.114082 -0.993471 0 -0.114082 -0.993471 0 -0.114082 -0.993471 6.03303e-09 -0.929826 -0.368001 6.03303e-09 -0.929825 -0.368001 </float_array>
          <technique_common>
            <accessor count="308" offset="0" source="#meshId3-normals-array" stride="3">
              <param name="X" type="float" />
              <param name="Y" type="float" />
              <param name="Z" type="float" />
            </accessor>
          </technique_common>
        </source>
        <source id="meshId3-tangents" name="meshId3-tangents">
          <float_array id="meshId3-tangents-array" count="924"> -0.00298409 0.999996 -1.58945e-07 -0.00119851 0.999999 -1.58946e-07 0.000587075 1 -1.58946e-07 -0.00119851 0.999999 -1.58946e-07 1.83494e-07 -1 0.000466934 1.83494e-07 -1 0.000509159 1.83494e-07 -1 0.000619398 1.83494e-07 -1 0.000577172 0 1 -0.00012971 0 1 -0.000139964 0 1 -0.000143892 0 1 -0.000133637 0.999386 0.0113531 0.0331589 0.999998 0.000856581 -0.00155243 0.999998 0.000885885 -0.00160554 0.999032 -0.0111938 -0.0425459 0.999998 0.00203906 -0.000586922 0.999998 0.00203444 -0.000585591 0.999999 0.00163678 -0.000471128 0.999999 0.00164099 -0.000472342 0.999392 -0.0114328 0.0329355 0.999034 0.0110682 -0.0425359 1 0.000341444 8.70922e-05 0.999998 0.00182259 0.000464888 0.999998 0.00184228 0.00046991 1 0.00037892 9.66512e-05 -0.148564 -0.752735 -0.641341 -0.14509 -0.735135 0.662213 -0.357043 -0.650515 0.670336 -0.390272 -0.711056 -0.584882 1 -9.69213e-05 2.47414e-05 0.999999 -0.00162982 0.000415737 0.999998 -0.00164988 0.000420853 1 -0.000135683 3.46285e-05 -0.149204 0.752099 -0.641938 -0.146074 0.736318 0.66068 -0.357654 0.651614 0.668942 -0.390228 0.71096 -0.585028 0.872823 -0.477603 -0.100376 0.873333 -0.477762 0.0950399 0.0650548 -0.867994 -0.492294 0.0659536 -0.87978 -0.470783 0.0657595 -0.870169 0.488346 0.0663578 -0.878226 0.473619 0.999999 -0.000925027 -0.00123777 0.999999 -0.000957285 -0.00129624 0.999998 -0.00200529 -0.000356135 0.999998 -0.00199962 -0.000354504 0.999999 -0.00151242 -0.000214268 0.999999 -0.00151767 -0.00021578 0.0655903 0.871909 0.485255 0.0661914 0.879901 0.470525 0.0652482 0.867362 -0.493382 0.066122 0.878978 -0.472256 0.87324 0.47776 0.0959068 0.872814 0.477527 -0.10081 0.254958 -0.027188 -0.96657 0.259362 -0.790111 -0.555389 -0.269305 -0.787881 -0.553822 -0.257874 -0.0271663 -0.965797 0.000253923 -0.000360549 -1 0.000250229 -0.000355295 -1 0.000103512 -0.00014658 -1 0.000105363 -0.000149213 -1 0.256646 0.0271765 -0.966123 -0.259174 0.0271571 -0.965449 0.260532 0.78985 -0.555211 -0.27044 0.787618 -0.553642 -0.00103446 -0.00147142 -0.999998 -0.00103201 -0.00146794 -0.999998 -0.000835575 -0.00118849 -0.999999 -0.000840459 -0.00119544 -0.999999 7.4017e-06 -0.999939 0.0110239 7.48218e-06 -0.999946 -0.0104001 0.00622743 -0.999973 -0.00400244 0.00620232 -0.999978 0.00211925 -0.193618 -0.981012 0.0113081 -0.0061944 -0.999979 0.00191319 -0.193619 -0.98102 -0.0105149 -0.00622156 -0.999973 -0.00397018 8.57538e-07 0.999945 0.0104766 8.58248e-07 0.999938 -0.0111023 0.00623429 0.999969 -0.00475381 0.00619162 0.99998 0.00149641 -0.19458 0.980829 0.0106084 -0.00619036 0.99998 0.00150077 -0.194579 0.980822 -0.0113128 -0.00623284 0.999969 -0.00474455 0.856229 -0.130754 -0.499776 0.865468 -0.132166 0.483215 0.807172 7.17444e-06 0.590316 0.813732 8.07879e-06 -0.58124 -0.000174163 -1 -5.44641e-10 -0.00079889 -1 -2.49828e-09 -0.000803966 -1 -2.51415e-09 -0.000179238 -1 -5.60512e-10 -0.856667 -0.130835 -0.499003 -0.865235 -0.132143 0.483639 -0.807003 1.4026e-05 0.590547 -0.813646 1.41415e-05 -0.58136 -3.05018e-05 -1 -9.17138e-09 0.000601161 -1 -9.14159e-09 0.000606294 -1 -9.14135e-09 -2.53665e-05 -1 -9.17114e-09 0.000852174 1 0 0.000173903 1 0 0.00016839 1 0 0.000846662 1 0 -0.856058 0.130757 -0.500067 -0.865574 0.13221 0.483013 -0.807213 0 0.590261 -0.813681 0 -0.581312 -0.000872648 1 0 -0.00019234 1 0 -0.000186812 1 0 -0.00086712 1 0 0.856093 0.130746 -0.50001 0.865523 0.132186 0.483111 0.807179 0 0.590307 0.81371 0 -0.581272 0.13433 -0.990878 -0.0107994 0.133905 -0.990951 0.00924255 0.848753 -0.35153 0.395024 0.848125 -0.35127 -0.396602 -0.134273 -0.990887 -0.010635 -3.65897e-05 -1 -1.5155e-05 -3.6548e-05 -1 -1.51377e-05 -2.40643e-05 -1 -9.96712e-06 -2.41315e-05 -1 -9.99492e-06 -0.000137457 -1 5.69314e-05 -0.000137455 -1 5.69305e-05 -0.000137034 -1 5.67563e-05 -0.000137036 -1 5.67569e-05 -0.133584 -0.991004 0.00813257 -0.848732 -0.351555 -0.395048 -0.848517 -0.351466 0.39559 0.133732 0.990981 0.00853993 -0.13455 0.99084 -0.011495 -0.000706216 1 -0.000292505 -0.000706158 1 -0.000292481 -0.000688738 1 -0.000285266 -0.000688831 1 -0.000285305 0.847954 0.351219 -0.397014 0.848821 0.351578 0.394837 0.134566 0.990837 -0.0115673 0.000672515 1 -0.000278547 0.000672605 1 -0.000278584 0.000689233 1 -0.000285471 0.000689178 1 -0.000285448 -0.133739 0.99098 0.00855094 -0.847913 0.351238 -0.397083 -0.848864 0.351632 0.394695 -0.00070946 -1 -3.058e-06 0.000406632 -1 -3.05759e-06 0.000441985 -1 -3.05761e-06 -0.000698553 -1 -3.05796e-06 -0.0012582 -0.999999 -3.89918e-08 -0.00122485 -0.999999 -3.90405e-08 0.00133186 -0.999999 -3.8941e-08 0.00142887 -0.999999 -3.88052e-08 -0.000167077 -1 6.92053e-05 0.0313006 -0.980046 0.19629 -0.00332524 -0.999994 0.00142639 -0.00034305 -1 0.000142096 -0.000338614 -1 0.000140258 0.0551562 -0.922471 -0.382105 0.0513059 -0.922661 -0.382184 -0.0516317 -0.922646 -0.382177 -0.0502606 -0.92271 -0.382204 0.0356671 -0.923342 0.382318 0.059249 -0.922256 0.382011 -0.0605332 -0.922185 0.381982 -0.0430088 -0.980084 0.193871 -0.0480062 -0.922865 0.38212 0.00276889 -0.999995 0.00119603 0.000440734 -1 0.000182558 0.000135153 -1 5.5982e-05 0.000138958 -1 5.75583e-05 0.00859072 0.0444639 0.998974 0.0351872 0.382888 0.923124 -0.0387969 0.382835 0.923002 -0.00909072 0.0444617 0.99897 -0.0271304 0.923538 -0.382545 -0.0267482 0.923548 -0.382549 0.0262704 0.92356 -0.382554 0.0258882 0.923569 -0.382557 0.0206728 0.382261 -0.923823 0.000382371 0.0113999 -0.999935 0.0106509 0.0114458 -0.999878 -0.0111922 0.382342 -0.923953 -0.0114031 0.000436001 0.999935 -0.382265 -0.019804 0.923841 -0.382342 0.0104401 0.923962 -0.0114551 -0.0129899 0.99985 -2.0912e-05 1 8.66204e-06 -2.09591e-05 1 8.68157e-06 -2.74983e-05 1 1.13902e-05 -2.74512e-05 1 1.13707e-05 -0.0358628 -0.0682118 0.997026 -0.0771883 -0.101343 0.991853 -0.0441783 0.00895952 0.998983 0.0619419 0.0332748 0.997525 0.00237663 0.0114113 0.999932 0.0978338 0.0757499 0.992316 -0.0186206 0.382278 0.92386 0.0100487 0.382346 0.923965 -0.0134084 0.0114569 0.999844 0.0262916 0.923556 0.38256 0.025909 0.923566 0.382564 -0.0271585 0.923535 0.382552 -0.0267759 0.923544 0.382555 -2.70588e-05 1 -1.12081e-05 -2.70148e-05 1 -1.11899e-05 -2.09115e-05 1 -8.66183e-06 -2.09555e-05 1 -8.68005e-06 0.382266 -0.0196686 0.923843 0.0114042 0.000682209 0.999935 0.0114538 -0.0126674 0.999854 0.382341 0.0106141 0.92396 -0.0686371 0.0360372 0.996991 -0.102064 0.0774823 0.991756 0.0358132 -0.0680915 0.997036 0.044181 0.00833707 0.998989 0.0771751 -0.101311 0.991857 -0.384308 -0.0319526 0.922652 -0.492319 -0.041024 0.869448 -0.0791226 0.0727499 0.994207 -0.0385438 -0.00375543 0.99925 0.0447721 0.491077 -0.869965 0.0355221 0.384256 -0.922543 0.00553716 0.038287 -0.999252 -0.0727864 0.0791375 -0.994203 -0.0309005 0.384339 -0.922675 -0.0400915 0.492634 -0.869313 0.0753844 0.0801999 -0.993924 -0.00367402 0.038295 -0.99926 0.491731 -0.0427935 0.869695 0.38428 -0.0335227 0.922608 0.0385441 -0.00370317 0.99925 0.0798917 0.0746307 0.994006 -2.98189e-05 1 0 -2.95485e-05 1 0 -2.92782e-05 1 0 -2.95485e-05 1 0 -0.382867 0.0359989 0.923102 0.382863 0.0362792 0.923092 0.0182398 -0.991961 0.125224 -0.0187786 -0.991958 0.125163 -0.0581833 0.0317243 -0.997802 -0.0322334 0.0594172 0.997713 0.0322638 0.0594907 0.997707 0.0655972 0.0347835 -0.99724 -0.339707 -0.0131 0.94044 0.0139577 0.339423 -0.94053 -0.0121097 0.940336 -0.340032 -0.0240252 0.94152 -0.336101 -0.035937 0.942554 -0.332116 -0.0240254 0.94152 -0.336101 -0.0112966 0.340295 0.940251 -0.342799 0.00362302 0.939402 0.0349773 0.942473 0.332447 0.0231596 0.941436 0.336396 0.0113387 0.940251 0.340292 0.0231601 0.941436 0.336396 -0.00506121 0.34234 -0.939563 0.339754 -0.0129554 0.940425 0.0349705 0.942478 -0.332434 0.0231454 0.94144 -0.336386 0.0113167 0.940254 -0.340285 0.0231455 0.94144 -0.336386 0.342756 0.00375455 0.939417 0.00319967 0.342944 0.93935 -0.0121286 0.940337 0.340028 -0.0240112 0.941518 0.336107 -0.0358904 0.942549 0.332134 -0.0240116 0.941518 0.336107 0.00282739 -1.9132e-07 -0.999996 -0.00247986 -1.91319e-07 -0.999997 -0.010093 -0.0171735 -0.999802 0.0113941 -0.0171629 -0.999788 0.00451939 1.91318e-07 -0.99999 0.0130221 0.0171494 -0.999768 -0.0042271 1.9132e-07 -0.999991 -0.0117703 0.0171597 -0.999783 -0.000577052 -0.000228381 -1 -0.000651993 -0.000258041 -1 -0.000122269 -0.00106505 -0.999999 -0.000257818 -0.00224585 -0.999997 -0.000261622 -0.00227899 -0.999997 -0.00012556 -0.00109371 -0.999999 0.472125 -0.875777 -0.100564 -0.456384 -0.883974 -0.101505 -0.465767 -0.879131 -0.100949 0.464049 -0.880027 -0.101052 0.0426103 -0.367666 -0.928981 -0.0303158 -0.367832 -0.929398 0.000193539 -0.00168519 -0.999999 3.06783e-05 -0.000266996 -1 2.61079e-05 -0.000227197 -1 0.000189585 -0.00165075 -0.999999 0.00103035 -0.000407829 -0.999999 0.00109385 -0.000432964 -0.999999 0.472777 0.875429 -0.100527 -0.457043 0.883637 -0.10147 -0.466432 0.878782 -0.100912 0.464696 0.87969 -0.101017 0.0442095 0.367641 -0.928916 -0.0318128 0.367814 -0.929355 </float_array>
          <technique_common>
            <accessor count="308" offset="0" source="#meshId3-tangents-array" stride="3">
              <param name="X" type="float" />
              <param name="Y" type="float" />
              <param name="Z" type="float" />
            </accessor>
          </technique_common>
        </source>
        <source id="meshId3-bitangents" name="meshId3-bitangents">
          <float_array id="meshId3-bitangents-array" count="924"> 0.999996 0.00298409 -4.74308e-10 0.999999 0.00119851 -1.90498e-10 1 -0.000587075 9.33131e-11 0.999999 0.00119851 -1.90498e-10 8.56793e-11 -0.000466934 -1 9.34274e-11 -0.000509159 -1 1.13656e-10 -0.000619398 -1 1.05907e-10 -0.000577172 -1 -0 -0.00012971 -1 -0 -0.000139964 -1 -0 -0.000143892 -1 -0 -0.000133637 -1 0.032832 0.0278646 -0.999072 -0.00177307 0.483106 -0.87556 -0.00183373 0.483106 -0.87556 -0.042219 0.0279746 -0.998717 -0.00212185 0.960981 -0.276607 -0.00211704 0.960981 -0.276607 -0.00170323 0.960981 -0.276608 -0.00170762 0.960981 -0.276608 0.0326042 -0.0280456 -0.999075 -0.0422099 -0.0281833 -0.998711 -0.000352376 0.968975 0.247157 -0.00188094 0.968974 0.247156 -0.00190126 0.968974 0.247156 -0.000391052 0.968975 0.247157 0.124182 0.629203 -0.767256 -0.128224 -0.64968 -0.749316 -0.322535 -0.587641 -0.742058 0.281418 0.512729 -0.811118 -0.000100029 -0.968976 0.247156 -0.00168201 -0.968974 0.247155 -0.00170271 -0.968974 0.247155 -0.000140033 -0.968976 0.247156 0.124915 -0.629667 -0.766756 -0.128562 0.648051 -0.750667 -0.321869 0.586416 -0.743315 0.281493 -0.512854 -0.811013 -0.0883156 0.0477066 -0.994949 0.0831184 -0.0460892 -0.995473 -0.0374238 0.49087 -0.870429 -0.0358159 0.469419 -0.882249 0.0361711 -0.487005 -0.87265 0.0350614 -0.47232 -0.88073 -0.00153063 -0.483109 -0.875559 -0.00159741 -0.483109 -0.875559 -0.00202556 -0.96098 -0.276608 -0.00201966 -0.960981 -0.276608 -0.00151268 -0.960982 -0.276608 -0.00151815 -0.960981 -0.276608 0.036401 0.483888 -0.874373 0.035296 0.469199 -0.882387 -0.0370106 -0.491992 -0.869813 -0.0354258 -0.470925 -0.881462 0.0841375 0.0460326 -0.99539 -0.0884387 -0.0483859 -0.994906 0.966952 0.00716862 0.254857 0.96578 0.212185 0.14915 0.963055 -0.22032 -0.154869 0.966179 -0.00725085 -0.257772 0.575083 -0.818095 0.00044099 0.575083 -0.818095 0.000434568 0.575083 -0.818095 0.000179444 0.575083 -0.818095 0.000182663 0.966506 -0.00721655 0.256544 0.965831 0.00728733 -0.259072 0.965465 -0.213142 0.149824 0.962737 0.221248 -0.155522 0.57509 0.818088 -0.00179866 0.57509 0.818088 -0.0017944 0.575091 0.818088 -0.00145283 0.57509 0.818088 -0.00146132 -1.06354e-06 -0.0110239 -0.999939 1.06731e-06 0.0104001 -0.999946 0.0130912 0.0040837 -0.999906 -0.0131035 -0.00220038 -0.999912 -0.00218904 -0.0110942 -0.999936 0.0131051 -0.00199425 -0.999912 0.00203514 0.010316 -0.999945 -0.0130923 0.00405138 -0.999906 -1.13615e-06 0.0104766 -0.999945 1.13561e-06 -0.0111023 -0.999938 0.0130871 -0.00483508 -0.999903 -0.0131073 0.00157746 -0.999913 -0.0020636 0.0104058 -0.999944 0.0131076 0.00158182 -0.999913 0.00220066 -0.0110967 -0.999936 -0.0130875 -0.00482581 -0.999903 -0.494048 0.0754466 -0.866155 0.477678 -0.0729456 -0.875502 0.590316 6.13796e-06 -0.807172 -0.58124 -4.88675e-06 -0.813732 1 -0.000174163 3.12719e-06 1 -0.00079889 3.12719e-06 1 -0.000803966 3.12719e-06 1 -0.000179238 3.12719e-06 0.493283 0.0753367 -0.866601 -0.478095 -0.0730173 -0.875268 -0.590547 1.02639e-05 -0.807003 0.58136 -1.01042e-05 -0.813646 -1 3.05018e-05 -4.71538e-08 -1 -0.000601161 -4.71596e-08 -1 -0.000606294 -4.71596e-08 -1 2.53665e-05 -4.71538e-08 1 -0.000852174 0 1 -0.000173903 0 1 -0.00016839 0 1 -0.000846662 0 0.494334 -0.0755059 -0.865987 -0.477476 0.0729309 -0.875613 -0.590261 -0 -0.807213 0.581312 0 -0.813681 -1 -0.000872648 0 -1 -0.00019234 0 -1 -0.000186812 0 -1 -0.00086712 0 -0.494279 -0.075488 -0.866019 0.477574 0.0729368 -0.875559 0.590307 0 -0.807179 -0.581272 0 -0.81371 0.265084 0.0464334 -0.963107 -0.2653 -0.0448323 -0.963123 0.36496 -0.151156 -0.918671 -0.366418 0.151761 -0.917991 -0.265112 0.0462617 -0.963107 -0.923888 3.96041e-05 -0.382662 -0.923888 3.95589e-05 -0.382662 -0.923888 2.60468e-05 -0.382662 -0.923888 2.61194e-05 -0.382662 0.923892 -0.000148781 -0.382653 0.923892 -0.000148778 -0.382653 0.923892 -0.000148323 -0.382653 0.923892 -0.000148325 -0.382653 0.265459 -0.0436866 -0.963132 0.364977 0.151178 -0.91866 -0.365477 -0.151385 -0.918427 -0.265399 0.0441154 -0.963129 -0.264988 -0.047157 -0.963098 -0.923888 -0.000764396 -0.382662 -0.923888 -0.000764333 -0.382662 -0.923888 -0.000745477 -0.382662 -0.923888 -0.000745579 -0.382662 -0.366795 -0.151925 -0.917813 0.364785 0.151092 -0.918751 0.264977 -0.0472301 -0.963097 0.923888 -0.000727918 -0.382662 0.923888 -0.000728015 -0.382662 0.923888 -0.000746014 -0.382662 0.923888 -0.000745953 -0.382662 0.265399 0.0441279 -0.963128 0.366854 -0.151965 -0.917783 -0.364647 0.151051 -0.918812 1 -0.00070946 1.40215e-06 1 0.000406632 -1.44438e-06 1 0.000441985 -1.44429e-06 1 -0.000698553 1.4022e-06 0.999999 -0.0012582 -1.44568e-06 0.999999 -0.00122485 -1.44569e-06 0.999999 0.00133186 1.40438e-06 0.999999 0.00142887 1.4044e-06 0.92388 -0.000180842 -0.382683 0.979523 -0.00899991 -0.201131 0.923924 -0.00361797 -0.38256 0.92388 -0.000371315 -0.382683 0.92388 -0.000366513 -0.382683 0.998478 0.0509576 0.0211076 0.998683 0.0474004 0.0196341 0.998666 -0.0477014 -0.0197588 0.998736 -0.0464346 -0.0192341 0.999364 0.0329363 -0.0136872 0.998243 0.054739 -0.0226736 0.998166 -0.0559254 0.0231651 0.979079 -0.00271733 0.203464 0.998847 -0.0443368 0.0184077 0.923925 0.00301582 0.382561 0.92388 0.000477047 0.382683 0.92388 0.000146288 0.382683 0.92388 0.000150407 0.382683 -0.999956 0.00428148 0.00840859 -0.999381 0.0140163 0.0322803 -0.999247 -0.0153993 -0.0356146 -0.999951 -0.00430371 -0.0089081 -0.999632 -0.0250652 0.0103824 -0.999642 -0.0247121 0.0102361 -0.999655 0.0242707 -0.0100533 -0.999665 0.0239175 -0.00990703 -0.999783 0.0103407 -0.0180938 -0.999991 0.00422178 -0.000334262 -0.999934 -0.00409574 -0.0106983 -0.999934 -0.00671577 0.00933357 0.0042124 -0.999991 0.000484064 0.0100086 -0.9998 -0.0172911 -0.00642817 -0.999942 0.00863857 -0.00406891 -0.999907 -0.0130373 -0.923879 -2.2635e-05 0.382684 -0.923879 -2.2686e-05 0.382684 -0.923879 -2.97639e-05 0.382684 -0.923879 -2.97129e-05 0.382684 -0.380266 -0.921688 -0.0767357 -0.376047 -0.918387 -0.123102 -0.00429843 -0.999952 0.00877812 -0.922135 -0.38049 0.0699526 -0.999988 -0.00419024 0.00242458 -0.918772 -0.376329 0.119311 -0.999823 -0.00955596 -0.0161976 -0.999946 0.00627842 0.00827693 -0.999901 0.00406409 -0.0134558 -0.999654 0.0242902 0.0100616 -0.999664 0.0239367 0.00991518 -0.999631 -0.0250911 -0.0103934 -0.999642 -0.0247376 -0.0102469 -0.923879 -2.92882e-05 -0.382684 -0.923879 -2.92406e-05 -0.382684 -0.923879 -2.26344e-05 -0.382684 -0.923879 -2.2682e-05 -0.382684 0.00995693 0.999803 0.0171658 0.00420959 0.999991 -0.000730257 -0.00407261 0.999911 0.0127147 -0.00649484 0.99994 -0.00879935 -0.921661 0.380238 -0.0771952 -0.918311 0.375976 -0.12388 -0.380271 0.921697 0.0766055 -0.00427093 0.999958 -0.00815627 -0.37605 0.91839 0.123067 0.0174769 -0.999474 -0.0273335 0.312142 -0.94077 0.132359 0.376765 -0.921175 0.0973902 0.00427789 -0.999984 -0.00359318 -0.940596 0.314107 0.1289 -0.999353 0.018887 -0.0306128 -0.999976 0.00434807 -0.00537458 -0.921171 0.376764 0.0974297 -0.999506 -0.0171099 0.0263465 -0.940807 -0.31166 -0.133227 -0.920962 -0.376539 -0.100234 -0.999985 -0.00427672 0.00351278 0.313068 0.940691 -0.130724 0.0180806 0.999422 0.0287828 0.00427588 0.999985 0.00354096 0.376602 0.921025 -0.0994201 -1 -2.98189e-05 0 -1 -2.95485e-05 0 -1 -2.92782e-05 0 -1 -2.95485e-05 0 -0.0143308 -0.999352 0.0330286 -0.0144382 0.999342 -0.0332875 0.991795 0.00210074 -0.127822 0.991785 -0.00263857 0.12789 -0.922378 0.380628 0.065887 0.380584 -0.9223 0.0672218 0.380582 0.922295 -0.0673012 -0.92188 -0.380361 -0.073907 0.310169 -0.945526 0.098869 -0.94552 0.310461 0.0980092 -0.945545 0.0998489 0.3098 -0.945317 0.0879902 0.31406 -0.944939 0.0761173 0.318271 -0.945317 0.08799 0.31406 -0.945557 -0.3095 0.100653 -0.306749 -0.94561 -0.108289 -0.944975 -0.077077 0.317933 -0.945339 -0.0888546 0.313751 -0.945554 -0.100618 0.309521 -0.945339 -0.0888541 0.313751 -0.945606 -0.307261 -0.10686 0.310136 0.945521 -0.0990196 -0.944975 -0.077079 -0.317932 -0.945339 -0.0888641 -0.313748 -0.945554 -0.100635 -0.309515 -0.945339 -0.088864 -0.313748 -0.306809 0.945605 0.108163 -0.945617 0.306581 -0.108708 -0.945544 0.0998316 -0.309808 -0.945316 0.0880055 -0.314057 -0.94494 0.0761652 -0.318257 -0.945316 0.0880051 -0.314057 0.999996 5.4094e-10 0.00282739 0.999997 -4.74445e-10 -0.00247986 0.999917 -0.00823586 -0.00995266 0.999903 0.00825822 0.0112536 0.99999 -8.64647e-10 0.00451939 0.999883 -0.00828605 0.0128814 0.999991 8.08738e-10 -0.0042271 0.999898 0.00826471 -0.0116298 0.929826 0.368 -0.000620602 0.929826 0.368 -0.000701199 0.114045 0.993475 -0.00107204 0.114044 0.993473 -0.0022606 0.114044 0.993473 -0.00229396 0.114045 0.993475 -0.0011009 0.881532 0.469043 0.0538591 0.889783 -0.453405 -0.0520636 0.884907 -0.462726 -0.0531339 0.885809 0.46102 0.0529378 0.999092 0.0156806 0.0396202 0.99954 -0.0111563 -0.0281884 0.114087 -0.993469 0.00169626 0.114087 -0.993471 0.000268752 0.114087 -0.993471 0.000228692 0.114087 -0.993469 0.0016616 0.929811 -0.368036 0.00110812 0.929811 -0.368036 0.00117642 0.881182 -0.46969 0.0539355 0.889444 0.45406 -0.0521406 0.884557 0.463387 -0.0532117 0.885471 -0.461662 0.0530136 0.999022 -0.0162691 0.0411071 0.999494 0.0117071 -0.0295803 </float_array>
          <technique_common>
            <accessor count="308" offset="0" source="#meshId3-bitangents-array" stride="3">
              <param name="X" type="float" />
              <param name="Y" type="float" />
              <param name="Z" type="float" />
            </accessor>
          </technique_common>
        </source>
        <source id="meshId3-tex0" name="meshId3-tex0">
          <float_array id="meshId3-tex0-array" count="616"> 0.738473 0.00101405 0.738148 0.297097 0.442623 0.297272 0.442889 0.000130445 0.603047 0.641072 0.602916 0.760248 0.347188 0.760089 0.34731 0.640953 0.023154 0.651702 0.278899 0.651668 0.278883 0.770828 0.0231382 0.770865 0.0103281 0.48849 0.00496563 0.483051 0.318452 0.482481 0.313209 0.487958 0.00496563 0.483051 0.00174314 0.478416 0.321804 0.477969 0.318452 0.482481 0.313293 0.622198 0.0105269 0.622773 0.000209719 0.471801 0.323771 0.471716 0.321804 0.477969 0.00174314 0.478416 0.323771 0.471716 0.323347 0.639008 0.321882 0.632463 0.321804 0.477969 0.323347 0.639008 -2.98023e-08 0.639033 0.00194735 0.632765 0.321882 0.632463 -2.98023e-08 0.639033 0.000209719 0.471801 0.00174314 0.478416 0.00194735 0.632765 0.318452 0.482481 0.318661 0.627723 0.318452 0.482481 0.321804 0.477969 0.321882 0.632463 0.318661 0.627723 0.318661 0.627723 0.00529157 0.628249 0.318661 0.627723 0.321882 0.632463 0.00194735 0.632765 0.00529157 0.628249 0.00174314 0.478416 0.00496563 0.483051 0.00529157 0.628249 0.00194735 0.632765 0.00496563 0.483051 0.00529157 0.628249 0.432355 0.0140947 0.435374 0.011364 0.435027 0.28616 0.432033 0.283396 0.432033 0.283396 0.435027 0.28616 0.304275 0.286179 0.307295 0.283442 0.307295 0.283442 0.307656 0.0139409 0.304275 0.286179 0.304664 0.0111704 0.435374 0.011364 0.432355 0.0140947 0.307656 0.0139409 0.304664 0.0111704 0.626035 0.628425 0.626083 0.77274 0.607929 0.765679 0.607888 0.635506 0.32412 0.772732 0.342305 0.765655 0.324147 0.628458 0.3423 0.635519 0.00011611 0.783523 0 0.639226 0.0181464 0.646273 0.0182944 0.776433 0.301921 0.63901 0.283743 0.6461 0.302044 0.783303 0.283895 0.776256 0.604927 0.638571 0.604953 0.762623 0.602916 0.760248 0.603047 0.641072 0.604953 0.762623 0.345309 0.76259 0.347188 0.760089 0.602916 0.760248 0.345309 0.76259 0.345274 0.638577 0.34731 0.640953 0.347188 0.760089 0.345274 0.638577 0.604927 0.638571 0.603047 0.641072 0.34731 0.640953 0.0211198 0.649327 0.280782 0.649167 0.278899 0.651668 0.023154 0.651702 0.280782 0.649167 0.280918 0.773202 0.278883 0.770828 0.278899 0.651668 0.280918 0.773202 0.021255 0.773365 0.0231382 0.770865 0.278883 0.770828 0.021255 0.773365 0.0211198 0.649327 0.023154 0.651702 0.0231382 0.770865 0.606265 0.764041 0.606233 0.637149 0.606265 0.764041 0.606233 0.637149 0.343963 0.637158 0.606233 0.637149 0.604927 0.638571 0.345274 0.638577 0.343963 0.637158 0.604953 0.762623 0.606265 0.764041 0.343986 0.764008 0.345309 0.76259 0.343986 0.764008 0.343986 0.764008 0.343963 0.637158 0.0199494 0.774788 0.282229 0.774619 0.0199494 0.774788 0.021255 0.773365 0.280918 0.773202 0.282229 0.774619 0.0199494 0.774788 0.0198098 0.647909 0.0198098 0.647909 0.0211198 0.649327 0.0198098 0.647909 0.282088 0.647744 0.280782 0.649167 0.282088 0.647744 0.282088 0.647744 0.282229 0.774619 0.297071 3.93093e-05 0.296756 0.297433 0.288961 0.289602 0.289259 0.00786555 0.00052847 0.297459 0.0083105 0.289643 0 0 0.00780737 0.0078154 0.289259 0.00786555 0.283154 0.0140158 0.277602 0.0158933 0.0157816 0.0157981 0.00780737 0.0078154 0.016278 0.281657 0.0083105 0.289643 0.00780737 0.0078154 0.0157816 0.0157981 0.281264 0.0195701 0.289259 0.00786555 0.288961 0.289602 0.282821 0.283433 0.280954 0.277906 0.277321 0.281556 0.288961 0.289602 0.0083105 0.289643 0.016278 0.281657 0.834798 0.00662577 0.8429 0 0.842727 0.266295 0.834619 0.259696 0.0199964 0.269124 0.0171821 0.269201 0.0171719 0.0186371 0.0199847 0.0187111 0.988171 0.779516 0.985356 0.779456 0.987002 0.531571 0.989818 0.531539 0.802083 0.51817 0.799267 0.518227 0.797422 0.270492 0.800238 0.270522 0.0199202 0.271937 0.0199964 0.269124 0.270409 0.269117 0.270483 0.271931 0.800009 0.267721 0.892427 0.26469 0.892715 0.267502 0.743802 0.259986 0.744019 0.257183 0.834342 0.262508 0.741203 0.257237 0.739467 0.00965351 0.742283 0.00968242 0.273222 0.269191 0.270409 0.269117 0.270397 0.0187038 0.273212 0.0186273 0.0199847 0.0187111 0.0199104 0.0158968 0.270474 0.0158911 0.270397 0.0187038 0.845354 0.00796318 0.84817 0.0080198 0.846388 0.255676 0.843572 0.255706 0.742051 0.00688154 0.834506 0.0038144 0.846159 0.258478 0.938863 0.258664 0.938577 0.261475 0.90082 0.523386 0.900453 0.526172 0.892492 0.523247 0.892721 0.520433 0.886891 0.787307 0.88653 0.78452 0.89463 0.781585 0.894855 0.784399 0.886502 0.525906 0.886868 0.523121 0.89485 0.526054 0.894612 0.528867 0.94654 0 0.946908 0.00278592 0.93881 0.00573939 0.93858 0.00292504 0.270409 0.269117 0.0199964 0.269124 0.0199847 0.0187111 0.270397 0.0187038 0.900826 0.260884 0.946976 0.265282 0.280204 0.0169634 0.279906 0.280503 0.985552 0.78226 0.801883 0.520975 0.847969 0.00521582 0.987215 0.528768 0.799655 0.520476 0.987781 0.781764 0.0171821 0.269201 0.0199964 0.269124 0.0199202 0.271937 0.0176469 0.271474 0.74158 0.259482 0.797785 0.268243 0.270483 0.271931 0.270409 0.269117 0.273222 0.269191 0.272758 0.271465 0.989444 0.529286 0.845741 0.00571501 0.0199104 0.0158968 0.0199847 0.0187111 0.0171719 0.0186371 0.0176359 0.0163625 0.843935 0.257955 0.739828 0.00740469 0.273212 0.0186273 0.270397 0.0187038 0.270474 0.0158911 0.272747 0.0163544 0.442889 0.000130445 0.442623 0.297272 0.439967 0.290246 0.440222 0.00715545 0.296756 0.297433 0.299425 0.290398 0.297071 3.93093e-05 0.299725 0.00707534 0.439375 0.0079895 0.300576 0.00790104 0.300576 0.00790104 0.439375 0.0079895 0.435374 0.011364 0.304664 0.0111704 0.439375 0.0079895 0.439115 0.289422 0.435027 0.28616 0.435374 0.011364 0.439375 0.0079895 0.439115 0.289422 0.439115 0.289422 0.300273 0.289562 0.304275 0.286179 0.435027 0.28616 0.439115 0.289422 0.300273 0.289562 0.300273 0.289562 0.300576 0.00790104 0.304664 0.0111704 0.304275 0.286179 0.300273 0.289562 0.300576 0.00790104 </float_array>
          <technique_common>
            <accessor count="308" offset="0" source="#meshId3-tex0-array" stride="2">
              <param name="S" type="float" />
              <param name="T" type="float" />
            </accessor>
          </technique_common>
        </source>
        <vertices id="meshId3-vertices">
          <input semantic="POSITION" source="#meshId3-positions" />
        </vertices>
        <polylist count="240" material="defaultMaterial">
          <input offset="0" semantic="VERTEX" source="#meshId3-vertices" />
          <input offset="0" semantic="NORMAL" source="#meshId3-normals" />
          <input offset="0" semantic="TANGENT" source="#meshId3-tangents" />
          <input offset="0" semantic="BINORMAL" source="#meshId3-bitangents" />
          <input offset="0" semantic="TEXCOORD" source="#meshId3-tex0" set="0" />
          <vcount>3 3 3 3 3 3 3 3 3 3 3 3 3 3 3 3 3 3 3 3 3 3 3 3 3 3 3 3 3 3 3 3 3 3 3 3 3 3 3 3 3 3 3 3 3 3 3 3 3 3 3 3 3 3 3 3 3 3 3 3 3 3 3 3 3 3 3 3 3 3 3 3 3 3 3 3 3 3 3 3 3 3 3 3 3 3 3 3 3 3 3 3 3 3 3 3 3 3 3 3 3 3 3 3 3 3 3 3 3 3 3 3 3 3 3 3 3 3 3 3 3 3 3 3 3 3 3 3 3 3 3 3 3 3 3 3 3 3 3 3 3 3 3 3 3 3 3 3 3 3 3 3 3 3 3 3 3 3 3 3 3 3 3 3 3 3 3 3 3 3 3 3 3 3 3 3 3 3 3 3 3 3 3 3 3 3 3 3 3 3 3 3 3 3 3 3 3 3 3 3 3 3 3 3 3 3 3 3 3 3 3 3 3 3 3 3 3 3 3 3 3 3 3 3 3 3 3 3 3 3 3 3 3 3 3 3 3 3 3 3 </vcount>
          <p>3 0 1 1 2 3 7 4 5 5 6 7 11 8 9 9 10 11 15 12 13 13 14 15 19 16 17 17 18 19 21 12 15 15 20 21 25 22 23 23 24 25 29 26 27 27 28 29 33 30 31 31 32 33 37 34 35 35 36 37 20 15 38 38 39 20 43 40 41 41 42 43 21 20 44 44 45 21 49 46 47 47 48 49 53 50 51 51 52 53 55 54 12 12 21 55 59 56 57 57 58 59 63 60 61 61 62 63 59 64 65 65 56 59 65 64 66 66 67 65 71 68 69 69 70 71 75 72 73 73 74 75 74 73 76 76 77 74 77 76 78 78 79 77 79 78 72 72 75 79 83 80 81 81 82 83 82 81 84 84 85 82 85 84 86 86 87 85 87 86 80 80 83 87 91 88 89 89 90 91 95 92 93 93 94 95 99 96 97 97 98 99 103 100 101 101 102 103 107 104 105 105 106 107 111 108 109 109 110 111 115 112 113 113 114 115 119 116 117 117 118 119 75 74 120 120 121 75 123 122 89 89 88 123 79 75 121 121 124 79 128 125 126 126 127 128 132 129 130 130 131 132 133 120 74 74 77 133 97 96 134 134 135 97 124 133 77 77 79 124 87 83 136 136 137 87 141 138 139 139 140 141 117 116 142 142 143 117 144 136 83 83 82 144 148 145 146 146 147 148 149 144 82 82 85 149 109 108 150 150 151 109 137 149 85 85 87 137 155 152 153 153 154 155 154 153 156 156 157 154 157 156 158 158 159 157 159 158 152 152 155 159 164 160 161 164 161 162 162 163 164 168 165 166 166 167 168 173 169 161 173 161 170 173 170 171 171 172 173 177 174 172 177 172 175 175 176 177 181 178 179 179 180 181 185 182 183 183 184 185 189 186 187 187 188 189 193 190 191 191 192 193 197 194 195 195 196 197 200 193 198 198 199 200 203 201 202 202 181 203 206 202 204 204 205 206 210 207 208 208 209 210 214 211 212 212 213 214 218 215 216 216 217 218 178 206 219 219 220 178 223 221 217 217 222 223 227 224 225 225 226 227 231 228 229 229 230 231 235 232 233 233 234 235 239 236 237 237 238 239 243 240 241 241 242 243 187 230 235 235 188 187 216 238 222 222 217 216 202 206 178 178 181 202 190 193 200 200 227 190 244 224 227 227 200 244 235 230 229 229 232 235 222 238 237 237 245 222 161 169 246 161 246 162 172 174 247 172 247 173 179 178 220 245 223 222 244 200 199 180 203 181 230 187 248 248 231 230 226 249 190 190 227 226 238 216 250 250 239 238 234 251 188 188 235 234 252 191 190 190 249 252 253 248 187 187 186 253 257 254 255 255 256 257 258 204 202 202 201 258 259 198 193 193 192 259 263 260 261 261 262 263 264 189 188 188 251 264 265 250 216 216 215 265 269 266 267 267 268 269 270 218 217 217 221 270 271 219 206 206 205 271 275 272 273 273 274 275 279 276 277 277 278 279 278 277 280 280 281 278 281 280 282 282 283 281 283 282 276 276 279 283 283 279 284 284 285 283 289 286 287 287 288 289 293 290 291 291 292 293 295 294 279 279 278 295 299 296 297 297 298 299 301 300 278 278 281 301 305 302 303 303 304 305 307 306 281 281 283 307 </p>
        </polylist>
      </mesh>
    </geometry>
    <geometry id="meshId4" name="meshId4_name" >
      <mesh>
        <source id="meshId4-positions" name="meshId4-positions">
          <float_array id="meshId4-positions-array" count="288"> -0.829064 -0.159265 0.22429 -0.835995 -0.159219 0.22429 -0.835995 -0.159219 -0.361436 -0.829064 -0.159265 -0.361436 -0.835995 -0.159219 0.22429 -0.840864 -0.154285 0.22429 -0.840864 -0.154285 -0.361436 -0.835995 -0.159219 -0.361436 -0.832474 -0.150875 0.233346 -0.830063 -0.156808 0.230694 0.622303 0.433494 0.230694 0.619892 0.439427 0.233346 -0.830063 -0.156808 0.230694 0.623302 0.431037 0.22429 0.622303 0.433494 0.230694 -0.838407 -0.153287 0.230694 -0.854323 -0.114127 0.230694 -0.85678 -0.115126 0.22429 -0.838407 -0.153287 0.230694 -0.84839 -0.111716 0.233346 -0.854323 -0.114127 0.230694 0.628282 0.442837 0.22429 0.628236 0.435905 0.22429 0.628236 0.435905 -0.361436 0.628282 0.442837 -0.361436 0.628236 0.435905 0.22429 0.623302 0.431037 -0.361436 0.628236 0.435905 -0.361436 0.625824 0.441838 0.230694 0.609908 0.480997 0.230694 0.603975 0.478586 0.233346 0.625824 0.441838 0.230694 0.612366 0.481996 0.22429 0.609908 0.480997 0.230694 -0.856734 -0.108194 0.22429 -0.856734 -0.108194 -0.361436 -0.85678 -0.115126 -0.361436 -0.856734 -0.108194 0.22429 -0.8518 -0.103326 0.22429 -0.8518 -0.103326 -0.361436 -0.856734 -0.108194 -0.361436 -0.850801 -0.105783 0.230694 0.601564 0.484519 0.230694 0.600565 0.486976 0.22429 -0.850801 -0.105783 0.230694 0.601564 0.484519 0.230694 0.607497 0.48693 0.22429 0.607497 0.48693 -0.361436 0.600565 0.486976 -0.361436 0.607497 0.48693 0.22429 0.612366 0.481996 -0.361436 0.607497 0.48693 -0.361436 -0.854323 -0.114127 -0.36784 -0.838407 -0.153287 -0.36784 -0.854323 -0.114127 -0.36784 -0.84839 -0.111716 -0.370492 -0.832474 -0.150875 -0.370492 -0.838407 -0.153287 -0.36784 -0.850801 -0.105783 -0.36784 0.601564 0.484519 -0.36784 0.603975 0.478586 -0.370492 -0.850801 -0.105783 -0.36784 0.601564 0.484519 -0.36784 0.609908 0.480997 -0.36784 0.625824 0.441838 -0.36784 0.619892 0.439427 -0.370492 0.609908 0.480997 -0.36784 0.625824 0.441838 -0.36784 -0.830063 -0.156808 -0.36784 0.622303 0.433494 -0.36784 -0.830063 -0.156808 -0.36784 0.622303 0.433494 -0.36784 -0.835348 -0.157686 0.229517 -0.835348 -0.157686 0.229517 -0.835348 -0.157686 0.229517 0.626702 0.436552 0.229517 0.626702 0.436552 0.229517 0.626702 0.436552 0.229517 -0.8552 -0.108842 0.229517 -0.8552 -0.108842 0.229517 -0.8552 -0.108842 0.229517 0.606849 0.485397 0.229517 0.606849 0.485397 0.229517 0.606849 0.485397 0.229517 -0.8552 -0.108842 -0.366663 -0.8552 -0.108842 -0.366663 -0.8552 -0.108842 -0.366663 0.606849 0.485397 -0.366663 0.606849 0.485397 -0.366663 0.606849 0.485397 -0.366663 -0.835348 -0.157686 -0.366663 -0.835348 -0.157686 -0.366663 -0.835348 -0.157686 -0.366663 0.626702 0.436552 -0.366663 0.626702 0.436552 -0.366663 0.626702 0.436552 -0.366663 </float_array>
          <technique_common>
            <accessor count="96" offset="0" source="#meshId4-positions-array" stride="3">
              <param name="X" type="float" />
              <param name="Y" type="float" />
              <param name="Z" type="float" />
            </accessor>
          </technique_common>
        </source>
        <source id="meshId4-normals" name="meshId4-normals">
          <float_array id="meshId4-normals-array" count="288"> 0.37497 -0.927026 0.00447355 -0.00631537 -0.999976 0.00277388 -0.00631537 -0.999976 -0.00277392 0.37497 -0.927026 -0.00447355 -0.712057 -0.702116 0.0027737 -0.904618 -0.426202 0.00427051 -0.904618 -0.426202 -0.00427051 -0.712057 -0.702116 -0.00277369 0.0189755 -0.0509526 0.998521 0.143082 -0.354801 0.923928 0.145012 -0.354017 0.923928 0.0219516 -0.0497428 0.998521 0.34692 -0.856323 0.382566 0.37808 -0.925762 0.00447356 0.34885 -0.855539 0.382567 -0.843773 -0.380499 0.378506 -0.869978 -0.316028 0.378502 -0.945452 -0.325734 0.00427063 -0.337592 -0.174786 0.924922 -0.0219514 0.0497427 0.998521 -0.363806 -0.110295 0.924922 0.945454 0.325727 0.00427155 0.999977 -0.00624386 0.00277401 0.999977 -0.00624406 -0.00277402 0.945454 0.325727 -0.00427156 0.702142 -0.712032 0.00277384 0.37808 -0.925762 -0.00447356 0.702141 -0.712032 -0.00277386 0.363805 0.11029 0.924922 0.337593 0.174792 0.924921 -0.0189752 0.0509525 0.998521 0.869952 0.316011 0.378578 0.904612 0.426214 0.00427161 0.843734 0.380515 0.378579 -0.999977 0.00624224 0.00277361 -0.999977 0.00624175 -0.00277361 -0.945452 -0.325734 -0.00427063 -0.702141 0.712032 0.00277393 -0.378081 0.925762 0.00447362 -0.378081 0.925762 -0.00447362 -0.702141 0.712032 -0.00277391 -0.348851 0.855537 0.382571 -0.346921 0.856321 0.382571 -0.37497 0.927026 0.0044736 -0.145014 0.354023 0.923926 -0.143084 0.354808 0.923925 0.00631154 0.999976 0.00277427 0.00631154 0.999976 -0.00277416 -0.37497 0.927026 -0.0044736 0.711981 0.702194 0.00277411 0.904612 0.426214 -0.00427162 0.71198 0.702194 -0.00277413 -0.869974 -0.316036 -0.378504 -0.843772 -0.3805 -0.378509 -0.363806 -0.110295 -0.924922 -0.0219513 0.0497427 -0.998521 0.0189755 -0.0509526 -0.998521 -0.337593 -0.174784 -0.924922 -0.145014 0.354023 -0.923926 -0.143084 0.354808 -0.923925 -0.0189752 0.0509525 -0.998521 -0.34885 0.855536 -0.382574 -0.34692 0.85632 -0.382574 0.337593 0.174792 -0.924921 0.363805 0.11029 -0.924923 0.0219517 -0.0497428 -0.998521 0.843732 0.380515 -0.378582 0.869953 0.316001 -0.378583 0.346921 -0.856322 -0.382569 0.348851 -0.855537 -0.382569 0.143082 -0.354801 -0.923929 0.145012 -0.354017 -0.923929 -0.700168 -0.635588 0.325257 0.032998 -0.945056 0.32524 -0.178853 -0.423801 0.887921 0.635691 -0.700061 0.325287 0.945048 0.0329286 0.32527 0.4238 -0.178891 0.887914 -0.63562 0.70014 0.325255 -0.945054 -0.0331133 0.325232 -0.423807 0.178849 0.887919 0.70007 0.635678 0.325293 -0.0330074 0.945036 0.325296 0.178855 0.423843 0.887901 -0.423805 0.178849 -0.88792 -0.945051 -0.0331711 -0.325235 -0.635626 0.700132 -0.325261 0.700038 0.63572 -0.32528 0.178853 0.423846 -0.8879 -0.0330052 0.945045 -0.325269 0.0329998 -0.945049 -0.325258 -0.700174 -0.635578 -0.325263 -0.178859 -0.423782 -0.887929 0.945047 0.0329059 -0.325274 0.635669 -0.700087 -0.325275 0.423796 -0.178893 -0.887916 </float_array>
          <technique_common>
            <accessor count="96" offset="0" source="#meshId4-normals-array" stride="3">
              <param name="X" type="float" />
              <param name="Y" type="float" />
              <param name="Z" type="float" />
            </accessor>
          </technique_common>
        </source>
        <source id="meshId4-tangents" name="meshId4-tangents">
          <float_array id="meshId4-tangents-array" count="288"> -0.926941 -0.374996 -0.012613 -0.999648 0.0062418 -0.0257732 -0.999651 0.00624213 0.0256627 -0.926943 -0.374996 0.0124174 -0.701803 0.711847 0.0273005 -0.426117 0.90457 0.0133099 -0.426118 0.904572 -0.0131842 -0.701824 0.711864 -0.0263126 -0.388409 0.919884 0.0543211 -0.372096 0.84576 0.382407 -0.322807 0.865775 0.382399 -0.363371 0.93006 0.0543207 -0.932449 -0.358799 0.042446 -0.925721 -0.378004 0.0124186 -0.918344 -0.393489 -0.0425543 -0.421199 0.906547 -0.0276253 -0.330918 0.943274 0.026975 -0.325762 0.94536 -0.0131858 -0.350934 0.935137 0.0486267 -0.363369 0.93006 -0.0543205 -0.401581 0.914517 -0.0489024 0.00506039 -0.00157456 -0.999986 0.00305594 0.0456062 -0.998955 -0.0030561 -0.0456282 -0.998954 -0.00554685 0.00298656 -0.99998 -0.71185 -0.701862 0.0256627 -0.925719 -0.378002 -0.0126339 -0.711848 -0.701859 -0.0258268 -0.401588 0.914514 0.0489098 -0.350929 0.935138 -0.0486345 -0.388391 0.919892 -0.0543209 0.361034 0.114796 -0.92546 0.00191684 0.00595357 -0.99998 0.340202 0.166449 -0.925504 0.00616712 0.999635 -0.0263119 0.00616372 0.999608 0.0273019 -0.325762 0.945358 0.0133133 -0.0281149 -0.0316167 0.999105 0.0173039 0.00223523 0.999848 -0.0100543 0.000725958 0.999949 0.0340579 0.0374756 0.998717 0.170904 -0.343296 0.923547 0.123631 -0.362591 0.923711 -0.00669761 -0.00753463 0.999949 -0.322828 0.865764 -0.382407 -0.372038 0.845782 -0.382415 0.0505784 -0.00309 0.998715 -0.0421752 0.00303794 0.999106 0.0139661 0.0104741 0.999848 0.0340695 -0.0305979 -0.998951 -0.00251861 -0.00467655 -0.999986 -0.0339888 0.030516 -0.998956 -0.330667 0.943343 -0.027631 -0.420966 0.906675 0.0269723 0.401044 -0.914766 -0.0486612 0.363557 -0.929987 -0.054321 0.388564 -0.919819 0.0543207 0.350365 -0.935338 0.04887 0.323534 -0.865497 -0.382415 0.372722 -0.845484 -0.382406 0.388566 -0.919818 -0.0543204 -0.164363 0.34604 0.923711 -0.117041 0.365191 0.923546 0.350354 -0.935341 -0.0488827 0.401044 -0.914765 0.0486656 0.363562 -0.929985 0.0543212 -0.33874 -0.169655 -0.925458 -0.359902 -0.117977 -0.925501 -0.932461 -0.358754 -0.0425564 -0.918364 -0.393452 0.0424526 0.372725 -0.845486 0.382399 0.32354 -0.865497 0.382408 -0.66541 0.746044 0.0254507 -0.998792 -0.0430329 -0.0237066 -0.378926 0.862527 0.335354 -0.745502 -0.666093 0.0233743 0.320563 0.10211 -0.941707 -0.331154 0.881831 0.335725 0.151246 -0.300214 0.941805 -0.0440655 0.998681 -0.026365 -0.331181 0.881831 -0.335697 0.301027 0.150364 -0.941686 0.10886 -0.320137 0.941096 -0.378893 0.862522 -0.335406 0.330336 -0.882269 -0.33538 -0.0438028 0.998717 0.0254196 -0.145342 0.305262 0.941111 -0.300873 -0.150533 -0.941709 0.377961 -0.862804 -0.335731 -0.10105 0.320623 0.941801 -0.998806 -0.0429147 0.0233541 -0.665149 0.746245 -0.0263692 0.377974 -0.862824 0.335663 -0.320565 -0.102167 -0.941701 -0.745602 -0.665969 -0.0237313 0.330329 -0.882258 0.335416 </float_array>
          <technique_common>
            <accessor count="96" offset="0" source="#meshId4-tangents-array" stride="3">
              <param name="X" type="float" />
              <param name="Y" type="float" />
              <param name="Z" type="float" />
            </accessor>
          </technique_common>
        </source>
        <source id="meshId4-bitangents" name="meshId4-bitangents">
          <float_array id="meshId4-bitangents-array" count="288"> 0.0133701 0.000582772 -0.99991 0.0257553 -0.00293567 -0.999664 -0.0256448 0.00293502 -0.999667 -0.0131888 -0.000509413 -0.999913 -0.0211426 0.0174929 -0.999623 -0.00953571 0.0102207 -0.999902 0.0094821 -0.0101069 -0.999904 0.020449 -0.0167894 -0.99965 -0.921291 -0.388866 -0.00233524 -0.9171 -0.398506 -0.0110074 -0.93529 -0.353703 0.0112684 -0.931386 -0.364026 0.00234123 0.100917 -0.371449 -0.922953 -0.00980566 -0.00883651 -0.999913 0.186942 -0.336483 -0.922947 -0.332622 -0.182736 -0.925187 -0.365556 -0.101785 -0.925207 0.000257766 -0.0138577 -0.999904 -0.873428 -0.308171 -0.377033 -0.931386 -0.364024 -0.00234112 -0.840463 -0.389222 -0.376999 -0.325716 0.945463 -0.00313698 0.00611082 0.99894 0.0456242 0.00611095 0.998939 -0.0456462 -0.325708 0.945459 0.00463042 -0.0163258 -0.0199934 -0.999667 0.0100049 0.00891788 -0.99991 0.0164426 0.0201086 -0.999663 -0.84046 -0.389231 0.376996 -0.87343 -0.308163 0.377035 -0.921299 -0.388848 0.00233434 -0.335915 0.941785 -0.0142234 -0.426231 0.904603 0.00456869 -0.415182 0.909672 0.0109871 -0.00293684 -0.0262941 -0.99965 0.00294294 0.0272841 -0.999623 -0.000299328 0.0139783 -0.999902 0.711483 0.701434 0.0422181 0.925611 0.3781 -0.0168644 0.925718 0.378106 0.00903345 0.711223 0.701146 -0.0505635 0.921463 0.387563 -0.0264559 0.92971 0.367753 0.0199225 0.927013 0.374921 0.00903412 -0.935282 -0.353723 -0.0112597 -0.917123 -0.398453 0.0109837 0.9987 -0.00616311 -0.0505967 0.99909 -0.0061889 0.0421934 0.926932 0.37485 -0.0168744 -0.701372 0.711328 -0.0457085 -0.426228 0.90461 -0.003157 -0.701376 0.711332 0.0455935 0.365792 0.101121 -0.925187 0.332922 0.182098 -0.925205 -0.84072 -0.388637 0.37703 -0.931313 -0.364211 0.00233014 -0.921226 -0.38902 0.00234433 -0.873656 -0.307562 0.377002 -0.935038 -0.354377 0.010971 -0.916845 -0.399084 -0.0112692 -0.921226 -0.389022 -0.00234469 0.922653 0.385117 0.0199029 0.930563 0.365173 -0.0264673 -0.873661 -0.307548 -0.377003 -0.84072 -0.388639 -0.377027 -0.931311 -0.364216 -0.00233013 -0.416378 0.90908 -0.0142473 -0.337124 0.941395 0.0110945 -0.100806 0.371495 -0.922946 -0.186843 0.336528 -0.922951 -0.916844 -0.399086 0.0112696 -0.935036 -0.354382 -0.0109685 -0.258832 -0.19861 -0.945283 0.0364001 -0.324065 -0.945334 -0.907979 -0.276477 -0.314855 0.200308 -0.257361 -0.945326 -0.0642223 0.994228 0.0859429 -0.843048 -0.436317 0.31448 0.757042 0.647823 0.0849285 -0.32393 -0.0392479 -0.945267 -0.843034 -0.436333 -0.314495 -0.647522 0.757168 -0.0860909 0.993509 0.0664748 -0.0923096 -0.907993 -0.27643 0.314858 -0.843367 -0.435448 0.314829 0.323975 0.0382691 -0.945291 0.758192 0.645469 -0.0922742 -0.647628 0.7571 0.0858919 -0.908382 -0.275545 -0.314512 0.994334 0.0639527 0.0849146 -0.0360292 0.324099 -0.945337 0.259486 0.197886 -0.945256 -0.908375 -0.275578 0.314502 -0.0642198 0.994223 -0.0860043 -0.200009 0.257611 -0.945322 -0.843374 -0.435452 -0.314803 </float_array>
          <technique_common>
            <accessor count="96" offset="0" source="#meshId4-bitangents-array" stride="3">
              <param name="X" type="float" />
              <param name="Y" type="float" />
              <param name="Z" type="float" />
            </accessor>
          </technique_common>
        </source>
        <source id="meshId4-tex0" name="meshId4-tex0">
          <float_array id="meshId4-tex0-array" count="192"> 0.558615 0.77388 0.559741 0.77385 0.559733 0.869116 0.558607 0.869086 0.859682 0.523726 0.860808 0.523758 0.860797 0.618957 0.859671 0.618988 0.977781 0.255944 0.976654 0.255975 0.976678 0.00109386 0.977804 0.00112528 0.558645 0.772754 0.30379 0.773856 0.30376 0.77273 0.860773 0.522632 0.867713 0.52264 0.867678 0.523758 0.977746 0.257062 0.984652 0.255944 0.984686 0.257069 0.727713 0.606233 0.727682 0.605107 0.822944 0.605115 0.822912 0.606241 0.302664 0.773826 0.303782 0.869062 0.302656 0.869093 0.97777 0 0.98471 7.33137e-06 0.984675 0.00112528 0.726595 0.606198 0.727713 0.613104 0.726588 0.613138 0.868805 0.523727 0.868793 0.618989 0.867668 0.618957 0.997884 0.265079 0.997858 0.266204 0.902653 0.266585 0.902618 0.265458 0.998985 0.26617 1 0.521053 0.998874 0.521027 0.985778 0.255976 0.985802 0.0010947 0.998909 0.522154 0.903643 0.522533 0.903669 0.521408 0.727682 0.614229 0.822912 0.613111 0.822943 0.614238 0.867702 0.620082 0.860762 0.620075 0.958428 0.257062 0.958462 0.255944 0.965334 0.255945 0.965368 0.25707 0.957336 0.255975 0.957382 0.00109386 0.958508 0.00112528 0.901527 0.266559 0.902543 0.521442 0.958474 0 0.965414 7.92742e-06 0.965379 0.00112599 0.82403 0.613146 0.824038 0.606206 0.558636 0.870212 0.303752 0.870188 0.96646 0.255977 0.966505 0.00109547 0.859866 0.522816 0.559555 0.77294 0.976839 0.256882 0.30285 0.772916 0.726775 0.605291 0.976863 0.000183642 0.998795 0.265261 0.86862 0.52282 0.985593 0.256886 0.726772 0.614045 0.999818 0.521964 0.985617 0.000187337 0.957521 0.256882 0.868609 0.619899 0.901709 0.265648 0.823851 0.614053 0.957567 0.000183582 0.902733 0.522351 0.559547 0.870026 0.859855 0.619895 0.966275 0.256887 0.823854 0.6053 0.302842 0.870003 0.966321 0.000188053 </float_array>
          <technique_common>
            <accessor count="96" offset="0" source="#meshId4-tex0-array" stride="2">
              <param name="S" type="float" />
              <param name="T" type="float" />
            </accessor>
          </technique_common>
        </source>
        <vertices id="meshId4-vertices">
          <input semantic="POSITION" source="#meshId4-positions" />
        </vertices>
        <polylist count="108" material="defaultMaterial">
          <input offset="0" semantic="VERTEX" source="#meshId4-vertices" />
          <input offset="0" semantic="NORMAL" source="#meshId4-normals" />
          <input offset="0" semantic="TANGENT" source="#meshId4-tangents" />
          <input offset="0" semantic="BINORMAL" source="#meshId4-bitangents" />
          <input offset="0" semantic="TEXCOORD" source="#meshId4-tex0" set="0" />
          <vcount>3 3 3 3 3 3 3 3 3 3 3 3 3 3 3 3 3 3 3 3 3 3 3 3 3 3 3 3 3 3 3 3 3 3 3 3 3 3 3 3 3 3 3 3 3 3 3 3 3 3 3 3 3 3 3 3 3 3 3 3 3 3 3 3 3 3 3 3 3 3 3 3 3 3 3 3 3 3 3 3 3 3 3 3 3 3 3 3 3 3 3 3 3 3 3 3 3 3 3 3 3 3 3 3 3 3 3 3 </vcount>
          <p>3 0 1 1 2 3 7 4 5 5 6 7 11 8 9 9 10 11 14 12 0 0 13 14 17 5 15 15 16 17 20 18 8 8 19 20 24 21 22 22 23 24 27 25 13 13 26 27 30 11 28 28 29 30 33 31 21 21 32 33 36 17 34 34 35 36 40 37 38 38 39 40 43 38 41 41 42 43 45 44 19 19 30 45 48 43 46 46 47 48 51 49 32 32 50 51 6 36 52 52 53 6 57 54 55 55 56 57 60 55 58 58 59 60 62 61 39 39 48 62 65 60 63 63 64 65 67 66 50 50 24 67 26 3 68 68 69 26 71 70 56 56 65 71 19 8 11 11 30 19 39 38 43 43 48 39 56 55 60 60 65 56 0 3 26 26 13 0 32 21 24 24 50 32 36 6 5 5 17 36 72 15 5 5 4 72 73 1 0 0 12 73 74 9 8 8 18 74 75 14 13 13 25 75 76 22 21 21 31 76 77 28 11 11 10 77 78 41 38 38 37 78 79 34 17 17 16 79 80 20 19 19 44 80 81 33 32 32 49 81 82 46 43 43 42 82 83 45 30 30 29 83 84 58 55 55 54 84 85 52 36 36 35 85 86 40 39 39 61 86 87 51 50 50 66 87 88 63 60 60 59 88 89 62 48 48 47 89 90 68 3 3 2 90 91 7 6 6 53 91 92 57 56 56 70 92 93 67 24 24 23 93 94 27 26 26 69 94 95 71 65 65 64 95 </p>
        </polylist>
      </mesh>
    </geometry>
    <geometry id="meshId5" name="meshId5_name" >
      <mesh>
        <source id="meshId5-positions" name="meshId5-positions">
          <float_array id="meshId5-positions-array" count="288"> -0.870686 -0.317052 0.218951 -0.875889 -0.312472 0.218951 -0.875889 -0.312472 -0.366774 -0.870686 -0.317052 -0.366774 -0.875889 -0.312472 0.218951 -0.87633 -0.305554 0.218951 -0.87633 -0.305554 -0.366774 -0.875889 -0.312472 -0.366774 -0.867759 -0.308481 0.228008 -0.869829 -0.314541 0.225355 0.61382 -0.821104 0.225355 0.615889 -0.815043 0.228008 -0.869829 -0.314541 0.225355 0.612963 -0.823614 0.218951 0.61382 -0.821104 0.225355 -0.87382 -0.306411 0.225355 -0.860162 -0.266408 0.225355 -0.862672 -0.265551 0.218951 -0.87382 -0.306411 0.225355 -0.854101 -0.268478 0.228008 -0.860162 -0.266408 0.225355 0.62446 -0.81797 0.218951 0.619881 -0.823173 0.218951 0.619881 -0.823173 -0.366774 0.62446 -0.81797 -0.366774 0.619881 -0.823173 0.218951 0.612963 -0.823614 -0.366774 0.619881 -0.823173 -0.366774 0.62195 -0.817113 0.225355 0.635608 -0.77711 0.225355 0.629548 -0.77504 0.228008 0.62195 -0.817113 0.225355 0.638119 -0.777967 0.218951 0.635608 -0.77711 0.225355 -0.858093 -0.260348 0.218951 -0.858093 -0.260348 -0.366774 -0.862672 -0.265551 -0.366774 -0.858093 -0.260348 0.218951 -0.851175 -0.259907 0.218951 -0.851175 -0.259907 -0.366774 -0.858093 -0.260348 -0.366774 -0.852032 -0.262417 0.225355 0.631617 -0.76898 0.225355 0.632474 -0.766469 0.218951 -0.852032 -0.262417 0.225355 0.631617 -0.76898 0.225355 0.637677 -0.771049 0.218951 0.637677 -0.771049 -0.366774 0.632474 -0.766469 -0.366774 0.637677 -0.771049 0.218951 0.638119 -0.777967 -0.366774 0.637677 -0.771049 -0.366774 -0.860162 -0.266408 -0.373178 -0.87382 -0.306411 -0.373178 -0.860162 -0.266408 -0.373178 -0.854101 -0.268478 -0.375831 -0.867759 -0.308481 -0.375831 -0.87382 -0.306411 -0.373178 -0.852032 -0.262417 -0.373178 0.631617 -0.76898 -0.373178 0.629548 -0.77504 -0.375831 -0.852032 -0.262417 -0.373178 0.631617 -0.76898 -0.373178 0.635608 -0.77711 -0.373178 0.62195 -0.817113 -0.373178 0.615889 -0.815043 -0.375831 0.635608 -0.77711 -0.373178 0.62195 -0.817113 -0.373178 -0.869829 -0.314541 -0.373178 0.61382 -0.821104 -0.373178 -0.869829 -0.314541 -0.373178 0.61382 -0.821104 -0.373178 -0.874395 -0.311738 0.224178 -0.874395 -0.311738 0.224178 -0.874395 -0.311738 0.224178 0.619147 -0.821679 0.224178 0.619147 -0.821679 0.224178 0.619147 -0.821679 0.224178 -0.857359 -0.261842 0.224178 -0.857359 -0.261842 0.224178 -0.857359 -0.261842 0.224178 0.636183 -0.771783 0.224178 0.636183 -0.771783 0.224178 0.636183 -0.771783 0.224178 -0.857359 -0.261842 -0.372001 -0.857359 -0.261842 -0.372001 -0.857359 -0.261842 -0.372001 0.636183 -0.771783 -0.372001 0.636183 -0.771783 -0.372001 0.636183 -0.771783 -0.372001 -0.874395 -0.311738 -0.372001 -0.874395 -0.311738 -0.372001 -0.874395 -0.311738 -0.372001 0.619147 -0.821679 -0.372001 0.619147 -0.821679 -0.372001 0.619147 -0.821679 -0.372001 </float_array>
          <technique_common>
            <accessor count="96" offset="0" source="#meshId5-positions-array" stride="3">
              <param name="X" type="float" />
              <param name="Y" type="float" />
              <param name="Z" type="float" />
            </accessor>
          </technique_common>
        </source>
        <source id="meshId5-normals" name="meshId5-normals">
          <float_array id="meshId5-normals-array" count="288"> -0.324701 -0.945806 0.00447339 -0.660449 -0.750866 0.00277445 -0.660449 -0.750866 -0.00277438 -0.324701 -0.945806 -0.00447339 -0.99799 -0.0633038 0.00277383 -0.962483 0.27131 0.00427093 -0.962483 0.27131 -0.00427094 -0.99799 -0.0633035 -0.00277383 -0.0190809 -0.0509135 0.998521 -0.124598 -0.361702 0.92393 -0.122626 -0.362375 0.92393 -0.0160402 -0.0519505 0.998521 -0.299519 -0.874028 0.382575 -0.321523 -0.946891 0.00447357 -0.297548 -0.874701 0.382575 -0.886566 0.265922 0.378532 -0.864075 0.331793 0.378534 -0.927436 0.373958 0.00427089 -0.369485 0.0893653 0.924929 0.0160406 0.0519508 0.998521 -0.346994 0.155249 0.924929 0.92743 -0.373971 0.00427159 0.750867 -0.660448 0.002774 0.750867 -0.660447 -0.00277406 0.92743 -0.373971 -0.0042716 0.0633006 -0.997991 0.00277385 -0.321523 -0.946891 -0.00447357 0.0633006 -0.997991 -0.00277379 0.347011 -0.15526 0.92492 0.369505 -0.0893758 0.92492 0.0190812 0.0509138 0.998521 0.864053 -0.331794 0.378582 0.962483 -0.27131 0.00427154 0.886547 -0.265911 0.378584 -0.750893 0.660418 0.00277398 -0.750893 0.660417 -0.00277403 -0.927436 0.373958 -0.00427091 -0.0632972 0.997991 0.00277383 0.321523 0.946891 0.00447332 0.321523 0.946891 -0.00447331 -0.0632972 0.997991 -0.0027737 0.29755 0.874708 0.382556 0.299522 0.874035 0.382556 0.324701 0.945806 0.00447348 0.122628 0.362375 0.92393 0.124599 0.361702 0.92393 0.660394 0.750914 0.00277363 0.660394 0.750914 -0.00277362 0.324701 0.945806 -0.00447348 0.997987 0.0633586 0.00277417 0.962483 -0.27131 -0.00427154 0.997987 0.0633586 -0.00277418 -0.864077 0.331783 -0.378538 -0.886566 0.265917 -0.378535 -0.346994 0.155248 -0.924929 0.0160408 0.0519508 -0.998521 -0.0190807 -0.0509134 -0.998521 -0.369485 0.0893654 -0.924929 0.122628 0.362375 -0.92393 0.124599 0.361702 -0.92393 0.0190814 0.0509137 -0.998521 0.297551 0.874707 -0.382558 0.299522 0.874034 -0.382558 0.369503 -0.0893782 -0.924921 0.347009 -0.155257 -0.924922 -0.0160401 -0.0519505 -0.998521 0.886546 -0.265912 -0.378586 0.864055 -0.331786 -0.378585 -0.299519 -0.874027 -0.382577 -0.297547 -0.8747 -0.382576 -0.124598 -0.361702 -0.92393 -0.122626 -0.362375 -0.92393 -0.945395 -0.0208802 0.325258 -0.594706 -0.735193 0.325293 -0.41289 -0.202722 0.887933 0.0209139 -0.945398 0.325246 0.735182 -0.594731 0.325274 0.202718 -0.412941 0.887911 -0.0209183 0.945393 0.325261 -0.735225 0.594676 0.325276 -0.202712 0.412924 0.88792 0.945383 0.0209375 0.325289 0.594715 0.735207 0.325245 0.412918 0.202689 0.887928 -0.202709 0.412916 -0.887924 -0.73524 0.594654 -0.325282 -0.0209136 0.945403 -0.325233 0.945382 0.0209377 -0.325292 0.412921 0.202667 -0.887931 0.594734 0.735187 -0.325256 -0.594735 -0.735162 -0.32531 -0.945395 -0.0208457 -0.325258 -0.412887 -0.202722 -0.887935 0.735234 -0.594655 -0.325294 0.0209107 -0.945405 -0.325225 0.202721 -0.412922 -0.887919 </float_array>
          <technique_common>
            <accessor count="96" offset="0" source="#meshId5-normals-array" stride="3">
              <param name="X" type="float" />
              <param name="Y" type="float" />
              <param name="Z" type="float" />
            </accessor>
          </technique_common>
        </source>
        <source id="meshId5-tangents" name="meshId5-tangents">
          <float_array id="meshId5-tangents-array" count="288"> -0.945759 0.324625 -0.0126127 -0.750666 0.660178 -0.0257752 -0.750668 0.660181 0.0256631 -0.945761 0.324626 0.0124194 -0.0632053 0.99763 0.0271983 0.271343 0.962391 0.013279 0.271343 0.962392 -0.013205 -0.0632088 0.997652 -0.0263651 0.309892 0.949219 0.0543213 0.273639 0.882547 0.382403 0.323955 0.865348 0.382395 0.335471 0.940483 0.05432 -0.939298 0.340466 0.0424464 -0.94681 0.321554 0.0124128 -0.951395 0.305017 -0.0425712 0.276364 0.960657 -0.027592 0.368616 0.92919 0.0269807 0.373877 0.927385 -0.0131873 0.348171 0.936168 0.0486344 0.335434 0.940496 -0.0543205 0.296387 0.953815 -0.0489059 -0.00279461 0.00449169 0.999986 -0.0322561 -0.0324764 0.998952 0.0322486 0.0324679 0.998952 0.00224023 -0.0058664 0.99998 -0.99767 -0.063209 0.0256617 -0.946807 0.321554 -0.0126324 -0.997666 -0.0632082 -0.0258236 0.296421 0.953805 0.0488979 0.348189 0.936161 -0.0486396 0.309885 0.949221 -0.0543217 -0.347871 0.150041 0.925459 -0.00536615 -0.00329272 0.99998 -0.366036 0.0972936 0.925501 0.660137 0.750684 -0.0263157 0.660117 0.750667 0.0272999 0.373875 0.927383 0.0133125 -0.997764 -0.0632226 -0.0216752 -0.946856 0.321551 -0.00831914 -0.946744 0.321552 0.0167023 -0.997559 -0.0631871 0.0297386 -0.951718 0.303443 0.0464249 -0.939993 0.339006 -0.0385691 -0.945707 0.324588 0.016735 0.323889 0.865372 -0.382396 0.273615 0.882554 -0.382403 -0.750638 0.660041 0.0298161 -0.75078 0.660195 -0.0217256 -0.945795 0.324657 -0.00834188 -0.00565699 0.0453658 0.998954 0.00497303 0.00189806 0.999986 0.00565945 -0.0454045 0.998953 0.368851 0.929077 -0.027643 0.276611 0.960604 0.0269634 -0.296981 -0.953643 -0.0486528 -0.33525 -0.940562 -0.054321 -0.309706 -0.949279 0.0543208 -0.348755 -0.935938 0.0488897 -0.323183 -0.865632 -0.382405 -0.272934 -0.882769 -0.382395 -0.309718 -0.949275 -0.0543213 -0.951041 0.306649 -0.0385693 -0.938569 0.341955 0.0464182 -0.348762 -0.935935 -0.0488868 -0.296969 -0.953646 0.0486634 -0.335259 -0.940559 0.0543204 0.367034 -0.0939079 0.925455 0.349121 -0.146844 0.925501 -0.93928 0.340503 -0.0425461 -0.951384 0.305067 0.0424482 -0.272914 -0.882775 0.382395 -0.323199 -0.865627 0.382404 -0.0133238 0.999588 0.0254425 -0.78236 0.622375 -0.0236959 0.279458 0.899689 0.335354 -0.999628 -0.0140845 0.0233383 -0.309019 0.133045 0.941704 0.328175 0.88295 0.335709 -0.999691 -0.0154116 -0.0194975 0.621578 0.782909 -0.0263702 0.328112 0.882971 -0.335715 -0.325875 0.0837214 0.941699 -0.783116 0.621264 0.0275898 0.279478 0.899688 -0.335341 -0.329066 -0.882743 -0.335382 0.621822 0.782745 0.0254351 -0.999541 -0.0126329 0.027552 0.325879 -0.0836452 0.941704 -0.280391 -0.899288 -0.335652 -0.781521 0.623573 -0.019537 -0.782268 0.622503 0.0233669 -0.0129551 0.999567 -0.0264067 -0.280366 -0.899284 0.335683 0.30906 -0.133012 0.941695 -0.999621 -0.0139475 -0.0237275 -0.329048 -0.882746 0.335391 </float_array>
          <technique_common>
            <accessor count="96" offset="0" source="#meshId5-tangents-array" stride="3">
              <param name="X" type="float" />
              <param name="Y" type="float" />
              <param name="Z" type="float" />
            </accessor>
          </technique_common>
        </source>
        <source id="meshId5-bitangents" name="meshId5-bitangents">
          <float_array id="meshId5-bitangents-array" count="288"> 0.010477 -0.0083261 -0.99991 0.0175221 -0.0191059 -0.999664 -0.017438 0.0190318 -0.999667 -0.0102941 0.00826333 -0.999913 -0.00448901 0.0269684 -0.999626 -0.000507585 0.0139397 -0.999903 0.000527675 -0.0138685 -0.999904 0.00443632 -0.0261368 -0.999649 -0.95058 0.31047 -0.00233425 -0.953728 0.30047 -0.0109879 -0.938092 0.346204 0.0112788 -0.941914 0.335846 0.00234233 -0.167353 -0.346639 -0.922949 -0.0131921 -0.000244623 -0.999913 -0.0794549 -0.376647 -0.922943 -0.370976 0.0801504 -0.925177 -0.342778 0.162847 -0.925194 -0.00889226 -0.0106336 -0.999904 -0.861543 0.340004 -0.377015 -0.941927 0.335809 -0.00233995 -0.889803 0.257166 -0.376982 -0.373985 -0.927429 0.00312062 -0.659665 -0.750169 -0.0456889 -0.659665 -0.75017 0.0456776 -0.373989 -0.927422 -0.0046029 -0.0254348 -0.00439179 -0.999667 0.0134 0.000174006 -0.99991 0.0255963 0.00440196 -0.999663 -0.889785 0.257197 0.377003 -0.861528 0.34002 0.377036 -0.950582 0.310463 0.00233487 -0.363865 -0.931343 0.0142213 -0.27129 -0.962486 -0.00462507 -0.282934 -0.959075 -0.0110775 -0.0194618 -0.0179291 -0.99965 0.0201117 0.0186681 -0.999624 0.00893909 0.0107497 -0.999902 -0.0214563 -0.00413961 0.999761 -0.00931572 -0.00156079 0.999955 0.0172537 -0.0011351 0.999851 0.0295036 0.0046493 0.999554 -0.0754755 -0.377899 0.922765 -0.1634 -0.348047 0.923127 0.0143761 -0.00966449 0.99985 -0.938114 0.346143 -0.0112509 -0.953735 0.300448 0.0109985 0.0205586 -0.0217723 0.999552 -0.014483 0.0164299 0.99976 -0.00643746 0.00693961 0.999955 0.0631665 -0.996959 0.0456329 -0.271298 -0.96249 0.00317608 0.0631663 -0.996957 -0.0456717 0.342519 -0.16351 -0.925173 0.370792 -0.0808023 -0.925194 -0.889605 0.257804 0.377014 -0.941993 0.335626 0.0023292 -0.950641 0.310284 0.00234469 -0.861307 0.340638 0.376982 -0.938358 0.345492 0.0109629 -0.95393 0.299818 -0.0112716 -0.950637 0.310296 -0.0023446 0.0835741 0.375304 0.923126 0.171389 0.345154 0.922765 -0.861297 0.340641 -0.377003 -0.889603 0.257787 -0.37703 -0.941989 0.335634 -0.00233026 -0.281642 -0.959412 0.014345 -0.362661 -0.931856 -0.0110482 0.167455 0.346603 -0.922944 0.0795819 0.376608 -0.922948 -0.953936 0.299799 0.0112784 -0.938352 0.345506 -0.0109706 -0.325655 0.0197196 -0.945283 -0.185033 -0.268589 -0.945316 -0.866848 0.386604 -0.314821 -0.017483 -0.325614 -0.945341 -0.603336 -0.792839 -0.0859705 -0.922609 0.223336 0.314506 -0.01342 -0.325569 0.945423 -0.270343 0.182796 -0.945251 -0.922632 0.223283 -0.314474 -0.00751677 -0.996269 0.0859718 -0.181779 -0.271113 0.945227 -0.866828 0.386625 0.31485 -0.922293 0.2242 0.314816 0.269738 -0.183567 -0.945275 0.0219391 0.325659 0.945233 -0.00749192 -0.996276 -0.0858998 -0.866532 0.387566 -0.314509 0.188457 0.265814 0.945424 0.185328 0.268377 -0.945319 0.325668 -0.020751 -0.945257 -0.866556 0.387546 0.314466 -0.603252 -0.792901 0.0859893 0.017896 0.325598 -0.945339 -0.922297 0.224177 -0.314823 </float_array>
          <technique_common>
            <accessor count="96" offset="0" source="#meshId5-bitangents-array" stride="3">
              <param name="X" type="float" />
              <param name="Y" type="float" />
              <param name="Z" type="float" />
            </accessor>
          </technique_common>
        </source>
        <source id="meshId5-tex0" name="meshId5-tex0">
          <float_array id="meshId5-tex0-array" count="192"> 0.255959 0.784672 0.257086 0.784642 0.257077 0.879908 0.255951 0.879878 0.869341 0.523968 0.870467 0.524 0.870456 0.619199 0.86933 0.61923 0.968122 0.255944 0.966995 0.255975 0.967019 0.00109383 0.968145 0.00112523 0.25599 0.783546 0.00113425 0.784648 0.00110486 0.783522 0.870432 0.522874 0.877372 0.522882 0.877337 0.524 0.968087 0.257062 0.974993 0.255944 0.975027 0.25707 0.725247 0.609095 0.725278 0.610221 0.630016 0.610213 0.630048 0.609087 8.64267e-06 0.784618 0.00112629 0.879854 0 0.879884 0.968111 0 0.975051 7.2709e-06 0.975016 0.0011253 0.726365 0.60913 0.725247 0.602224 0.726372 0.60219 0.878464 0.523969 0.878452 0.619231 0.877327 0.619199 0.604113 0.582576 0.602988 0.582551 0.602607 0.487346 0.603734 0.487311 0.603022 0.583677 0.348139 0.584692 0.348165 0.583566 0.976119 0.255976 0.976142 0.00109465 0.347038 0.583601 0.346659 0.488336 0.347784 0.488361 0.725278 0.601099 0.630048 0.602216 0.630017 0.60109 0.877361 0.620324 0.870421 0.620317 0.948768 0.257062 0.948803 0.255944 0.955674 0.255945 0.955709 0.25707 0.947677 0.255975 0.947722 0.00109384 0.948849 0.00112528 0.602633 0.48622 0.34775 0.487235 0.948814 0 0.955755 7.92904e-06 0.95572 0.00112596 0.62893 0.602182 0.628923 0.609121 0.255981 0.881004 0.0010961 0.88098 0.9568 0.255976 0.956846 0.00109545 0.869526 0.523058 0.2569 0.783732 0.96718 0.256882 0.00019455 0.783708 0.726185 0.610036 0.967204 0.00018359 0.603931 0.583487 0.878279 0.523062 0.975934 0.256886 0.726188 0.601283 0.347228 0.58451 0.975958 0.000187288 0.947862 0.256882 0.878268 0.620141 0.603544 0.486402 0.62911 0.601275 0.947907 0.000183578 0.346841 0.487425 0.256891 0.880818 0.869515 0.620137 0.956616 0.256887 0.629106 0.610028 0.000186086 0.880794 0.956661 0.000188052 </float_array>
          <technique_common>
            <accessor count="96" offset="0" source="#meshId5-tex0-array" stride="2">
              <param name="S" type="float" />
              <param name="T" type="float" />
            </accessor>
          </technique_common>
        </source>
        <vertices id="meshId5-vertices">
          <input semantic="POSITION" source="#meshId5-positions" />
        </vertices>
        <polylist count="108" material="defaultMaterial">
          <input offset="0" semantic="VERTEX" source="#meshId5-vertices" />
          <input offset="0" semantic="NORMAL" source="#meshId5-normals" />
          <input offset="0" semantic="TANGENT" source="#meshId5-tangents" />
          <input offset="0" semantic="BINORMAL" source="#meshId5-bitangents" />
          <input offset="0" semantic="TEXCOORD" source="#meshId5-tex0" set="0" />
          <vcount>3 3 3 3 3 3 3 3 3 3 3 3 3 3 3 3 3 3 3 3 3 3 3 3 3 3 3 3 3 3 3 3 3 3 3 3 3 3 3 3 3 3 3 3 3 3 3 3 3 3 3 3 3 3 3 3 3 3 3 3 3 3 3 3 3 3 3 3 3 3 3 3 3 3 3 3 3 3 3 3 3 3 3 3 3 3 3 3 3 3 3 3 3 3 3 3 3 3 3 3 3 3 3 3 3 3 3 3 </vcount>
          <p>3 0 1 1 2 3 7 4 5 5 6 7 11 8 9 9 10 11 14 12 0 0 13 14 17 5 15 15 16 17 20 18 8 8 19 20 24 21 22 22 23 24 27 25 13 13 26 27 30 11 28 28 29 30 33 31 21 21 32 33 36 17 34 34 35 36 40 37 38 38 39 40 43 38 41 41 42 43 45 44 19 19 30 45 48 43 46 46 47 48 51 49 32 32 50 51 6 36 52 52 53 6 57 54 55 55 56 57 60 55 58 58 59 60 62 61 39 39 48 62 65 60 63 63 64 65 67 66 50 50 24 67 26 3 68 68 69 26 71 70 56 56 65 71 19 8 11 11 30 19 39 38 43 43 48 39 56 55 60 60 65 56 0 3 26 26 13 0 32 21 24 24 50 32 36 6 5 5 17 36 72 15 5 5 4 72 73 1 0 0 12 73 74 9 8 8 18 74 75 14 13 13 25 75 76 22 21 21 31 76 77 28 11 11 10 77 78 41 38 38 37 78 79 34 17 17 16 79 80 20 19 19 44 80 81 33 32 32 49 81 82 46 43 43 42 82 83 45 30 30 29 83 84 58 55 55 54 84 85 52 36 36 35 85 86 40 39 39 61 86 87 51 50 50 66 87 88 63 60 60 59 88 89 62 48 48 47 89 90 68 3 3 2 90 91 7 6 6 53 91 92 57 56 56 70 92 93 67 24 24 23 93 94 27 26 26 69 94 95 71 65 65 64 95 </p>
        </polylist>
      </mesh>
    </geometry>
    <geometry id="meshId6" name="meshId6_name" >
      <mesh>
        <source id="meshId6-positions" name="meshId6-positions">
          <float_array id="meshId6-positions-array" count="156"> -0.963328 -0.791323 0.0415121 -0.973583 -0.801578 0.0312567 -0.932558 -0.801578 0.0312567 -0.942813 -0.791323 0.0415121 -0.973583 -0.801578 0.0312567 -0.963328 -0.791323 0.0415121 -0.963328 0.758147 0.0415121 -0.973583 0.768402 0.0312567 -0.942813 -0.791323 0.0415121 -0.932558 -0.801578 0.0312567 -0.932558 0.768402 0.0312567 -0.942813 0.758147 0.0415121 -0.973583 0.768402 0.0312567 -0.963328 0.758147 0.0415121 -0.942813 0.758147 0.0415121 -0.932558 0.768402 0.0312567 -0.973583 0.768402 -0.287774 -0.963328 0.758147 -0.298029 -0.963328 -0.791323 -0.298029 -0.973583 -0.801578 -0.287774 -0.963328 0.758147 -0.298029 -0.973583 0.768402 -0.287774 -0.932558 0.768402 -0.287774 -0.942813 0.758147 -0.298029 -0.942813 0.758147 -0.298029 -0.932558 0.768402 -0.287774 -0.932558 -0.801578 -0.287774 -0.942813 -0.791323 -0.298029 -0.973583 -0.801578 -0.287774 -0.963328 -0.791323 -0.298029 -0.942813 -0.791323 -0.298029 -0.932558 -0.801578 -0.287774 -0.963328 -0.791323 0.0415121 -0.942813 -0.791323 0.0415121 -0.942813 0.758147 0.0415121 -0.963328 0.758147 0.0415121 -0.973583 0.768402 0.0312567 -0.932558 0.768402 0.0312567 -0.932558 0.768402 -0.287774 -0.973583 0.768402 -0.287774 -0.963328 0.758147 -0.298029 -0.942813 0.758147 -0.298029 -0.942813 -0.791323 -0.298029 -0.963328 -0.791323 -0.298029 -0.973583 -0.801578 -0.287774 -0.932558 -0.801578 -0.287774 -0.932558 -0.801578 0.0312567 -0.973583 -0.801578 0.0312567 -0.973583 -0.801578 -0.287774 -0.973583 -0.801578 0.0312567 -0.973583 0.768402 0.0312567 -0.973583 0.768402 -0.287774 </float_array>
          <technique_common>
            <accessor count="52" offset="0" source="#meshId6-positions-array" stride="3">
              <param name="X" type="float" />
              <param name="Y" type="float" />
              <param name="Z" type="float" />
            </accessor>
          </technique_common>
        </source>
        <source id="meshId6-normals" name="meshId6-normals">
          <float_array id="meshId6-normals-array" count="156"> 0 -0.707101 0.707113 0 -0.707101 0.707113 0 -0.707101 0.707113 0 -0.707101 0.707113 -0.707104 0 0.70711 -0.707104 0 0.70711 -0.707104 0 0.70711 -0.707104 0 0.70711 0.707104 0 0.70711 0.707104 0 0.70711 0.707104 0 0.70711 0.707104 0 0.70711 0 0.707099 0.707115 0 0.707099 0.707115 0 0.707099 0.707115 0 0.707099 0.707115 -0.707104 0 -0.707109 -0.707104 0 -0.707109 -0.707104 0 -0.707109 -0.707104 0 -0.707109 0 0.707103 -0.707111 0 0.707103 -0.707111 0 0.707103 -0.707111 0 0.707103 -0.707111 0.707104 0 -0.707109 0.707104 0 -0.707109 0.707104 0 -0.707109 0.707104 0 -0.707109 0 -0.707101 -0.707113 0 -0.707101 -0.707113 0 -0.707101 -0.707113 0 -0.707101 -0.707113 0 0 1 0 0 1 0 0 1 0 0 1 0 1 0 0 1 0 0 1 0 0 1 0 0 0 -1 0 0 -1 0 0 -1 0 0 -1 0 -1 0 0 -1 0 0 -1 0 0 -1 0 -1 0 0 -1 0 0 -1 0 0 -1 0 0 </float_array>
          <technique_common>
            <accessor count="52" offset="0" source="#meshId6-normals-array" stride="3">
              <param name="X" type="float" />
              <param name="Y" type="float" />
              <param name="Z" type="float" />
            </accessor>
          </technique_common>
        </source>
        <source id="meshId6-tangents" name="meshId6-tangents">
          <float_array id="meshId6-tangents-array" count="156"> 0.260899 -0.682623 -0.682611 0.0878663 -0.704378 -0.704366 -0.117835 -0.702186 -0.702175 -0.0420234 -0.706488 -0.706476 -0.000116526 -1 -0.000116525 -0.000116278 -1 -0.000116277 -5.81832e-05 -1 -5.81827e-05 -5.8751e-05 -1 -5.87505e-05 -5.81845e-05 -1 5.8184e-05 -5.8749e-05 -1 5.87485e-05 -0.000116188 -1 0.000116187 -0.000115941 -1 0.00011594 -0.11784 -0.702188 0.702172 -0.0420219 -0.70649 0.706474 0.260926 -0.682619 0.682604 0.0878795 -0.704379 0.704363 0.000113336 1 -0.000113335 0.000113572 1 -0.000113571 0.000168841 1 -0.00016884 0.000168301 1 -0.0001683 0.26117 0.682569 0.682561 0.0881177 0.70436 0.704352 -0.117618 0.702203 0.702195 -0.0417929 0.706493 0.706485 0.000168672 1 0.000168671 0.000168132 1 0.000168131 0.000113168 1 0.000113168 0.000113404 1 0.000113404 -0.117619 0.702204 -0.702193 -0.0417901 0.706495 -0.706483 0.261189 0.682567 -0.682556 0.0881275 0.704361 -0.70435 -8.11377e-05 -1 0 -8.11378e-05 -1 0 -8.11377e-05 -1 0 -8.11378e-05 -1 0 0 0 1 -9.3585e-08 0 1 -1.14943e-06 0 1 -1.05584e-06 0 1 0.00023544 1 0 0.000235438 1 0 0.00023521 1 0 0.000235212 1 0 -0.000282757 0 1 -0.000282757 0 1 -0.000282757 0 1 -0.000282757 0 1 0 1 -5.58235e-05 0 1 -5.58235e-05 0 1 -5.58235e-05 0 1 -5.58235e-05 </float_array>
          <technique_common>
            <accessor count="52" offset="0" source="#meshId6-tangents-array" stride="3">
              <param name="X" type="float" />
              <param name="Y" type="float" />
              <param name="Z" type="float" />
            </accessor>
          </technique_common>
        </source>
        <source id="meshId6-bitangents" name="meshId6-bitangents">
          <float_array id="meshId6-bitangents-array" count="156"> 0.965366 0.184485 0.184482 0.996132 0.0621314 0.0621303 0.993033 -0.0833227 -0.0833213 0.999117 -0.0297152 -0.0297148 0.70711 -0.000164792 0.707104 0.70711 -0.000164441 0.707104 0.70711 -8.22831e-05 0.707104 0.70711 -8.30861e-05 0.707104 0.70711 -8.2285e-05 -0.707104 0.70711 -8.30832e-05 -0.707104 0.70711 -0.000164314 -0.707104 0.70711 -0.000163965 -0.707104 0.993033 -0.0833262 0.0833244 0.999117 -0.0297143 0.0297136 0.965359 0.184504 -0.1845 0.996131 0.0621409 -0.0621395 0.707109 -0.000160281 -0.707104 0.707109 -0.000160615 -0.707104 0.707109 -0.000238776 -0.707104 0.707109 -0.000238013 -0.707104 0.965293 -0.184676 -0.184674 0.99611 -0.062309 -0.0623083 0.993059 0.0831688 0.0831679 0.999126 0.0295522 0.0295519 0.707109 -0.000238538 0.707104 0.707109 -0.000237774 0.707104 0.707109 -0.000160044 0.707104 0.707109 -0.000160377 0.707104 0.993059 0.0831701 -0.0831688 0.999126 0.0295503 -0.0295498 0.965288 -0.18469 0.184687 0.996109 -0.062316 0.062315 1 -8.11377e-05 0 1 -8.11377e-05 0 1 -8.11377e-05 0 1 -8.11377e-05 0 1 0 0 1 -0 9.3585e-08 1 -0 1.14943e-06 1 -0 1.05584e-06 1 -0.00023544 0 1 -0.000235438 0 1 -0.00023521 0 1 -0.000235212 0 -1 -0 -0.000282757 -1 -0 -0.000282757 -1 -0 -0.000282757 -1 -0 -0.000282757 -0 -5.58235e-05 -1 -0 -5.58235e-05 -1 -0 -5.58235e-05 -1 -0 -5.58235e-05 -1 </float_array>
          <technique_common>
            <accessor count="52" offset="0" source="#meshId6-bitangents-array" stride="3">
              <param name="X" type="float" />
              <param name="Y" type="float" />
              <param name="Z" type="float" />
            </accessor>
          </technique_common>
        </source>
        <source id="meshId6-tex0" name="meshId6-tex0">
          <float_array id="meshId6-tex0-array" count="104"> 0.600689 0.595486 0.602824 0.593161 0.602822 0.601198 0.600763 0.598852 0.602824 0.593161 0.600689 0.595486 0.348719 0.595466 0.34666 0.59312 0.600763 0.598852 0.602822 0.601198 0.346659 0.601156 0.348794 0.598831 0.34666 0.59312 0.348719 0.595466 0.348794 0.598831 0.346659 0.601156 0.602822 0.601198 0.600688 0.603524 0.348719 0.603583 0.346659 0.601238 0.600688 0.603524 0.602822 0.601198 0.602823 0.609234 0.600763 0.606889 0.600763 0.606889 0.602823 0.609234 0.34666 0.609275 0.348794 0.606949 0.346659 0.601238 0.348719 0.603583 0.348794 0.606949 0.34666 0.609275 0.600689 0.595486 0.600763 0.598852 0.348794 0.598831 0.348719 0.595466 0.838546 0.614238 0.838546 0.620906 0.78669 0.620906 0.78669 0.614238 0.600688 0.603524 0.600763 0.606889 0.348794 0.606949 0.348719 0.603583 0.628924 0.6169 0.628923 0.610232 0.680779 0.610217 0.68078 0.616886 0.560238 0.876551 0.560235 0.824695 0.815423 0.824681 0.815426 0.876537 </float_array>
          <technique_common>
            <accessor count="52" offset="0" source="#meshId6-tex0-array" stride="2">
              <param name="S" type="float" />
              <param name="T" type="float" />
            </accessor>
          </technique_common>
        </source>
        <vertices id="meshId6-vertices">
          <input semantic="POSITION" source="#meshId6-positions" />
        </vertices>
        <polylist count="26" material="defaultMaterial">
          <input offset="0" semantic="VERTEX" source="#meshId6-vertices" />
          <input offset="0" semantic="NORMAL" source="#meshId6-normals" />
          <input offset="0" semantic="TANGENT" source="#meshId6-tangents" />
          <input offset="0" semantic="BINORMAL" source="#meshId6-bitangents" />
          <input offset="0" semantic="TEXCOORD" source="#meshId6-tex0" set="0" />
          <vcount>3 3 3 3 3 3 3 3 3 3 3 3 3 3 3 3 3 3 3 3 3 3 3 3 3 3 </vcount>
          <p>3 0 1 1 2 3 7 4 5 5 6 7 11 8 9 9 10 11 15 12 13 13 14 15 19 16 17 17 18 19 23 20 21 21 22 23 27 24 25 25 26 27 31 28 29 29 30 31 35 32 33 33 34 35 39 36 37 37 38 39 43 40 41 41 42 43 47 44 45 45 46 47 51 48 49 49 50 51 </p>
        </polylist>
      </mesh>
    </geometry>
    <geometry id="meshId7" name="meshId7_name" >
      <mesh>
        <source id="meshId7-positions" name="meshId7-positions">
          <float_array id="meshId7-positions-array" count="204"> 0.827677 0.758147 0.0122649 0.834929 0.765399 0.00926114 0.799911 0.765399 0.00926114 0.807162 0.758147 0.0122649 0.834929 0.765399 0.00926114 0.837933 0.768402 0.0020095 0.796907 0.768402 0.0020095 0.799911 0.765399 0.00926114 0.827677 -0.791323 -0.327277 0.807162 -0.791323 -0.327277 0.807162 0.758147 -0.327277 0.827677 0.758147 -0.327277 0.837933 0.768402 -0.317021 0.796907 0.768402 -0.317021 0.796907 0.768402 0.0020095 0.837933 0.768402 0.0020095 0.807162 -0.791323 0.0122649 0.827677 -0.791323 0.0122649 0.837933 -0.801578 0.0020095 0.796907 -0.801578 0.0020095 0.796907 -0.801578 -0.317021 0.837933 -0.801578 -0.317021 0.837933 -0.801578 0.0020095 0.837933 -0.801578 -0.317021 0.837933 0.768402 -0.317021 0.837933 0.768402 0.0020095 0.834929 -0.798574 -0.324273 0.799911 -0.798574 -0.324273 0.834929 -0.798574 -0.324273 0.837933 -0.801578 -0.317021 0.796907 -0.801578 -0.317021 0.799911 -0.798574 -0.324273 0.799911 -0.798574 -0.324273 0.799911 0.765399 -0.324273 0.799911 -0.798574 -0.324273 0.796907 -0.801578 -0.317021 0.796907 0.768402 -0.317021 0.799911 0.765399 -0.324273 0.837933 -0.801578 -0.317021 0.834929 -0.798574 -0.324273 0.834929 0.765399 -0.324273 0.837933 0.768402 -0.317021 0.834929 -0.798574 -0.324273 0.834929 0.765399 -0.324273 0.837933 0.768402 -0.317021 0.834929 0.765399 -0.324273 0.799911 0.765399 -0.324273 0.796907 0.768402 -0.317021 0.834929 0.765399 -0.324273 0.799911 0.765399 -0.324273 0.799911 0.765399 0.00926114 0.799911 -0.798574 0.00926114 0.799911 0.765399 0.00926114 0.796907 0.768402 0.0020095 0.796907 -0.801578 0.0020095 0.799911 -0.798574 0.00926114 0.837933 0.768402 0.0020095 0.834929 0.765399 0.00926114 0.834929 -0.798574 0.00926114 0.837933 -0.801578 0.0020095 0.834929 0.765399 0.00926114 0.834929 -0.798574 0.00926114 0.837933 -0.801578 0.0020095 0.834929 -0.798574 0.00926114 0.799911 -0.798574 0.00926114 0.796907 -0.801578 0.0020095 0.834929 -0.798574 0.00926114 0.799911 -0.798574 0.00926114 </float_array>
          <technique_common>
            <accessor count="68" offset="0" source="#meshId7-positions-array" stride="3">
              <param name="X" type="float" />
              <param name="Y" type="float" />
              <param name="Z" type="float" />
            </accessor>
          </technique_common>
        </source>
        <source id="meshId7-normals" name="meshId7-normals">
          <float_array id="meshId7-normals-array" count="204"> 0.140114 0.00249909 0.990132 0 0.382676 0.923883 0 0.382676 0.923883 -0.140114 0.00249909 0.990132 0 0.923879 0.382685 0 0.999978 0.00658893 0 0.999978 0.00658893 0 0.923879 0.382685 0.140115 -0.00249911 -0.990132 -0.140115 -0.00249911 -0.990132 -0.140115 0.00249911 -0.990132 0.140115 0.00249911 -0.990132 0 0.999978 -0.00658893 0 0.999978 -0.00658893 0 0.999978 0.00658893 0 0.999978 0.00658893 -0.140114 -0.00249911 0.990132 0.140114 -0.00249911 0.990132 0 -0.999978 0.00658888 0 -0.999978 0.00658888 0 -0.999978 -0.00658888 0 -0.999978 -0.00658888 0.999975 0 0.00708705 0.999975 0 -0.00708707 0.999975 0 -0.00708708 0.999975 0 0.00708707 0 -0.382678 -0.923882 0 -0.382678 -0.923882 0 -0.92388 -0.382683 0 -0.999978 -0.00658888 0 -0.999978 -0.00658888 0 -0.92388 -0.382683 -0.38268 0 -0.923881 -0.38268 0 -0.923881 -0.92388 0 -0.382681 -0.92388 0 -0.382681 -0.92388 0 -0.382681 -0.92388 0 -0.382681 0.999975 0 -0.00708707 0.92388 0 -0.382682 0.92388 0 -0.382682 0.999975 0 -0.00708708 0.38268 0 -0.923881 0.38268 0 -0.923881 0 0.999978 -0.00658893 0 0.923879 -0.382685 0 0.923879 -0.382685 0 0.999978 -0.00658893 0 0.382676 -0.923883 0 0.382676 -0.923883 -0.382679 0 0.923881 -0.382679 0 0.923881 -0.92388 0 0.382682 -0.92388 0 0.382682 -0.92388 0 0.382682 -0.92388 0 0.382682 0.999975 0 0.00708707 0.92388 0 0.382682 0.92388 0 0.382682 0.999975 0 0.00708705 0.382679 0 0.923881 0.382679 0 0.923881 0 -0.999978 0.00658888 0 -0.92388 0.382683 0 -0.92388 0.382683 0 -0.999978 0.00658888 0 -0.382678 0.923882 0 -0.382678 0.923882 </float_array>
          <technique_common>
            <accessor count="68" offset="0" source="#meshId7-normals-array" stride="3">
              <param name="X" type="float" />
              <param name="Y" type="float" />
              <param name="Z" type="float" />
            </accessor>
          </technique_common>
        </source>
        <source id="meshId7-tangents" name="meshId7-tangents">
          <float_array id="meshId7-tangents-array" count="204"> 0.00876588 -0.999961 0.00128344 0.0358475 -0.923289 0.38243 -0.0417954 -0.923075 0.382342 0.00979201 -0.999944 0.00390953 0.453083 -0.341152 0.823609 0.361786 -0.00614257 0.932241 -0.37836 -0.0060991 0.925638 -0.277931 -0.367608 0.887479 -0.0085646 -0.999962 0.00131194 -0.00959977 -0.999946 0.00388235 -0.00860178 -0.999962 -0.00130667 -0.00957972 -0.999947 -0.00387951 6.32198e-05 0.00658893 0.999978 6.32199e-05 0.00658893 0.999978 6.32198e-05 -0.00658893 0.999978 6.32199e-05 -0.00658893 0.999978 0.00879585 -0.99996 -0.00127921 0.00980539 -0.999944 -0.00391144 -2.41385e-05 0.00658888 0.999978 -2.41385e-05 0.00658888 0.999978 -2.41385e-05 -0.00658888 0.999978 -2.41385e-05 -0.00658888 0.999978 -1.05458e-05 0.999999 0.001488 1.05456e-05 0.999999 0.00148798 1.05442e-05 0.999999 0.00148777 -1.05444e-05 0.999999 0.0014878 -0.0356501 -0.923295 0.382434 0.0419768 -0.923068 0.38234 -0.452962 -0.341173 0.823666 -0.361654 -0.00614286 0.932292 0.37849 -0.00609871 0.925585 0.278059 -0.367591 0.887446 4.78637e-05 -1 -1.98256e-05 4.49633e-05 -1 -1.86242e-05 1.97207e-05 -1 -4.76102e-05 1.99175e-05 -1 -4.80854e-05 6.71349e-05 -1 -0.000162079 6.70124e-05 -1 -0.000161783 1.16926e-06 -1 0.000164982 6.80168e-05 -1 0.000164208 2.01364e-05 -1 4.86137e-05 3.48786e-07 -1 4.92131e-05 4.59241e-05 -1 1.90222e-05 4.78641e-05 -1 1.98258e-05 0.378569 -0.00609852 -0.925553 0.278127 -0.367586 -0.887427 -0.452997 -0.341169 -0.823649 -0.361678 -0.00614285 -0.932283 0.0420442 -0.923066 -0.382338 -0.0356887 -0.923294 -0.382432 0.000134215 -1 5.5593e-05 0.000137119 -1 5.67957e-05 6.01481e-05 -1 0.000145211 5.99609e-05 -1 0.000144759 1.50342e-05 -1 3.6296e-05 1.51508e-05 -1 3.65774e-05 2.40031e-07 -1 -3.38681e-05 1.41067e-05 -1 -3.40568e-05 5.9848e-05 -1 -0.000144487 1.02386e-06 -1 -0.000144465 0.000136493 -1 -5.65367e-05 0.000133998 -1 -5.55031e-05 -0.378531 -0.0060986 -0.925568 -0.278084 -0.367588 -0.887439 0.453096 -0.341147 -0.823604 0.361777 -0.00614254 -0.932244 -0.0417664 -0.923076 -0.382344 0.0359059 -0.923286 -0.382431 </float_array>
          <technique_common>
            <accessor count="68" offset="0" source="#meshId7-tangents-array" stride="3">
              <param name="X" type="float" />
              <param name="Y" type="float" />
              <param name="Z" type="float" />
            </accessor>
          </technique_common>
        </source>
        <source id="meshId7-bitangents" name="meshId7-bitangents">
          <float_array id="meshId7-bitangents-array" count="204"> 0.990097 0.00849955 -0.140131 0.999357 0.0331189 -0.013718 0.999126 -0.038614 0.0159941 0.990087 0.0102432 0.140082 0.891468 0.173388 -0.418594 0.932261 0.00238378 -0.361778 0.925658 -0.00249299 0.378352 0.960601 -0.10636 0.256775 -0.990098 0.00829626 -0.140131 -0.990089 0.010049 0.140083 -0.990098 0.00833381 0.140131 -0.990089 0.0100288 -0.140083 1 -4.16551e-07 -6.32185e-05 1 -4.16551e-07 -6.32185e-05 1 4.16551e-07 -6.32185e-05 1 4.16551e-07 -6.32185e-05 0.990096 0.00852982 0.140131 0.990087 0.0102567 -0.140082 -1 -1.59046e-07 -2.4138e-05 -1 -1.59046e-07 -2.4138e-05 -1 1.59046e-07 -2.4138e-05 -1 1.59046e-07 -2.4138e-05 -0.00708704 -0.00148804 0.999974 0.00708706 -0.00148801 0.999974 0.00708708 -0.00148781 0.999974 -0.00708706 -0.00148784 0.999974 -0.999364 0.0329365 -0.0136425 -0.999119 -0.0387816 0.0160636 -0.89153 0.173341 -0.418483 -0.932312 0.0023829 -0.361646 -0.925605 -0.00249383 0.378482 -0.960564 -0.106408 0.256893 -0.923881 -5.18072e-05 0.38268 -0.923881 -4.86679e-05 0.38268 -0.382681 -5.15329e-05 0.92388 -0.382681 -5.20472e-05 0.92388 -0.382681 -0.000175433 0.92388 -0.382681 -0.000175113 0.92388 -0.00708707 -0.000164986 -0.999975 -0.382682 -0.000177737 -0.92388 -0.382682 -5.26191e-05 -0.92388 -0.00708708 -4.92144e-05 -0.999975 -0.923881 -4.97078e-05 -0.38268 -0.923881 -5.18077e-05 -0.38268 -0.925573 -0.00249436 -0.37856 -0.960544 -0.106435 -0.256955 -0.891512 0.173355 0.418514 -0.932303 0.00238307 0.36167 -0.999116 -0.0388439 -0.0160893 -0.999363 0.0329722 0.0136572 0.923881 0.000145273 0.382679 0.923881 0.000148416 0.382679 0.382682 0.000157175 0.92388 0.382682 0.000156686 0.92388 0.382682 3.92865e-05 0.92388 0.382682 3.95911e-05 0.92388 0.00708707 3.3869e-05 -0.999975 0.382682 3.68628e-05 -0.92388 0.382682 0.000156391 -0.92388 0.00708705 0.000144469 -0.999975 0.923881 0.000147739 -0.382679 0.923881 0.000145038 -0.382679 0.925589 -0.0024941 -0.378523 0.960557 -0.106418 -0.256916 0.891462 0.173392 0.418606 0.932265 0.00238371 0.361769 0.999127 -0.0385873 -0.0159831 0.999355 0.0331728 0.0137404 </float_array>
          <technique_common>
            <accessor count="68" offset="0" source="#meshId7-bitangents-array" stride="3">
              <param name="X" type="float" />
              <param name="Y" type="float" />
              <param name="Z" type="float" />
            </accessor>
          </technique_common>
        </source>
        <source id="meshId7-tex0" name="meshId7-tex0">
          <float_array id="meshId7-tex0-array" count="136"> 0.348877 0.590621 0.347643 0.591921 0.347572 0.58592 0.348831 0.587219 0.347643 0.591921 0.34666 0.59312 0.346659 0.584692 0.347572 0.58592 0.271579 0.274477 0.271624 0.277879 0.0193881 0.277866 0.0193438 0.274464 0.681512 0.620902 0.681512 0.614233 0.733368 0.61423 0.733368 0.620898 0.601066 0.587182 0.601111 0.590584 0.785957 0.614235 0.785957 0.620903 0.734101 0.620904 0.734101 0.614236 0.560312 0.824695 0.560235 0.772839 0.815423 0.77246 0.8155 0.824315 0.272812 0.273177 0.272883 0.279178 0.272812 0.273177 0.273796 0.271979 0.273795 0.280406 0.272883 0.279178 0.272883 0.279178 0.0181555 0.279166 0.272883 0.279178 0.273795 0.280406 0.0171719 0.280364 0.0181555 0.279166 0.273796 0.271979 0.272812 0.273177 0.0180869 0.273164 0.0171748 0.271936 0.272812 0.273177 0.0180869 0.273164 0.0171748 0.271936 0.0180869 0.273164 0.0181555 0.279166 0.0171719 0.280364 0.0180869 0.273164 0.0181555 0.279166 0.347572 0.58592 0.602299 0.585881 0.347572 0.58592 0.346659 0.584692 0.603282 0.584683 0.602299 0.585881 0.34666 0.59312 0.347643 0.591921 0.602369 0.591883 0.603281 0.593111 0.347643 0.591921 0.602369 0.591883 0.603281 0.593111 0.602369 0.591883 0.602299 0.585881 0.603282 0.584683 0.602369 0.591883 0.602299 0.585881 </float_array>
          <technique_common>
            <accessor count="68" offset="0" source="#meshId7-tex0-array" stride="2">
              <param name="S" type="float" />
              <param name="T" type="float" />
            </accessor>
          </technique_common>
        </source>
        <vertices id="meshId7-vertices">
          <input semantic="POSITION" source="#meshId7-positions" />
        </vertices>
        <polylist count="42" material="defaultMaterial">
          <input offset="0" semantic="VERTEX" source="#meshId7-vertices" />
          <input offset="0" semantic="NORMAL" source="#meshId7-normals" />
          <input offset="0" semantic="TANGENT" source="#meshId7-tangents" />
          <input offset="0" semantic="BINORMAL" source="#meshId7-bitangents" />
          <input offset="0" semantic="TEXCOORD" source="#meshId7-tex0" set="0" />
          <vcount>3 3 3 3 3 3 3 3 3 3 3 3 3 3 3 3 3 3 3 3 3 3 3 3 3 3 3 3 3 3 3 3 3 3 3 3 3 3 3 3 3 3 </vcount>
          <p>3 0 1 1 2 3 7 4 5 5 6 7 11 8 9 9 10 11 15 12 13 13 14 15 17 0 3 3 16 17 21 18 19 19 20 21 25 22 23 23 24 25 9 8 26 26 27 9 31 28 29 29 30 31 10 9 32 32 33 10 37 34 35 35 36 37 41 38 39 39 40 41 43 42 8 8 11 43 47 44 45 45 46 47 49 48 11 11 10 49 16 3 50 50 51 16 55 52 53 53 54 55 59 56 57 57 58 59 61 60 0 0 17 61 65 62 63 63 64 65 67 66 17 17 16 67 </p>
        </polylist>
      </mesh>
    </geometry>
  </library_geometries>
  <library_visual_scenes>
    <visual_scene id="root" name="root">
      <node id="Hinge_low" name="Hinge_low">
        <matrix>1 0 0 0 0 1 0 0 0 0 1 0 0 0 0 1</matrix>
        <instance_geometry url="#meshId0">
          <bind_material>
            <technique_common>
              <instance_material symbol="defaultMaterial" target="#lambert1" />
            </technique_common>
          </bind_material>
        </instance_geometry>
      </node>
      <node id="RightDoorBody_low" name="RightDoorBody_low">
        <matrix>1 0 0 0 0 1 0 0 0 0 1 0 0 0 0 1</matrix>
        <instance_geometry url="#meshId1">
          <bind_material>
            <technique_common>
              <instance_material symbol="defaultMaterial" target="#lambert1" />
            </technique_common>
          </bind_material>
        </instance_geometry>
      </node>
      <node id="Knob_low" name="Knob_low">
        <matrix>1 0 0 0 0 1 0 0 0 0 1 0 0 0 0 1</matrix>
        <instance_geometry url="#meshId2">
          <bind_material>
            <technique_common>
              <instance_material symbol="defaultMaterial" target="#lambert1" />
            </technique_common>
          </bind_material>
        </instance_geometry>
      </node>
      <node id="Body_low" name="Body_low">
        <matrix>1 0 0 0 0 1 0 0 0 0 1 0 0 0 0 1</matrix>
        <instance_geometry url="#meshId3">
          <bind_material>
            <technique_common>
              <instance_material symbol="defaultMaterial" target="#lambert1" />
            </technique_common>
          </bind_material>
        </instance_geometry>
      </node>
      <node id="TopShelf_low" name="TopShelf_low">
        <matrix>1 0 0 0 0 1 0 0 0 0 1 0 0 0 0 1</matrix>
        <instance_geometry url="#meshId4">
          <bind_material>
            <technique_common>
              <instance_material symbol="defaultMaterial" target="#lambert1" />
            </technique_common>
          </bind_material>
        </instance_geometry>
      </node>
      <node id="BottomShelf_low" name="BottomShelf_low">
        <matrix>1 0 0 0 0 1 0 0 0 0 1 0 0 0 0 1</matrix>
        <instance_geometry url="#meshId5">
          <bind_material>
            <technique_common>
              <instance_material symbol="defaultMaterial" target="#lambert1" />
            </technique_common>
          </bind_material>
        </instance_geometry>
      </node>
      <node id="LeftSupport_low" name="LeftSupport_low">
        <matrix>1 0 0 0 0 1 0 0 0 0 1 0 0 0 0 1</matrix>
        <instance_geometry url="#meshId6">
          <bind_material>
            <technique_common>
              <instance_material symbol="defaultMaterial" target="#lambert1" />
            </technique_common>
          </bind_material>
        </instance_geometry>
      </node>
      <node id="RightSupport_low" name="RightSupport_low">
        <matrix>1 0 0 0 0 1 0 0 0 0 1 0 0 0 0 1</matrix>
        <instance_geometry url="#meshId7">
          <bind_material>
            <technique_common>
              <instance_material symbol="defaultMaterial" target="#lambert1" />
            </technique_common>
          </bind_material>
        </instance_geometry>
      </node>
    </visual_scene>
  </library_visual_scenes>
  <scene>
    <instance_visual_scene url="#root" />
  </scene>
</COLLADA>
