<?xml version="1.0"?>
<COLLADA xmlns="http://www.collada.org/2005/11/COLLADASchema" version="1.4.1">
	<asset>
		<contributor>
			<author>Assimp</author>
			<authoring_tool>Assimp Exporter</authoring_tool>
		</contributor>
		<created>2023-07-03T18:06:18</created>
		<modified>2023-07-03T18:06:18</modified>
		<unit name="meter" meter="1.000000" />
		<up_axis>Y_UP</up_axis>
	</asset>
	<library_effects>
		<effect id="T_magnifying_glass_1001-fx" name="T_magnifying_glass_1001">
			<profile_COMMON>
				<technique sid="standard">
					<phong>
						<diffuse>
							<color sid="diffuse">0.800000   0.800000   0.800000   1.000000</color>
						</diffuse>
					</phong>
				</technique>
			</profile_COMMON>
		</effect>
	</library_effects>
	<library_materials>
		<material id="T_magnifying_glass_1001" name="T_magnifying_glass_1001">
			<instance_effect url="#T_magnifying_glass_1001-fx"/>
		</material>
	</library_materials>
	<library_geometries>
		<geometry id="meshId0" name="meshId0_name" >
			<mesh>
				<source id="meshId0-positions" name="meshId0-positions">
					<float_array id="meshId0-positions-array" count="2289"> 
						-0.223424 -0.060719 0.001959 -0.207708 -0.058650 0.001959 -0.207708 -0.058650 0.005876 -0.223424 -0.060719 0.005876 -0.193064 -0.052584 0.001959 -0.193064 -0.052584 0.005876 -0.180489 -0.042935 0.001959 -0.180489 -0.042935 0.005876 -0.180489 -0.042935 0.001959 -0.170839 -0.030360 0.001959 -0.170839 -0.030360 0.005876 -0.180489 -0.042935 0.005876 -0.164773 -0.015715 0.001959 -0.164773 -0.015715 0.005876 -0.163622 0.006971 0.001959 -0.164773 0.015715 0.001959 -0.164773 0.015715 0.005876 -0.163622 0.006971 0.005876 -0.163622 0.006971 -0.001959 -0.164773 0.015715 -0.001959 -0.170839 0.030360 0.001959 -0.170839 0.030360 0.005876 -0.180489 0.042935 0.001959 -0.180489 0.042935 0.005876 -0.193064 0.052584 0.001959 -0.193064 0.052584 0.005876 -0.207708 0.058650 0.001959 -0.207708 0.058650 0.005876 -0.223424 0.060719 0.001959 -0.223424 0.060719 0.005876 -0.239139 -0.058650 0.001959 -0.239139 -0.058650 0.005876 -0.253783 -0.052584 0.001959 -0.253783 -0.052584 0.005876 -0.266359 -0.042935 0.001959 -0.266359 -0.042935 0.005876 -0.276008 -0.030360 0.001959 -0.276008 -0.030360 0.005876 -0.282074 -0.015715 0.001959 -0.282074 -0.015715 0.005876 -0.284143 -0.000000 0.001959 -0.284143 -0.000000 0.005876 -0.282074 0.015715 0.001959 -0.282074 0.015715 0.005876 -0.276008 0.030360 0.001959 -0.276008 0.030360 0.005876 -0.266359 0.042935 0.001959 -0.266359 0.042935 0.005876 -0.253783 0.052584 0.001959 -0.253783 0.052584 0.005876 -0.163622 -0.006971 0.001959 -0.163622 -0.006971 0.005876 -0.239139 0.058650 0.001959 -0.239139 0.058650 0.005876 -0.208540 0.055546 -0.002847 -0.208540 0.055546 -0.005876 -0.194671 0.049801 -0.005876 -0.194671 0.049801 -0.002847 -0.223424 0.060719 -0.005876 -0.239139 0.058650 -0.005876 -0.239139 0.058650 -0.001959 -0.223424 0.060719 -0.001959 -0.253783 0.052584 -0.005876 -0.253783 0.052584 -0.001959 
						-0.266359 0.042935 -0.005876 -0.266359 0.042935 -0.001959 -0.276008 0.030360 -0.005876 -0.276008 0.030360 -0.001959 -0.282074 0.015715 -0.005876 -0.282074 0.015715 -0.001959 -0.284143 -0.000000 -0.005876 -0.284143 -0.000000 -0.001959 -0.282074 -0.015715 -0.005876 -0.282074 -0.015715 -0.001959 -0.276008 -0.030360 -0.005876 -0.276008 -0.030360 -0.001959 -0.266359 -0.042935 -0.005876 -0.266359 -0.042935 -0.001959 -0.253783 -0.052584 -0.005876 -0.253783 -0.052584 -0.001959 -0.239139 -0.058650 -0.005876 -0.239139 -0.058650 -0.001959 -0.223424 -0.060719 -0.005876 -0.223424 -0.060719 -0.001959 -0.207708 -0.058650 -0.005876 -0.207708 -0.058650 -0.001959 -0.193064 -0.052584 -0.005876 -0.193064 -0.052584 -0.001959 -0.180489 -0.042935 -0.005876 -0.180489 -0.042935 -0.001959 -0.180489 -0.042935 -0.005876 -0.170839 -0.030360 -0.005876 -0.170839 -0.030360 -0.001959 -0.180489 -0.042935 -0.001959 -0.164773 -0.015715 -0.005876 -0.164773 -0.015715 -0.001959 -0.273225 -0.028753 -0.002847 -0.273225 -0.028753 -0.005876 -0.278970 -0.014884 -0.005876 -0.278970 -0.014884 -0.002847 -0.163622 -0.006971 -0.005876 -0.163622 -0.006971 -0.001959 -0.164773 0.015715 -0.005876 -0.170839 0.030360 -0.005876 -0.170839 0.030360 -0.001959 -0.180489 0.042935 -0.005876 -0.180489 0.042935 -0.001959 -0.193064 0.052584 -0.005876 -0.193064 0.052584 -0.001959 -0.207708 0.058650 -0.005876 -0.207708 0.058650 -0.001959 -0.163391 -0.002614 -0.002643 -0.163391 -0.003680 -0.003722 -0.163391 -0.001326 -0.005063 -0.163391 -0.000942 -0.003596 -0.163391 0.003596 -0.000942 -0.163391 0.005063 -0.001326 -0.163391 0.005048 0.001383 -0.163391 0.003585 0.000982 -0.163391 0.002643 -0.002614 -0.163391 0.003722 -0.003680 -0.163391 0.000942 0.003596 -0.163391 0.001326 0.005063 -0.163391 -0.001383 0.005048 -0.163391 -0.000982 0.003585 -0.163391 -0.003585 -0.000982 -0.163391 -0.005048 -0.001383 -0.163391 -0.003596 0.000942 
						-0.163391 -0.005063 0.001326 -0.163391 0.000982 -0.003585 -0.163391 0.001383 -0.005048 -0.163391 -0.002643 0.002614 -0.163391 -0.003722 0.003680 -0.163391 0.003680 0.003722 -0.163391 0.002614 0.002643 -0.163622 0.006971 -0.005876 -0.163286 -0.002551 -0.005876 -0.163286 0.002551 -0.005876 -0.163286 -0.002551 0.005876 -0.163286 0.002551 0.005876 -0.134774 0.000942 0.003596 -0.163391 0.000942 0.003596 -0.163391 -0.000982 0.003585 -0.134774 -0.000982 0.003585 -0.134774 -0.002614 -0.002643 -0.163391 -0.002614 -0.002643 -0.163391 -0.000942 -0.003596 -0.134774 -0.000942 -0.003596 -0.134774 0.003585 0.000982 -0.163391 0.003585 0.000982 -0.163391 0.002614 0.002643 -0.134774 0.002614 0.002643 -0.163391 0.000982 -0.003585 -0.134774 0.000982 -0.003585 -0.134774 0.002643 -0.002614 -0.163391 0.002643 -0.002614 -0.163391 0.003596 -0.000942 -0.134774 0.003596 -0.000942 -0.134774 -0.003585 -0.000982 -0.163391 -0.003585 -0.000982 -0.134774 -0.002643 0.002614 -0.163391 -0.002643 0.002614 -0.163391 -0.003596 0.000942 -0.134774 -0.003596 0.000942 -0.134774 -0.000982 0.003585 -0.163391 -0.000982 0.003585 -0.126909 0.001435 0.005479 -0.132894 0.001435 0.005479 -0.132894 -0.001497 0.005462 -0.126909 -0.001497 0.005462 -0.126909 -0.004027 0.003982 -0.132894 -0.004027 0.003982 -0.132894 -0.005479 0.001435 -0.126909 -0.005479 0.001435 -0.132894 -0.005462 -0.001497 -0.126909 -0.005462 -0.001497 -0.126909 0.004027 -0.003982 -0.132894 0.004027 -0.003982 -0.132894 0.005479 -0.001435 -0.126909 0.005479 -0.001435 -0.132894 0.005462 0.001497 -0.126909 0.005462 0.001497 -0.132894 -0.003982 -0.004027 -0.126909 -0.003982 -0.004027 -0.126909 -0.001497 0.005462 -0.132894 -0.001497 0.005462 -0.126909 0.003982 0.004027 -0.132894 0.003982 0.004027 -0.132894 -0.001435 -0.005479 -0.126909 -0.001435 -0.005479 -0.126909 0.001497 -0.005462 -0.132894 0.001497 -0.005462 
						-0.134522 0.004537 -0.001188 -0.134774 0.003596 -0.000942 -0.134774 0.003585 0.000982 -0.134522 0.004524 0.001239 -0.133834 0.005227 -0.001369 -0.133834 0.005211 0.001428 -0.134522 -0.004537 0.001188 -0.134774 -0.003596 0.000942 -0.134774 -0.003585 -0.000982 -0.134522 -0.004524 -0.001239 -0.133834 -0.005227 0.001369 -0.133834 -0.005211 -0.001428 -0.134774 0.002614 0.002643 -0.134522 0.003298 0.003335 -0.133834 0.003799 0.003842 -0.134774 0.000942 0.003596 -0.134522 0.001188 0.004537 -0.133834 0.001369 0.005227 -0.134774 -0.000982 0.003585 -0.134522 -0.001239 0.004524 -0.133834 -0.001428 0.005211 -0.134522 -0.003335 0.003298 -0.134774 -0.002643 0.002614 -0.133834 -0.003842 0.003799 -0.134522 -0.001239 0.004524 -0.134774 -0.000982 0.003585 -0.133834 -0.001428 0.005211 -0.134522 0.003335 -0.003298 -0.134774 0.002643 -0.002614 -0.133834 0.003842 -0.003799 -0.134522 0.001239 -0.004524 -0.134774 0.000982 -0.003585 -0.133834 0.001428 -0.005211 -0.134522 -0.001188 -0.004537 -0.134774 -0.000942 -0.003596 -0.133834 -0.001369 -0.005227 -0.134522 -0.003298 -0.003335 -0.134774 -0.002614 -0.002643 -0.133834 -0.003799 -0.003842 -0.126909 0.002965 -0.002931 -0.126909 0.004027 -0.003982 -0.126909 0.005479 -0.001435 -0.126909 0.004033 -0.001056 -0.126909 0.001056 0.004033 -0.126909 0.001435 0.005479 -0.126909 -0.001497 0.005462 -0.126909 -0.001102 0.004021 -0.126909 -0.004021 -0.001102 -0.126909 -0.005462 -0.001497 -0.126909 -0.003982 -0.004027 -0.126909 -0.002931 -0.002965 -0.126909 -0.004033 0.001056 -0.126909 -0.005479 0.001435 -0.126909 0.001102 -0.004021 -0.126909 0.001497 -0.005462 -0.126909 -0.002965 0.002931 -0.126909 -0.004027 0.003982 -0.126909 0.004021 0.001102 -0.126909 0.005462 0.001497 -0.126909 0.003982 0.004027 -0.126909 0.002931 0.002965 -0.126909 -0.001056 -0.004033 -0.126909 -0.001435 -0.005479 -0.123066 0.004033 -0.001056 
						-0.126909 0.004033 -0.001056 -0.126909 0.004021 0.001102 -0.123066 0.004021 0.001102 -0.123066 0.002965 -0.002931 -0.126909 0.002965 -0.002931 -0.123066 0.001056 0.004033 -0.126909 0.001056 0.004033 -0.126909 -0.001102 0.004021 -0.123066 -0.001102 0.004021 -0.123066 -0.004021 -0.001102 -0.126909 -0.004021 -0.001102 -0.126909 -0.002931 -0.002965 -0.123066 -0.002931 -0.002965 -0.123066 -0.004033 0.001056 -0.126909 -0.004033 0.001056 -0.123066 0.001102 -0.004021 -0.126909 0.001102 -0.004021 -0.123066 -0.002965 0.002931 -0.126909 -0.002965 0.002931 -0.126909 0.002931 0.002965 -0.123066 0.002931 0.002965 -0.123066 -0.001056 -0.004033 -0.126909 -0.001056 -0.004033 -0.123066 -0.001102 0.004021 -0.126909 -0.001102 0.004021 -0.121852 0.001667 0.006370 -0.122541 0.001380 0.005280 -0.122541 -0.001442 0.005264 -0.121852 -0.001740 0.006350 -0.121852 -0.006368 0.001674 -0.122541 -0.005277 0.001391 -0.122541 -0.005265 -0.001437 -0.121852 -0.006351 -0.001736 -0.121852 0.004681 -0.004630 -0.122541 0.003880 -0.003838 -0.122541 0.005275 -0.001398 -0.121852 0.006366 -0.001679 -0.122541 0.001451 -0.005261 -0.121852 0.001745 -0.006349 -0.121852 -0.001740 0.006350 -0.122541 -0.001442 0.005264 -0.122541 -0.003880 0.003838 -0.121852 -0.004681 0.004630 0.000000 0.003279 0.003316 0.000000 0.004555 0.004606 0.000000 0.001641 0.006266 0.000000 0.001182 0.004511 -0.122541 -0.003812 -0.003903 -0.122541 -0.001380 -0.005280 -0.121852 -0.001667 -0.006370 -0.121852 -0.004613 -0.004697 -0.122541 0.005260 0.001455 -0.122541 0.003849 0.003868 -0.121852 0.004638 0.004673 -0.121852 0.006348 0.001748 -0.123066 0.004033 -0.001056 -0.123066 0.004021 0.001102 -0.123066 -0.004033 0.001056 -0.123066 -0.004021 -0.001102 0.000000 0.004511 -0.001182 0.000000 0.006266 -0.001641 0.000000 0.006248 0.001712 0.000000 0.004498 0.001232 -0.123066 0.002931 0.002965 
						0.000000 -0.001712 0.006248 0.000000 -0.001232 0.004498 -0.123066 0.001056 0.004033 -0.123066 -0.001102 0.004021 0.000000 -0.004511 0.001182 0.000000 -0.006266 0.001641 0.000000 -0.006248 -0.001712 0.000000 -0.004498 -0.001232 -0.123066 -0.002965 0.002931 0.000000 -0.001232 0.004498 0.000000 -0.001712 0.006248 0.000000 -0.004606 0.004555 0.000000 -0.003316 0.003279 -0.123066 -0.001102 0.004021 -0.123066 0.002965 -0.002931 -0.123066 0.001102 -0.004021 0.000000 -0.004555 -0.004606 0.000000 -0.003279 -0.003316 -0.123066 -0.001056 -0.004033 0.000000 -0.001641 -0.006266 0.000000 -0.001182 -0.004511 -0.123066 -0.002931 -0.002965 -0.001866 -0.005980 0.005913 -0.118736 -0.005980 0.005913 -0.118736 -0.008135 0.002131 -0.001866 -0.008135 0.002131 0.000000 0.003316 -0.003279 0.000000 0.004606 -0.004555 -0.119912 0.007835 0.002147 -0.118736 0.008111 0.002222 -0.118736 0.008135 -0.002131 -0.119912 0.007858 -0.002058 -0.120979 0.007220 0.001982 -0.120979 0.007242 -0.001901 -0.119912 -0.007835 -0.002147 -0.118736 -0.008111 -0.002222 -0.119912 -0.007858 0.002058 -0.120979 -0.007222 -0.001977 -0.120979 -0.007242 0.001899 -0.119912 0.005712 0.005776 -0.118736 0.005913 0.005980 -0.120979 0.005268 0.005320 -0.119912 0.002058 0.007858 -0.118736 0.002131 0.008135 -0.120979 0.001896 0.007243 -0.119912 -0.002147 0.007835 -0.118736 -0.002222 0.008111 -0.120979 -0.001978 0.007221 -0.119912 -0.005776 0.005712 -0.120979 -0.005324 0.005265 -0.118736 -0.002222 0.008111 -0.119912 -0.002147 0.007835 -0.120979 -0.001978 0.007221 -0.118736 0.005980 -0.005913 -0.119912 0.005776 -0.005712 -0.120979 0.005324 -0.005265 -0.118736 0.002222 -0.008111 -0.119912 0.002147 -0.007835 -0.120979 0.001981 -0.007221 -0.118736 -0.002131 -0.008135 -0.119912 -0.002058 -0.007858 -0.120979 -0.001896 -0.007243 -0.118736 -0.005913 -0.005980 -0.119912 -0.005712 -0.005776 
						-0.120979 -0.005258 -0.005330 -0.207708 0.058650 -0.005876 -0.208540 0.055546 -0.005876 -0.223424 0.057505 -0.005876 -0.223424 0.060719 -0.005876 -0.223424 0.060719 0.005876 -0.223424 0.057505 0.005876 -0.208540 0.055546 0.005876 -0.207708 0.058650 0.005876 -0.193064 0.052584 -0.005876 -0.194671 0.049801 -0.005876 -0.194671 0.049801 0.005876 -0.193064 0.052584 0.005876 -0.180489 0.042935 -0.005876 -0.182761 0.040662 -0.005876 -0.182761 0.040662 0.005876 -0.180489 0.042935 0.005876 -0.170839 0.030360 -0.005876 -0.173623 0.028753 -0.005876 -0.173623 0.028753 0.005876 -0.170839 0.030360 0.005876 -0.164773 0.015715 -0.005876 -0.167878 0.014883 -0.005876 -0.167878 0.014883 0.005876 -0.164773 0.015715 0.005876 -0.170839 -0.030360 -0.005876 -0.173623 -0.028753 -0.005876 -0.167878 -0.014884 -0.005876 -0.164773 -0.015715 -0.005876 -0.164773 -0.015715 0.005876 -0.167878 -0.014884 0.005876 -0.173623 -0.028753 0.005876 -0.170839 -0.030360 0.005876 -0.180489 -0.042935 -0.005876 -0.182761 -0.040662 -0.005876 -0.182761 -0.040662 0.005876 -0.180489 -0.042935 0.005876 -0.193064 -0.052584 -0.005876 -0.194671 -0.049801 -0.005876 -0.194671 -0.049801 0.005876 -0.193064 -0.052584 0.005876 -0.207708 -0.058650 -0.005876 -0.208540 -0.055546 -0.005876 -0.208540 -0.055546 0.005876 -0.207708 -0.058650 0.005876 -0.223424 -0.060719 -0.005876 -0.223424 -0.057505 -0.005876 -0.223424 -0.057505 0.005876 -0.223424 -0.060719 0.005876 -0.239139 -0.058650 -0.005876 -0.238307 -0.055546 -0.005876 -0.238307 -0.055546 0.005876 -0.239139 -0.058650 0.005876 -0.253783 -0.052584 -0.005876 -0.252176 -0.049801 -0.005876 -0.252176 -0.049801 0.005876 -0.253783 -0.052584 0.005876 -0.266359 -0.042935 -0.005876 -0.264086 -0.040662 -0.005876 -0.264086 -0.040662 0.005876 -0.266359 -0.042935 0.005876 -0.276008 -0.030360 -0.005876 -0.273225 -0.028753 -0.005876 -0.273225 -0.028753 0.005876 
						-0.276008 -0.030360 0.005876 -0.282074 -0.015715 -0.005876 -0.278970 -0.014884 -0.005876 -0.278970 -0.014884 0.005876 -0.282074 -0.015715 0.005876 -0.284143 -0.000000 -0.005876 -0.280929 -0.000000 -0.005876 -0.280929 -0.000000 0.005876 -0.284143 -0.000000 0.005876 -0.282074 0.015715 -0.005876 -0.278970 0.014883 -0.005876 -0.278970 0.014883 0.005876 -0.282074 0.015715 0.005876 -0.276008 0.030360 -0.005876 -0.273225 0.028753 -0.005876 -0.273225 0.028753 0.005876 -0.276008 0.030360 0.005876 -0.266359 0.042935 -0.005876 -0.264086 0.040662 -0.005876 -0.264086 0.040662 0.005876 -0.266359 0.042935 0.005876 -0.253783 0.052584 -0.005876 -0.252176 0.049801 -0.005876 -0.252176 0.049801 0.005876 -0.253783 0.052584 0.005876 -0.239139 0.058650 -0.005876 -0.238307 0.055546 -0.005876 -0.238307 0.055546 0.005876 -0.239139 0.058650 0.005876 -0.163622 -0.006971 -0.005876 -0.166793 -0.006642 -0.005876 -0.166473 -0.002431 -0.005876 -0.163286 -0.002551 -0.005876 -0.166473 0.002431 -0.005876 -0.163286 0.002551 -0.005876 -0.163286 0.002551 -0.005876 -0.166473 0.002431 -0.005876 -0.166793 0.006642 -0.005876 -0.163622 0.006971 -0.005876 -0.163286 -0.002551 0.005876 -0.166473 -0.002431 0.005876 -0.166793 -0.006642 0.005876 -0.163622 -0.006971 0.005876 -0.163286 0.002551 0.005876 -0.166473 0.002431 0.005876 -0.163622 0.006971 0.005876 -0.166793 0.006642 0.005876 -0.164773 0.015715 0.005876 -0.167878 0.014883 0.005876 -0.185671 -0.021796 -0.002847 -0.192599 -0.030825 -0.002847 -0.218663 -0.000000 -0.002847 -0.278970 -0.014884 0.002847 -0.278970 -0.014884 0.005876 -0.273225 -0.028753 0.005876 -0.273225 -0.028753 0.002847 -0.194671 0.049801 0.002847 -0.194671 0.049801 0.005876 -0.208540 0.055546 0.005876 -0.208540 0.055546 0.002847 -0.280929 -0.000000 -0.005876 -0.280929 -0.000000 -0.002847 -0.182761 0.040662 -0.005876 -0.182761 0.040662 -0.002847 
						-0.280929 -0.000000 0.002847 -0.280929 -0.000000 0.005876 -0.182761 0.040662 0.002847 -0.182761 0.040662 0.005876 -0.278970 0.014883 -0.005876 -0.278970 0.014883 -0.002847 -0.173623 0.028753 -0.005876 -0.173623 0.028753 -0.002847 -0.278970 0.014883 0.002847 -0.278970 0.014883 0.005876 -0.173623 0.028753 0.002847 -0.173623 0.028753 0.005876 -0.273225 0.028753 -0.005876 -0.273225 0.028753 -0.002847 -0.167878 0.014883 -0.005876 -0.167878 0.014883 -0.002847 -0.273225 0.028753 0.002847 -0.273225 0.028753 0.005876 -0.167878 0.014883 0.002847 -0.167878 0.014883 0.005876 -0.264086 0.040662 -0.005876 -0.264086 0.040662 -0.002847 -0.167878 -0.014884 -0.002847 -0.167878 -0.014884 -0.005876 -0.173623 -0.028753 -0.005876 -0.173623 -0.028753 -0.002847 -0.264086 0.040662 0.002847 -0.264086 0.040662 0.005876 -0.173623 -0.028753 0.002847 -0.173623 -0.028753 0.005876 -0.167878 -0.014884 0.005876 -0.167878 -0.014884 0.002847 -0.252176 0.049801 -0.005876 -0.252176 0.049801 -0.002847 -0.182761 -0.040662 -0.005876 -0.182761 -0.040662 -0.002847 -0.252176 0.049801 0.002847 -0.252176 0.049801 0.005876 -0.182761 -0.040662 0.002847 -0.182761 -0.040662 0.005876 -0.173623 -0.028753 0.005876 -0.173623 -0.028753 0.002847 -0.238307 0.055546 -0.005876 -0.238307 0.055546 -0.002847 -0.194671 -0.049801 -0.005876 -0.194671 -0.049801 -0.002847 -0.238307 0.055546 0.002847 -0.238307 0.055546 0.005876 -0.194671 -0.049801 0.002847 -0.194671 -0.049801 0.005876 -0.223424 0.057505 -0.005876 -0.223424 0.057505 -0.002847 -0.194671 -0.049801 -0.002847 -0.194671 -0.049801 -0.005876 -0.208540 -0.055546 -0.005876 -0.208540 -0.055546 -0.002847 -0.223424 0.057505 0.002847 -0.223424 0.057505 0.005876 -0.208540 -0.055546 0.002847 -0.208540 -0.055546 0.005876 -0.166473 -0.002431 -0.002847 -0.166473 -0.002431 -0.005876 -0.166793 -0.006642 -0.005876 -0.166793 -0.006642 -0.002847 
						-0.223424 -0.057505 -0.005876 -0.223424 -0.057505 -0.002847 -0.166473 0.002431 -0.002847 -0.166473 0.002431 -0.005876 -0.223424 -0.057505 0.002847 -0.223424 -0.057505 0.005876 -0.166793 0.006642 -0.002847 -0.166793 0.006642 -0.005876 -0.238307 -0.055546 -0.005876 -0.238307 -0.055546 -0.002847 -0.166793 -0.006642 0.002847 -0.166793 -0.006642 0.005876 -0.166473 -0.002431 0.005876 -0.166473 -0.002431 0.002847 -0.238307 -0.055546 0.002847 -0.238307 -0.055546 0.005876 -0.166473 0.002431 0.005876 -0.166473 0.002431 0.002847 -0.252176 -0.049801 -0.005876 -0.252176 -0.049801 -0.002847 -0.166793 0.006642 0.005876 -0.166793 0.006642 0.002847 -0.252176 -0.049801 0.002847 -0.252176 -0.049801 0.005876 -0.264086 -0.040662 -0.005876 -0.264086 -0.040662 -0.002847 -0.264086 -0.040662 0.002847 -0.264086 -0.040662 0.005876 -0.001866 -0.002131 -0.008135 -0.001866 0.002222 -0.008111 0.000000 0.001232 -0.004498 0.000000 0.001712 -0.006248 -0.001866 0.005913 0.005980 -0.001866 0.002131 0.008135 -0.001866 0.008135 -0.002131 -0.001866 0.008111 0.002222 -0.001866 0.005980 -0.005913 -0.001866 -0.002222 0.008111 -0.001866 -0.008111 -0.002222 -0.001866 -0.005913 -0.005980 -0.001866 -0.002222 0.008111 0.000000 0.003279 0.003316 0.000000 0.001182 0.004511 0.000000 0.000000 0.000000 0.000000 -0.003279 -0.003316 0.000000 -0.001182 -0.004511 0.000000 0.004511 -0.001182 0.000000 0.004498 0.001232 0.000000 0.003316 -0.003279 0.000000 -0.001232 0.004498 0.000000 -0.004498 -0.001232 0.000000 -0.004511 0.001182 0.000000 0.001232 -0.004498 0.000000 -0.003316 0.003279 -0.000933 0.007885 -0.002065 -0.000933 0.007861 0.002154 -0.000250 0.007201 -0.001886 -0.000250 0.007179 0.001967 -0.000933 -0.007885 0.002065 -0.000933 -0.007861 -0.002154 -0.000250 -0.007201 0.001886 -0.000250 -0.007179 -0.001967 -0.000933 0.005731 0.005796 -0.000250 0.005234 0.005293 
						-0.000933 0.002065 0.007885 -0.000250 0.001886 0.007201 -0.000933 -0.002154 0.007861 -0.000250 -0.001967 0.007179 -0.000933 -0.005796 0.005731 -0.000250 -0.005293 0.005234 -0.000933 -0.002154 0.007861 -0.000250 -0.001967 0.007179 -0.000933 0.005796 -0.005731 -0.000250 0.005293 -0.005234 -0.000933 0.002154 -0.007861 -0.000250 0.001967 -0.007179 -0.000933 -0.002065 -0.007885 -0.000250 -0.001886 -0.007201 -0.000933 -0.005731 -0.005796 -0.000250 -0.005234 -0.005293 -0.223424 0.057505 0.002847 -0.223424 0.048189 0.002847 -0.210952 0.046547 0.002847 -0.208540 0.055546 0.002847 -0.199329 0.041733 0.002847 -0.194671 0.049801 0.002847 -0.189349 0.034075 0.002847 -0.182761 0.040662 0.002847 -0.181691 0.024094 0.002847 -0.173623 0.028753 0.002847 -0.176877 0.012472 0.002847 -0.167878 0.014883 0.002847 -0.167878 -0.014884 0.002847 -0.176877 -0.012472 0.002847 -0.181691 -0.024094 0.002847 -0.173623 -0.028753 0.002847 -0.189349 -0.034075 0.002847 -0.182761 -0.040662 0.002847 -0.199329 -0.041733 0.002847 -0.194671 -0.049801 0.002847 -0.210952 -0.046547 0.002847 -0.208540 -0.055546 0.002847 -0.223424 -0.048189 0.002847 -0.223424 -0.057505 0.002847 -0.235896 -0.046547 0.002847 -0.238307 -0.055546 0.002847 -0.247518 -0.041733 0.002847 -0.252176 -0.049801 0.002847 -0.257498 -0.034075 0.002847 -0.264086 -0.040662 0.002847 -0.265156 -0.024094 0.002847 -0.273225 -0.028753 0.002847 -0.269970 -0.012472 0.002847 -0.278970 -0.014884 0.002847 -0.271612 -0.000000 0.002847 -0.280929 -0.000000 0.002847 -0.269970 0.012472 0.002847 -0.278970 0.014883 0.002847 -0.265156 0.024094 0.002847 -0.273225 0.028753 0.002847 -0.257498 0.034075 0.002847 -0.264086 0.040662 0.002847 -0.247518 0.041733 0.002847 -0.252176 0.049801 0.002847 -0.235896 0.046547 0.002847 -0.238307 0.055546 0.002847 -0.166473 -0.002431 0.002847 -0.175710 -0.002080 0.002847 
						-0.175984 -0.005688 0.002847 -0.166793 -0.006642 0.002847 -0.166473 0.002431 0.002847 -0.175710 0.002080 0.002847 -0.166793 0.006642 0.002847 -0.175984 0.005688 0.002847 -0.218160 -0.000000 0.002847 -0.208540 0.055546 -0.002847 -0.212141 0.042107 -0.002847 -0.223424 0.043593 -0.002847 -0.223424 0.057505 -0.002847 -0.194671 0.049801 -0.002847 -0.201627 0.037752 -0.002847 -0.182761 0.040662 -0.002847 -0.192599 0.030825 -0.002847 -0.173623 0.028753 -0.002847 -0.185671 0.021796 -0.002847 -0.167878 0.014883 -0.002847 -0.181317 0.011283 -0.002847 -0.173623 -0.028753 -0.002847 -0.181317 -0.011283 -0.002847 -0.167878 -0.014884 -0.002847 -0.182761 -0.040662 -0.002847 -0.194671 -0.049801 -0.002847 -0.201627 -0.037752 -0.002847 -0.208540 -0.055546 -0.002847 -0.212141 -0.042107 -0.002847 -0.223424 -0.057505 -0.002847 -0.223424 -0.043593 -0.002847 -0.238307 -0.055546 -0.002847 -0.234706 -0.042107 -0.002847 -0.252176 -0.049801 -0.002847 -0.245220 -0.037752 -0.002847 -0.264086 -0.040662 -0.002847 -0.254248 -0.030825 -0.002847 -0.273225 -0.028753 -0.002847 -0.261176 -0.021796 -0.002847 -0.278970 -0.014884 -0.002847 -0.265531 -0.011283 -0.002847 -0.280929 -0.000000 -0.002847 -0.267016 -0.000000 -0.002847 -0.278970 0.014883 -0.002847 -0.265531 0.011283 -0.002847 -0.273225 0.028753 -0.002847 -0.261176 0.021796 -0.002847 -0.264086 0.040662 -0.002847 -0.254248 0.030825 -0.002847 -0.252176 0.049801 -0.002847 -0.245220 0.037752 -0.002847 -0.238307 0.055546 -0.002847 -0.234706 0.042107 -0.002847 -0.166793 -0.006642 -0.002847 -0.180518 -0.005218 -0.002847 -0.180266 -0.001907 -0.002847 -0.166473 -0.002431 -0.002847 -0.180266 0.001907 -0.002847 -0.166473 0.002431 -0.002847 -0.180518 0.005218 -0.002847 -0.166793 0.006642 -0.002847 
					</float_array>
					<technique_common>
						<accessor count="763" offset="0" source="#meshId0-positions-array" stride="3">
							<param name="X" type="float" />
							<param name="Y" type="float" />
							<param name="Z" type="float" />
						</accessor>
					</technique_common>
				</source>
				<source id="meshId0-normals" name="meshId0-normals">
					<float_array id="meshId0-normals-array" count="2289"> 
						0.000000 -1.000000 0.000000 0.258819 -0.965926 -0.000000 0.258819 -0.965926 0.000000 0.000000 -1.000000 0.000000 0.500000 -0.866026 0.000000 0.500000 -0.866026 0.000000 0.707107 -0.707107 0.000000 0.707107 -0.707107 0.000000 0.707107 -0.707107 0.000000 0.866025 -0.500000 0.000000 0.866025 -0.500000 0.000000 0.707107 -0.707107 0.000000 0.965926 -0.258819 0.000000 0.965926 -0.258819 0.000000 0.993557 0.113215 0.005190 0.965926 0.258819 -0.000000 0.965926 0.258819 -0.000000 0.995129 0.098578 0.000831 0.993556 0.113227 -0.005088 0.965926 0.258819 -0.000000 0.866025 0.500000 0.000000 0.866026 0.500000 -0.000000 0.707107 0.707107 -0.000000 0.707107 0.707107 -0.000000 0.500000 0.866026 -0.000000 0.500000 0.866026 -0.000000 0.258819 0.965926 0.000000 0.258819 0.965926 0.000000 0.000000 1.000000 -0.000000 0.000000 1.000000 -0.000000 -0.258819 -0.965926 -0.000000 -0.258819 -0.965926 -0.000000 -0.500000 -0.866026 0.000000 -0.500000 -0.866026 0.000000 -0.707107 -0.707107 0.000000 -0.707107 -0.707107 0.000000 -0.866026 -0.499999 0.000000 -0.866026 -0.499999 0.000000 -0.965926 -0.258819 0.000000 -0.965926 -0.258819 0.000000 -1.000000 0.000000 -0.000000 -1.000000 0.000000 -0.000000 -0.965926 0.258819 -0.000000 -0.965926 0.258819 -0.000000 -0.866026 0.499999 -0.000000 -0.866026 0.499999 -0.000000 -0.707107 0.707107 -0.000000 -0.707107 0.707107 -0.000000 -0.499999 0.866026 -0.000000 -0.500000 0.866026 -0.000000 0.993556 -0.113227 0.005088 0.995119 -0.098682 0.000840 -0.258819 0.965926 0.000000 -0.258819 0.965926 0.000000 -0.258819 -0.965926 0.000000 -0.258819 -0.965926 0.000000 -0.500000 -0.866026 0.000000 -0.500000 -0.866026 0.000000 -0.000000 1.000000 -0.000000 -0.258819 0.965926 0.000000 -0.258819 0.965926 0.000000 0.000000 1.000000 -0.000000 -0.500000 0.866026 -0.000000 -0.500000 0.866026 -0.000000 
						-0.707107 0.707107 -0.000000 -0.707107 0.707107 -0.000000 -0.866026 0.499999 0.000000 -0.866026 0.499999 0.000000 -0.965926 0.258819 0.000000 -0.965926 0.258819 0.000000 -1.000000 0.000000 -0.000000 -1.000000 0.000000 -0.000000 -0.965926 -0.258819 0.000000 -0.965926 -0.258819 0.000000 -0.866026 -0.499999 0.000000 -0.866026 -0.499999 0.000000 -0.707107 -0.707107 0.000000 -0.707107 -0.707107 0.000000 -0.500000 -0.866026 0.000000 -0.500000 -0.866026 0.000000 -0.258819 -0.965926 -0.000000 -0.258819 -0.965926 -0.000000 0.000000 -1.000000 0.000000 0.000000 -1.000000 0.000000 0.258819 -0.965926 0.000000 0.258819 -0.965926 0.000000 0.500000 -0.866026 0.000000 0.500000 -0.866026 0.000000 0.707107 -0.707107 0.000000 0.707107 -0.707107 0.000000 0.707107 -0.707107 0.000000 0.866026 -0.500000 0.000000 0.866025 -0.500000 0.000000 0.707107 -0.707107 0.000000 0.965926 -0.258819 0.000000 0.965926 -0.258819 0.000000 0.866025 0.500001 0.000000 0.866025 0.500001 0.000000 0.965926 0.258819 0.000000 0.965926 0.258819 0.000000 0.995129 -0.098575 -0.000831 0.993558 -0.113209 -0.005190 0.965926 0.258819 -0.000000 0.866026 0.500000 -0.000000 0.866026 0.500000 -0.000000 0.707107 0.707107 -0.000000 0.707107 0.707107 -0.000000 0.500000 0.866026 -0.000000 0.500000 0.866026 0.000000 0.258819 0.965926 0.000000 0.258819 0.965926 0.000000 1.000000 0.000004 -0.000000 0.999382 -0.034966 0.003731 0.998394 -0.007953 0.056093 1.000000 -0.000001 0.000000 1.000000 0.000000 0.000000 0.998262 0.058736 -0.004737 0.998287 0.058289 0.005079 1.000000 0.000004 0.000000 1.000000 -0.000004 0.000000 0.999369 0.035383 0.003140 1.000000 0.000000 -0.000000 0.998394 0.007953 -0.056093 0.998446 -0.008103 -0.055143 1.000000 0.000000 0.000000 1.000000 -0.000004 0.000000 0.998287 -0.058282 -0.005079 1.000000 -0.000009 0.000000 
						0.998262 -0.058738 0.004737 1.000000 -0.000001 0.000000 0.998446 0.008105 0.055143 1.000000 0.000002 -0.000000 0.999369 -0.035386 -0.003140 0.999381 0.034970 -0.003731 1.000000 0.000002 -0.000000 0.995119 0.098680 -0.000840 0.998358 -0.036218 0.044377 0.998377 0.035927 0.044185 0.998377 -0.035926 -0.044185 0.998358 0.036216 -0.044377 0.000000 0.253379 0.967367 0.000000 0.253379 0.967367 -0.000000 -0.264252 0.964454 -0.000000 -0.264252 0.964454 -0.000000 -0.703116 -0.711075 -0.000000 -0.703116 -0.711075 -0.000000 -0.253379 -0.967367 -0.000000 -0.253379 -0.967367 -0.000000 0.964454 0.264251 -0.000000 0.964454 0.264251 0.000000 0.703116 0.711075 0.000000 0.703116 0.711075 -0.000000 0.264252 -0.964454 -0.000000 0.264252 -0.964454 -0.000000 0.711076 -0.703116 -0.000000 0.711076 -0.703116 -0.000000 0.967367 -0.253378 -0.000000 0.967367 -0.253378 -0.000000 -0.964454 -0.264252 -0.000000 -0.964454 -0.264252 -0.000000 -0.711075 0.703116 -0.000000 -0.711075 0.703116 -0.000000 -0.967367 0.253378 -0.000000 -0.967367 0.253378 -0.000000 -0.264252 0.964454 -0.000000 -0.264252 0.964454 0.000000 0.253378 0.967367 -0.132010 0.251160 0.958901 -0.132010 -0.261939 0.956013 0.000000 -0.264252 0.964454 0.000000 -0.711076 0.703116 -0.132009 -0.704853 0.696962 -0.132009 -0.958902 0.251160 0.000000 -0.967367 0.253378 -0.132010 -0.956013 -0.261939 0.000000 -0.964454 -0.264251 0.000000 0.711076 -0.703116 -0.132011 0.704851 -0.696963 -0.132010 0.958901 -0.251162 0.000000 0.967367 -0.253378 -0.132008 0.956014 0.261937 0.000000 0.964454 0.264252 -0.132010 -0.696963 -0.704852 0.000000 -0.703116 -0.711075 0.000000 -0.264252 0.964454 -0.132010 -0.261939 0.956013 0.000000 0.703115 0.711076 -0.132009 0.696963 0.704851 -0.132010 -0.251161 -0.958901 0.000000 -0.253378 -0.967367 0.000000 0.264252 -0.964454 -0.132010 0.261939 -0.956013 
						-0.854375 0.502700 -0.131668 -0.968103 0.242377 -0.063482 -0.968105 0.241640 0.066207 -0.854378 0.501180 0.137319 -0.493062 0.841604 -0.220438 -0.493062 0.839069 0.229895 -0.854379 -0.502693 0.131669 -0.968103 -0.242377 0.063482 -0.968105 -0.241640 -0.066207 -0.854377 -0.501183 -0.137318 -0.493066 -0.841602 0.220437 -0.493063 -0.839069 -0.229897 -0.968106 0.176156 0.178156 -0.854379 0.365373 0.369513 -0.493063 0.611707 0.618630 -0.968105 0.063481 0.242368 -0.854378 0.131669 0.502695 -0.493062 0.220437 0.841604 -0.968105 -0.066206 0.241638 -0.854378 -0.137320 0.501181 -0.493062 -0.229898 0.839069 -0.854378 -0.369512 0.365376 -0.968104 -0.178160 0.176161 -0.493063 -0.618631 0.611706 -0.854378 -0.137320 0.501181 -0.968105 -0.066206 0.241638 -0.493062 -0.229898 0.839069 -0.854376 0.369517 -0.365375 -0.968104 0.178160 -0.176161 -0.493062 0.618631 -0.611706 -0.854378 0.137319 -0.501181 -0.968105 0.066205 -0.241638 -0.493063 0.229898 -0.839069 -0.854378 -0.131669 -0.502695 -0.968105 -0.063483 -0.242368 -0.493063 -0.220438 -0.841603 -0.854377 -0.365377 -0.369512 -0.968106 -0.176157 -0.178156 -0.493061 -0.611709 -0.618630 1.000000 -0.000000 0.000000 1.000000 0.000000 -0.000000 1.000000 -0.000002 0.000000 1.000000 -0.000002 0.000000 1.000000 0.000002 -0.000000 1.000000 0.000002 -0.000000 1.000000 0.000000 -0.000000 1.000000 0.000000 0.000000 1.000000 0.000000 0.000000 1.000000 0.000000 0.000000 1.000000 0.000002 0.000000 1.000000 0.000002 -0.000000 1.000000 -0.000002 0.000000 1.000000 -0.000002 0.000000 1.000000 -0.000002 0.000000 1.000000 -0.000002 0.000000 1.000000 0.000002 -0.000000 1.000000 0.000002 0.000000 1.000000 -0.000004 0.000000 1.000000 -0.000004 0.000000 1.000000 0.000002 -0.000000 1.000000 0.000002 -0.000000 1.000000 -0.000002 0.000000 1.000000 -0.000002 0.000000 -0.000000 0.967367 -0.253378 
						-0.000000 0.967367 -0.253378 -0.000000 0.964454 0.264251 -0.000000 0.964454 0.264251 -0.000000 0.711075 -0.703116 -0.000000 0.711075 -0.703116 0.000000 0.253379 0.967367 0.000000 0.253379 0.967367 -0.000000 -0.264251 0.964454 -0.000000 -0.264251 0.964454 -0.000000 -0.964454 -0.264251 -0.000000 -0.964454 -0.264251 -0.000000 -0.703116 -0.711075 -0.000000 -0.703116 -0.711075 -0.000000 -0.967367 0.253378 -0.000000 -0.967367 0.253378 -0.000000 0.264252 -0.964454 -0.000000 0.264252 -0.964454 -0.000000 -0.711075 0.703116 -0.000000 -0.711075 0.703116 0.000000 0.703116 0.711075 0.000000 0.703116 0.711075 -0.000000 -0.253378 -0.967367 -0.000000 -0.253378 -0.967367 -0.000000 -0.264251 0.964454 -0.000000 -0.264251 0.964454 -0.782353 0.157940 0.602478 -0.887044 0.117119 0.446582 -0.887057 -0.121997 0.445249 -0.782149 -0.164657 0.600942 -0.782159 -0.602636 0.158297 -0.887056 -0.446430 0.117606 -0.887030 -0.445261 -0.122152 -0.782622 -0.600331 -0.164640 -0.781993 0.443111 -0.438337 -0.887070 0.328130 -0.324712 -0.887042 0.446416 -0.117764 -0.782346 0.602392 -0.158298 -0.887056 0.122545 -0.445100 -0.782156 0.165010 -0.600836 -0.782149 -0.164657 0.600942 -0.887057 -0.121997 0.445249 -0.887060 -0.328116 0.324753 -0.782117 -0.442980 0.438248 1.000000 0.000000 0.000000 0.989154 0.103276 0.104446 0.989154 0.037217 0.142091 1.000000 0.000000 0.000000 -0.887037 -0.323162 -0.329745 -0.887072 -0.116268 -0.446750 -0.782053 -0.157373 -0.603015 -0.782368 -0.436968 -0.443801 -0.887055 0.445171 0.122299 -0.887058 0.325226 0.327652 -0.782137 0.438499 0.442696 -0.782226 0.600814 0.164757 -0.925871 0.365678 -0.095094 -0.925960 0.364428 0.098949 -0.926015 -0.365209 0.095494 -0.925692 -0.364665 -0.100567 1.000000 0.000000 0.000000 0.989154 0.142091 -0.037217 0.989154 0.141663 0.038814 1.000000 0.000000 0.000000 -0.926017 0.264892 0.268933 
						0.989154 -0.038814 0.141663 1.000000 0.000000 0.000000 -0.925882 0.096088 0.365389 -0.926025 -0.099775 0.364036 1.000000 0.000000 0.000000 0.989154 -0.142091 0.037217 0.989154 -0.141663 -0.038814 1.000000 0.000000 0.000000 -0.926046 -0.268313 0.265417 1.000000 0.000000 0.000000 0.989154 -0.038814 0.141663 0.989154 -0.104446 0.103277 1.000000 0.000000 0.000000 -0.926025 -0.099775 0.364036 -0.926134 0.268180 -0.265244 -0.926016 0.099523 -0.364128 0.989154 -0.103277 -0.104446 1.000000 0.000000 0.000000 -0.926094 -0.095200 -0.365083 0.989154 -0.037217 -0.142091 1.000000 0.000000 0.000000 -0.925811 -0.266494 -0.268057 0.132008 -0.704853 0.696963 -0.116961 -0.706195 0.698290 -0.116961 -0.960728 0.251639 0.132008 -0.958902 0.251161 1.000000 0.000000 0.000000 0.989154 0.104446 -0.103277 -0.370190 0.895984 0.245300 -0.116961 0.957834 0.262438 -0.116961 0.960728 -0.251639 -0.370276 0.898658 -0.235178 -0.610579 0.763792 0.209323 -0.610745 0.765936 -0.200827 -0.370454 -0.895809 -0.245541 -0.116961 -0.957834 -0.262438 -0.370153 -0.898679 0.235292 -0.611096 -0.763403 -0.209233 -0.610501 -0.766124 0.200854 -0.370132 0.653025 0.660727 -0.116961 0.698290 0.706195 -0.610467 0.557051 0.563049 -0.370281 0.235418 0.898593 -0.116961 0.251640 0.960728 -0.610755 0.200685 0.765966 -0.370146 -0.245487 0.895951 -0.116961 -0.262437 0.957835 -0.610490 -0.209297 0.763870 -0.370123 -0.660582 0.653177 -0.610445 -0.563168 0.556955 -0.116961 -0.262437 0.957835 -0.370146 -0.245487 0.895951 -0.610490 -0.209297 0.763870 -0.116961 0.706195 -0.698290 -0.370037 0.660608 -0.653199 -0.610277 0.563266 -0.557040 -0.116961 0.262438 -0.957834 -0.370151 0.245388 -0.895976 -0.610498 0.209439 -0.763824 -0.116961 -0.251638 -0.960728 -0.370064 -0.235383 -0.898692 -0.610337 -0.200482 -0.766352 -0.116961 -0.698289 -0.706196 -0.370283 -0.653409 -0.660264 
						-0.610766 -0.556348 -0.563420 0.000000 -0.000000 -1.000000 0.000000 -0.000000 -1.000000 0.000000 -0.000000 -1.000000 0.000000 -0.000000 -1.000000 0.000000 0.000000 1.000000 0.000000 0.000000 1.000000 -0.000000 0.000000 1.000000 -0.000000 0.000000 1.000000 -0.000000 -0.000000 -1.000000 -0.000000 -0.000000 -1.000000 -0.000000 0.000000 1.000000 0.000000 0.000000 1.000000 -0.000000 -0.000000 -1.000000 -0.000000 -0.000000 -1.000000 0.000000 0.000000 1.000000 0.000000 0.000000 1.000000 -0.000000 -0.000000 -1.000000 -0.000000 -0.000000 -1.000000 -0.000000 0.000000 1.000000 -0.000000 0.000000 1.000000 0.000000 -0.000000 -1.000000 0.000000 -0.000000 -1.000000 -0.000000 0.000000 1.000000 -0.000000 0.000000 1.000000 -0.000000 -0.000000 -1.000000 -0.000000 -0.000000 -1.000000 -0.000000 -0.000000 -1.000000 -0.000000 -0.000000 -1.000000 0.000000 0.000000 1.000000 0.000000 0.000000 1.000000 -0.000000 0.000000 1.000000 0.000000 0.000000 1.000000 -0.000000 -0.000000 -1.000000 -0.000000 -0.000000 -1.000000 -0.000000 0.000000 1.000000 -0.000000 0.000000 1.000000 -0.000000 -0.000000 -1.000000 -0.000000 -0.000000 -1.000000 0.000000 0.000000 1.000000 0.000000 0.000000 1.000000 -0.000000 -0.000000 -1.000000 -0.000000 -0.000000 -1.000000 0.000000 0.000000 1.000000 0.000000 0.000000 1.000000 -0.000000 -0.000000 -1.000000 -0.000000 -0.000000 -1.000000 0.000000 0.000000 1.000000 0.000000 0.000000 1.000000 0.000000 -0.000000 -1.000000 0.000000 -0.000000 -1.000000 0.000000 0.000000 1.000000 0.000000 0.000000 1.000000 0.000000 -0.000000 -1.000000 0.000000 -0.000000 -1.000000 -0.000000 0.000000 1.000000 0.000000 0.000000 1.000000 0.000000 -0.000000 -1.000000 0.000000 -0.000000 -1.000000 0.000000 0.000000 1.000000 0.000000 0.000000 1.000000 0.000000 -0.000000 -1.000000 0.000000 -0.000000 -1.000000 0.000000 0.000000 1.000000 
						0.000000 0.000000 1.000000 0.000000 -0.000000 -1.000000 0.000000 -0.000000 -1.000000 0.000000 0.000000 1.000000 0.000000 0.000000 1.000000 0.000000 -0.000000 -1.000000 0.000000 -0.000000 -1.000000 0.000000 0.000000 1.000000 0.000000 0.000000 1.000000 0.000000 -0.000000 -1.000000 0.000000 -0.000000 -1.000000 -0.000000 0.000000 1.000000 0.000000 0.000000 1.000000 0.000000 -0.000000 -1.000000 0.000000 -0.000000 -1.000000 0.000000 0.000000 1.000000 0.000000 0.000000 1.000000 0.000000 -0.000000 -1.000000 0.000000 -0.000000 -1.000000 0.000000 0.000000 1.000000 0.000000 0.000000 1.000000 0.000000 -0.000000 -1.000000 0.000000 -0.000000 -1.000000 0.000000 0.000000 1.000000 0.000000 0.000000 1.000000 0.000000 -0.000000 -1.000000 0.000000 -0.000000 -1.000000 0.000000 0.000000 1.000000 0.000000 0.000000 1.000000 0.000000 -0.000000 -1.000000 0.000000 -0.000000 -1.000000 0.000000 -0.000000 -1.000000 0.000000 -0.000000 -1.000000 0.000000 -0.000000 -1.000000 0.000000 -0.000000 -1.000000 0.000000 -0.000000 -1.000000 0.000000 -0.000000 -1.000000 0.000000 -0.000000 -1.000000 0.000000 -0.000000 -1.000000 0.000000 0.000000 1.000000 0.000000 0.000000 1.000000 0.000000 0.000000 1.000000 0.000000 0.000000 1.000000 0.000000 0.000000 1.000000 0.000000 0.000000 1.000000 -0.000000 0.000000 1.000000 -0.000000 0.000000 1.000000 -0.000000 0.000000 1.000000 -0.000000 0.000000 1.000000 -0.000000 0.000000 -1.000000 -0.000000 0.000000 -1.000000 -0.000000 -0.000000 -1.000000 0.965926 0.258819 0.000000 0.965926 0.258819 0.000000 0.866025 0.500001 0.000000 0.866025 0.500001 0.000000 -0.500000 -0.866026 0.000000 -0.500000 -0.866026 0.000000 -0.258819 -0.965926 0.000000 -0.258819 -0.965926 0.000000 1.000000 0.000000 0.000000 1.000000 0.000000 0.000000 -0.707107 -0.707107 0.000000 -0.707107 -0.707107 0.000000 
						1.000000 0.000000 0.000000 1.000000 0.000000 0.000000 -0.707107 -0.707107 0.000000 -0.707107 -0.707107 0.000000 0.965926 -0.258819 0.000000 0.965926 -0.258819 0.000000 -0.866026 -0.500000 0.000000 -0.866026 -0.500000 0.000000 0.965926 -0.258819 0.000000 0.965926 -0.258819 0.000000 -0.866026 -0.500000 0.000000 -0.866026 -0.500000 0.000000 0.866025 -0.500001 0.000000 0.866025 -0.500001 0.000000 -0.965926 -0.258820 0.000000 -0.965926 -0.258820 0.000000 0.866025 -0.500001 0.000000 0.866025 -0.500001 0.000000 -0.965926 -0.258820 0.000000 -0.965926 -0.258820 0.000000 0.707107 -0.707107 0.000000 0.707107 -0.707107 0.000000 -0.965926 0.258820 -0.000000 -0.965926 0.258820 -0.000000 -0.866026 0.500000 -0.000000 -0.866026 0.500000 -0.000000 0.707107 -0.707107 0.000000 0.707107 -0.707107 0.000000 -0.866026 0.500000 -0.000000 -0.866026 0.500000 -0.000000 -0.965926 0.258820 -0.000000 -0.965926 0.258820 -0.000000 0.500001 -0.866025 0.000000 0.500001 -0.866025 0.000000 -0.707107 0.707107 -0.000000 -0.707107 0.707107 -0.000000 0.500000 -0.866025 0.000000 0.500000 -0.866025 0.000000 -0.707107 0.707107 -0.000000 -0.707107 0.707107 -0.000000 -0.866026 0.500000 -0.000000 -0.866026 0.500000 -0.000000 0.258819 -0.965926 0.000000 0.258819 -0.965926 0.000000 -0.500000 0.866026 -0.000000 -0.500000 0.866026 -0.000000 0.258819 -0.965926 0.000000 0.258819 -0.965926 0.000000 -0.500000 0.866025 0.000000 -0.500000 0.866025 0.000000 -0.000000 -1.000000 0.000000 -0.000000 -1.000000 0.000000 -0.500000 0.866026 -0.000000 -0.500000 0.866026 -0.000000 -0.258819 0.965926 0.000000 -0.258819 0.965926 0.000000 -0.000000 -1.000000 0.000000 -0.000000 -1.000000 0.000000 -0.258819 0.965926 0.000000 -0.258819 0.965926 0.000000 -0.999281 0.037923 -0.000000 -0.999281 0.037923 -0.000000 -0.994661 0.103198 0.000000 -0.994661 0.103198 0.000000 
						-0.000000 1.000000 -0.000000 -0.000000 1.000000 -0.000000 -0.999281 -0.037923 0.000000 -0.999281 -0.037923 0.000000 -0.000000 1.000000 -0.000000 -0.000000 1.000000 -0.000000 -0.994661 -0.103198 0.000000 -0.994661 -0.103198 0.000000 0.258819 0.965926 -0.000000 0.258819 0.965926 -0.000000 -0.994661 0.103198 -0.000000 -0.994661 0.103198 -0.000000 -0.999281 0.037923 0.000000 -0.999281 0.037923 0.000000 0.258819 0.965926 0.000000 0.258819 0.965926 0.000000 -0.999281 -0.037923 0.000000 -0.999281 -0.037923 0.000000 0.500001 0.866025 -0.000000 0.500001 0.866025 -0.000000 -0.994661 -0.103198 0.000000 -0.994661 -0.103198 0.000000 0.500000 0.866025 0.000000 0.500000 0.866025 0.000000 0.707107 0.707107 -0.000000 0.707107 0.707107 -0.000000 0.707107 0.707107 0.000000 0.707107 0.707107 0.000000 0.132007 -0.251161 -0.958902 0.132007 0.261939 -0.956014 1.000000 0.000000 0.000000 0.989154 0.038814 -0.141663 0.132008 0.696962 0.704853 0.132008 0.251161 0.958901 0.132008 0.958902 -0.251161 0.132008 0.956014 0.261939 0.132008 0.704852 -0.696963 0.132007 -0.261939 0.956014 0.132008 -0.956014 -0.261939 0.132007 -0.696963 -0.704852 0.132007 -0.261939 0.956014 1.000000 0.000000 0.000000 1.000000 0.000000 0.000000 1.000000 0.000000 0.000000 1.000000 0.000000 0.000000 1.000000 0.000000 0.000000 1.000000 0.000000 0.000000 1.000000 0.000000 0.000000 1.000000 0.000000 0.000000 1.000000 0.000000 0.000000 1.000000 0.000000 0.000000 1.000000 0.000000 0.000000 1.000000 0.000000 0.000000 1.000000 0.000000 0.000000 0.493066 0.841602 -0.220437 0.493066 0.839067 0.229897 0.854377 0.502696 -0.131669 0.854377 0.501182 0.137319 0.493065 -0.841602 0.220437 0.493065 -0.839067 -0.229897 0.854377 -0.502696 0.131669 0.854377 -0.501182 -0.137319 0.493065 0.611705 0.618630 0.854377 0.365376 0.369513 
						0.493065 0.220437 0.841602 0.854377 0.131669 0.502696 0.493065 -0.229897 0.839067 0.854377 -0.137319 0.501182 0.493065 -0.618630 0.611705 0.854377 -0.369513 0.365376 0.493065 -0.229897 0.839067 0.854377 -0.137319 0.501182 0.493066 0.618630 -0.611705 0.854377 0.369513 -0.365376 0.493065 0.229897 -0.839067 0.854377 0.137319 -0.501181 0.493065 -0.220437 -0.841602 0.854377 -0.131669 -0.502696 0.493065 -0.611705 -0.618630 0.854377 -0.365377 -0.369513 -0.000000 0.000000 1.000000 -0.000000 -0.000000 1.000000 -0.000000 -0.000000 1.000000 -0.000000 0.000000 1.000000 0.000000 -0.000000 1.000000 0.000000 0.000000 1.000000 0.000000 -0.000000 1.000000 0.000000 0.000000 1.000000 -0.000000 -0.000000 1.000000 -0.000000 0.000000 1.000000 -0.000000 -0.000000 1.000000 -0.000000 0.000000 1.000000 -0.000000 0.000000 1.000000 -0.000000 0.000000 1.000000 -0.000000 0.000000 1.000000 -0.000000 0.000000 1.000000 -0.000000 0.000000 1.000000 0.000000 0.000000 1.000000 0.000000 0.000000 1.000000 -0.000000 0.000000 1.000000 0.000000 0.000000 1.000000 -0.000000 0.000000 1.000000 0.000000 0.000000 1.000000 0.000000 0.000000 1.000000 0.000000 0.000000 1.000000 0.000000 0.000000 1.000000 0.000000 0.000000 1.000000 -0.000000 0.000000 1.000000 0.000000 0.000000 1.000000 -0.000000 0.000000 1.000000 0.000000 0.000000 1.000000 -0.000000 0.000000 1.000000 -0.000000 0.000000 1.000000 -0.000000 0.000000 1.000000 -0.000000 0.000000 1.000000 -0.000000 0.000000 1.000000 -0.000000 -0.000000 1.000000 -0.000000 0.000000 1.000000 0.000000 -0.000000 1.000000 0.000000 0.000000 1.000000 0.000000 -0.000000 1.000000 0.000000 0.000000 1.000000 -0.000000 -0.000000 1.000000 -0.000000 0.000000 1.000000 0.000000 -0.000000 1.000000 -0.000000 0.000000 1.000000 0.000000 0.000000 1.000000 -0.000000 0.000000 1.000000 
						-0.000000 0.000000 1.000000 -0.000000 0.000000 1.000000 0.000000 0.000000 1.000000 -0.000000 -0.000000 1.000000 0.000000 0.000000 1.000000 -0.000000 -0.000000 1.000000 0.000000 0.000000 1.000000 -0.000000 -0.000000 -1.000000 -0.000000 -0.000000 -1.000000 0.000000 -0.000000 -1.000000 -0.000000 -0.000000 -1.000000 0.000000 -0.000000 -1.000000 0.000000 -0.000000 -1.000000 0.000000 -0.000000 -1.000000 0.000000 -0.000000 -1.000000 -0.000000 -0.000000 -1.000000 -0.000000 -0.000000 -1.000000 -0.000000 -0.000000 -1.000000 -0.000000 -0.000000 -1.000000 -0.000000 -0.000000 -1.000000 -0.000000 0.000000 -1.000000 -0.000000 -0.000000 -1.000000 -0.000000 -0.000000 -1.000000 0.000000 -0.000000 -1.000000 -0.000000 0.000000 -1.000000 -0.000000 -0.000000 -1.000000 -0.000000 0.000000 -1.000000 -0.000000 -0.000000 -1.000000 0.000000 0.000000 -1.000000 0.000000 -0.000000 -1.000000 0.000000 0.000000 -1.000000 0.000000 -0.000000 -1.000000 0.000000 0.000000 -1.000000 0.000000 -0.000000 -1.000000 0.000000 0.000000 -1.000000 0.000000 -0.000000 -1.000000 0.000000 0.000000 -1.000000 0.000000 -0.000000 -1.000000 0.000000 0.000000 -1.000000 0.000000 -0.000000 -1.000000 0.000000 -0.000000 -1.000000 0.000000 -0.000000 -1.000000 0.000000 -0.000000 -1.000000 0.000000 -0.000000 -1.000000 0.000000 -0.000000 -1.000000 -0.000000 -0.000000 -1.000000 -0.000000 -0.000000 -1.000000 -0.000000 -0.000000 -1.000000 -0.000000 -0.000000 -1.000000 0.000000 -0.000000 -1.000000 0.000000 -0.000000 -1.000000 -0.000000 -0.000000 -1.000000 -0.000000 0.000000 -1.000000 -0.000000 0.000000 -1.000000 -0.000000 -0.000000 -1.000000 -0.000000 -0.000000 -1.000000 -0.000000 -0.000000 -1.000000 -0.000000 -0.000000 -1.000000 0.000000 -0.000000 -1.000000 
					</float_array>
					<technique_common>
						<accessor count="763" offset="0" source="#meshId0-normals-array" stride="3">
							<param name="X" type="float" />
							<param name="Y" type="float" />
							<param name="Z" type="float" />
						</accessor>
					</technique_common>
				</source>
				<source id="meshId0-tangents" name="meshId0-tangents">
					<float_array id="meshId0-tangents-array" count="2289"> 
						-0.000000 0.000000 1.000000 0.000000 0.000000 1.000000 -0.000000 -0.000000 1.000000 -0.000000 0.000000 1.000000 -0.000000 -0.000000 1.000000 0.000002 0.000001 1.000000 -0.000000 -0.000000 1.000000 -0.000001 -0.000001 1.000000 0.000027 0.000027 1.000000 0.000019 0.000033 1.000000 0.000020 0.000035 1.000000 0.000024 0.000024 1.000000 0.000012 0.000045 1.000000 0.000012 0.000044 1.000000 -0.005153 -0.000617 0.999987 0.000001 -0.000005 1.000000 0.000003 -0.000012 1.000000 -0.000817 -0.000180 1.000000 0.005086 0.000306 0.999987 -0.000002 0.000006 1.000000 -0.000000 0.000000 1.000000 0.000000 -0.000000 1.000000 -0.000004 0.000004 1.000000 -0.000007 0.000007 1.000000 -0.000002 0.000001 1.000000 -0.000005 0.000003 1.000000 -0.000003 0.000001 1.000000 -0.000005 0.000001 1.000000 -0.000003 0.000000 1.000000 -0.000006 0.000000 1.000000 0.000000 -0.000000 1.000000 0.000000 -0.000000 1.000000 0.000002 -0.000001 1.000000 0.000002 -0.000001 1.000000 0.000000 -0.000000 1.000000 0.000002 -0.000002 1.000000 0.000001 -0.000001 1.000000 0.000001 -0.000003 1.000000 0.000000 -0.000001 1.000000 0.000001 -0.000003 1.000000 -0.000000 -0.000001 1.000000 -0.000000 -0.000003 1.000000 -0.000000 -0.000002 1.000000 -0.000001 -0.000002 1.000000 -0.000001 -0.000001 1.000000 -0.000000 -0.000001 1.000000 -0.000002 -0.000002 1.000000 -0.000004 -0.000004 1.000000 -0.000000 -0.000000 1.000000 -0.000000 -0.000000 1.000000 -0.005082 0.000348 0.999987 -0.000797 0.000477 1.000000 -0.000003 -0.000001 1.000000 -0.000006 -0.000001 1.000000 0.000000 -0.000000 1.000000 0.000000 -0.000000 1.000000 0.000000 -0.000000 1.000000 0.000000 -0.000000 1.000000 -0.000000 0.000000 1.000000 -0.000000 -0.000000 1.000000 -0.000000 -0.000000 1.000000 -0.000000 0.000000 1.000000 -0.000005 -0.000003 1.000000 -0.000002 -0.000001 1.000000 
						-0.000000 -0.000000 1.000000 -0.000000 -0.000000 1.000000 -0.000000 -0.000000 1.000000 -0.000001 -0.000001 1.000000 0.000000 0.000000 1.000000 0.000000 0.000000 1.000000 0.000000 0.000000 1.000000 0.000000 0.000000 1.000000 0.000000 -0.000000 1.000000 0.000000 -0.000000 1.000000 0.000000 -0.000000 1.000000 0.000000 -0.000000 1.000000 0.000002 -0.000002 1.000000 0.000000 -0.000000 1.000000 0.000000 -0.000000 1.000000 0.000001 -0.000000 1.000000 0.000000 -0.000000 1.000000 0.000000 -0.000000 1.000000 -0.000000 0.000000 1.000000 -0.000000 0.000000 1.000000 0.000000 0.000000 1.000000 -0.000000 -0.000000 1.000000 0.000002 0.000001 1.000000 0.000000 0.000000 1.000000 -0.000000 -0.000000 1.000000 0.000001 0.000001 1.000000 0.000028 0.000028 1.000000 0.000020 0.000034 1.000000 0.000019 0.000032 1.000000 0.000028 0.000028 1.000000 0.000006 0.000023 1.000000 0.000009 0.000033 1.000000 0.000000 -0.000000 1.000000 0.000000 -0.000000 1.000000 -0.000000 0.000000 1.000000 -0.000000 0.000000 1.000000 0.000821 -0.000137 1.000000 0.005158 -0.000575 0.999987 -0.000003 0.000010 1.000000 0.000000 -0.000000 1.000000 -0.000000 0.000000 1.000000 0.000000 -0.000000 1.000000 0.000000 -0.000000 1.000000 -0.000000 0.000000 1.000000 0.000000 -0.000000 1.000000 -0.000005 0.000001 1.000000 -0.000002 0.000001 1.000000 0.000000 -0.000208 1.000000 -0.003751 -0.000520 0.999993 -0.056094 0.000201 0.998425 0.000000 0.000404 1.000000 0.000000 0.000107 1.000000 0.004708 0.000631 0.999989 -0.005056 -0.000549 0.999987 0.000000 -0.000383 1.000000 0.000000 0.000621 1.000000 -0.003149 0.000208 0.999995 -0.000000 0.000356 1.000000 0.056094 0.000187 0.998425 0.055145 0.000022 0.998478 0.000000 -0.000537 1.000000 -0.000000 -0.000369 1.000000 0.005058 -0.000510 0.999987 0.000000 0.000144 1.000000 
						-0.004706 0.000674 0.999989 -0.000000 -0.000546 1.000000 -0.055145 -0.000002 0.998478 -0.000000 0.000692 1.000000 0.003150 0.000240 0.999995 0.003752 -0.000537 0.999993 0.000000 -0.000230 1.000000 0.000801 0.000433 1.000000 -0.044411 -0.000154 0.999013 -0.044296 0.002285 0.999016 0.044299 0.002384 0.999015 0.044412 -0.000169 0.999013 0.000000 -0.967367 0.253379 0.000000 -0.967367 0.253379 0.000000 -0.964454 -0.264252 0.000000 -0.964454 -0.264252 -0.000000 0.711075 -0.703116 -0.000000 0.711075 -0.703116 -0.000000 0.967367 -0.253379 0.000000 0.967367 -0.253379 -0.000000 -0.264252 0.964454 0.000000 -0.264251 0.964454 0.000000 -0.711075 0.703116 0.000000 -0.711075 0.703116 0.000000 0.964454 0.264252 0.000000 0.964454 0.264252 0.000000 0.703116 0.711075 0.000000 0.703116 0.711076 0.000000 0.253378 0.967367 0.000000 0.253378 0.967367 0.000000 0.264252 -0.964454 0.000000 0.264252 -0.964454 0.000000 -0.703116 -0.711075 -0.000000 -0.703116 -0.711075 0.000000 -0.253378 -0.967367 -0.000000 -0.253378 -0.967367 -0.000000 -0.964454 -0.264252 -0.000000 -0.964454 -0.264252 -1.000000 -0.000000 0.000000 -0.991222 -0.026429 -0.129537 -0.991248 0.034884 -0.127317 -1.000000 -0.000000 0.000000 -1.000000 -0.000000 0.000000 -0.991222 0.098967 -0.087656 -0.991222 0.129536 -0.026429 -1.000000 -0.000000 0.000000 -0.991222 0.125397 0.041880 -1.000000 -0.000000 0.000000 -1.000000 -0.000000 0.000000 -0.991222 -0.098968 0.087657 -0.991222 -0.129537 0.026429 -1.000000 -0.000000 0.000000 -0.991223 -0.125396 -0.041880 -1.000000 -0.000000 0.000000 -0.991222 0.087657 0.098968 -1.000000 -0.000000 0.000000 -1.000000 -0.000000 0.000000 -0.991144 0.048881 -0.123468 -1.000000 -0.000000 0.000000 -0.991222 -0.087656 -0.098967 -0.991222 0.026429 0.129537 -1.000000 -0.000000 0.000000 -1.000000 -0.000000 0.000000 -0.991222 -0.041881 0.125397 
						-0.519619 -0.829489 0.204802 -0.250150 -0.920650 0.299715 -0.250143 -0.947165 -0.200764 -0.519614 -0.820762 -0.237382 -0.869910 -0.480440 0.111506 -0.869910 -0.471826 -0.143653 -0.519613 0.829493 -0.204803 -0.250150 0.920650 -0.299715 -0.250144 0.947165 0.200765 -0.519616 0.820761 0.237382 -0.869908 0.480443 -0.111507 -0.869910 0.471826 0.143654 -0.250138 -0.719888 -0.647450 -0.519613 -0.592111 -0.615960 -0.869910 -0.336787 -0.360321 -0.250141 -0.299716 -0.920652 -0.519615 -0.204803 -0.829492 -0.869910 -0.111506 -0.480440 -0.248898 0.143772 -0.957799 -0.519188 0.184787 -0.834444 -0.869901 0.116156 -0.479354 -0.519615 0.615959 -0.592110 -0.250145 0.647449 -0.719887 -0.869910 0.360321 -0.336788 -0.518492 0.289696 -0.804514 -0.250544 0.255823 -0.933693 -0.869206 0.171205 -0.463863 -0.519618 -0.615958 0.592109 -0.250145 -0.647449 0.719887 -0.869910 -0.360320 0.336786 -0.519615 -0.237382 0.820762 -0.250141 -0.200765 0.947166 -0.869910 -0.143654 0.471826 -0.519615 0.204802 0.829492 -0.250142 0.299716 0.920652 -0.869910 0.111506 0.480440 -0.519615 0.592110 0.615959 -0.250138 0.719888 0.647451 -0.869911 0.336786 0.360319 -0.000000 -0.495117 -0.868827 0.000000 -0.495117 -0.868826 -0.000001 -0.495118 -0.868826 -0.000001 -0.495118 -0.868826 0.000001 -0.495127 -0.868821 0.000001 -0.495124 -0.868822 0.000000 -0.495121 -0.868824 0.000000 -0.495119 -0.868825 0.000000 -0.495115 -0.868827 0.000000 -0.495116 -0.868827 0.000001 -0.495111 -0.868830 0.000001 -0.495113 -0.868829 -0.000001 -0.495118 -0.868826 -0.000001 -0.495118 -0.868826 -0.000001 -0.495119 -0.868825 -0.000001 -0.495121 -0.868824 0.000001 -0.495116 -0.868827 0.000001 -0.495117 -0.868826 -0.000002 -0.495115 -0.868827 -0.000002 -0.495116 -0.868827 0.000001 -0.495111 -0.868830 0.000001 -0.495113 -0.868829 -0.000001 -0.495126 -0.868821 -0.000001 -0.495124 -0.868823 -1.000000 -0.000000 0.000000 
						-1.000000 -0.000000 0.000000 -1.000000 -0.000000 0.000000 -1.000000 -0.000000 -0.000000 -1.000000 -0.000000 0.000000 -1.000000 -0.000000 0.000000 -1.000000 -0.000000 0.000000 -1.000000 -0.000000 0.000000 -1.000000 0.000000 -0.000000 -1.000000 0.000000 -0.000000 -1.000000 -0.000001 0.000004 -1.000000 -0.000001 0.000004 -1.000000 -0.000001 0.000002 -1.000000 0.000000 0.000000 -1.000000 0.000001 0.000002 -1.000000 0.000000 -0.000000 -1.000000 -0.000000 0.000000 -1.000000 0.000000 0.000000 -1.000000 0.000000 -0.000000 -1.000000 0.000000 -0.000000 -1.000000 -0.000000 0.000000 -1.000000 -0.000000 0.000000 -1.000000 -0.000000 0.000000 -1.000000 0.000000 0.000000 -1.000000 0.000000 -0.000000 -1.000000 0.000000 -0.000000 -0.000000 -0.967314 0.253582 0.000002 -0.967288 0.253682 0.106687 -0.992517 -0.059397 0.127770 -0.986340 -0.103959 -0.000020 -0.254032 -0.967196 0.000054 -0.254846 -0.966982 0.000046 0.264478 -0.964392 -0.000287 0.264832 -0.964295 0.000064 0.703323 0.710870 -0.000028 0.703357 0.710837 0.000106 0.255270 0.966870 -0.000174 0.253941 0.967220 -0.000031 0.964110 0.265502 0.000090 0.964325 0.264720 -0.127754 -0.901585 -0.413309 -0.106708 -0.884153 -0.454848 0.000006 -0.703464 -0.710731 0.000039 -0.703334 -0.710860 0.000000 -0.711075 0.703116 -0.000000 -0.711075 0.703116 0.000000 -0.967367 0.253378 0.000000 -0.967367 0.253378 -0.000104 0.714340 -0.699799 -0.000140 0.967831 -0.251602 -0.000091 0.967621 -0.252409 0.000317 0.712292 -0.701884 -0.000086 -0.265068 0.964230 0.000112 -0.709579 0.704626 -0.000089 -0.710545 0.703652 0.000154 -0.264273 0.964448 0.000204 0.252161 0.967685 -0.000277 -0.262687 0.964881 -0.000063 -0.252823 -0.967513 0.000554 0.264549 -0.964372 0.000000 0.253378 0.967367 0.000000 0.253378 0.967367 0.000000 -0.264251 0.964454 0.000000 -0.264251 0.964454 0.000066 -0.712326 0.701849 
						-0.037631 -0.999231 -0.011022 0.000000 -0.999984 -0.005628 -0.000041 -0.967144 0.254229 0.090876 -0.994995 -0.041541 0.000000 -0.253378 -0.967367 0.000000 -0.253378 -0.967367 -0.000000 0.264252 -0.964454 0.000000 0.264252 -0.964454 -0.000103 -0.703079 -0.711112 0.000000 -0.863198 -0.504866 0.037631 -0.865299 -0.499842 -0.000000 -0.703116 -0.711075 0.000000 -0.703116 -0.711075 -0.090873 -0.877135 -0.471567 -0.000175 0.702899 0.711289 -0.000038 0.964594 0.263738 -0.000000 0.711075 -0.703116 0.000000 0.711076 -0.703116 0.000160 0.967544 -0.252704 0.000000 0.967367 -0.253378 0.000000 0.967367 -0.253378 -0.000140 0.709412 -0.704794 -0.000000 -0.703116 -0.711075 -0.000000 -0.703116 -0.711075 0.000000 -0.253378 -0.967367 0.000000 -0.253378 -0.967367 0.000000 0.703116 0.711075 0.000000 0.703116 0.711075 0.000018 -0.264052 0.964508 0.000000 -0.264252 0.964454 0.000000 0.253378 0.967367 -0.000024 0.253164 0.967423 0.000114 -0.264227 0.964461 -0.000125 0.253532 0.967327 -0.000047 0.264367 -0.964422 0.000000 0.264252 -0.964454 -0.000002 -0.253282 -0.967393 -0.000201 0.264480 -0.964391 -0.000016 -0.253586 -0.967313 -0.000008 -0.711242 0.702947 0.000000 -0.711075 0.703116 -0.000069 -0.710921 0.703272 -0.000006 -0.967354 0.253430 -0.000000 -0.967367 0.253379 -0.000001 -0.967349 0.253447 0.091688 -0.969398 -0.227732 0.031109 -0.964949 -0.260587 0.127851 -0.977846 -0.165747 0.000006 -0.703111 -0.711080 0.000029 -0.703190 -0.711002 -0.031109 -0.963013 -0.267654 -0.091680 -0.950091 -0.298197 -0.127833 -0.925769 -0.355822 0.000000 0.703115 0.711076 0.000015 0.703112 0.711079 0.000059 0.703199 0.710993 0.000000 0.964454 0.264252 0.000010 0.964482 0.264147 0.000049 0.964413 0.264401 0.000000 0.967368 -0.253377 0.000006 0.967369 -0.253373 0.000005 0.967442 -0.253092 0.000000 0.711076 -0.703115 0.000036 0.710777 -0.703418 
						0.000166 0.711468 -0.702718 0.241055 0.970511 0.000000 0.273770 0.961795 -0.000000 0.015515 0.999880 0.000000 -0.018342 0.999832 -0.000000 -0.018341 -0.999832 0.000000 0.015515 -0.999880 0.000000 -0.243798 -0.969826 -0.000000 -0.276489 -0.961017 -0.000000 0.484033 0.875049 -0.000000 0.513378 0.858162 -0.000000 -0.486506 -0.873677 -0.000000 -0.515802 -0.856708 0.000000 0.694020 0.719956 -0.000000 0.717994 0.696050 -0.000000 -0.696052 -0.717991 0.000000 -0.719959 -0.694017 0.000000 0.856710 0.515798 -0.000000 0.873680 0.486502 -0.000000 -0.858165 -0.513374 -0.000000 -0.875052 -0.484030 -0.000000 0.961016 0.276491 -0.000000 0.970144 0.242530 -0.000000 -0.957415 -0.288715 -0.000000 -0.965926 -0.258817 -0.000000 0.875051 -0.484030 -0.000000 0.858165 -0.513375 -0.000000 0.961794 -0.273773 -0.000000 0.970715 -0.240232 -0.000000 -0.961016 0.276491 0.000000 -0.970144 0.242530 0.000000 -0.873679 0.486502 -0.000000 -0.856710 0.515799 0.000000 0.719959 -0.694017 -0.000000 0.696052 -0.717991 -0.000000 -0.717994 0.696050 -0.000000 -0.694020 0.719956 -0.000000 0.515802 -0.856708 -0.000000 0.486506 -0.873677 -0.000000 -0.513378 0.858162 -0.000000 -0.484034 0.875049 -0.000000 0.276489 -0.961017 -0.000000 0.243798 -0.969826 -0.000000 -0.273770 0.961795 0.000000 -0.241055 0.970511 -0.000000 0.018341 -0.999832 -0.000000 -0.015515 -0.999880 0.000000 -0.015515 0.999880 0.000000 0.018342 0.999832 -0.000000 -0.241061 -0.970510 0.000000 -0.273776 -0.961793 0.000000 0.243804 0.969825 -0.000000 0.276494 0.961016 -0.000000 -0.484029 -0.875052 -0.000000 -0.513374 -0.858165 -0.000000 0.486501 0.873680 0.000000 0.515798 0.856710 -0.000000 -0.694022 -0.719954 -0.000000 -0.717996 -0.696047 -0.000000 0.696055 0.717989 -0.000000 0.719961 0.694015 -0.000000 -0.856708 -0.515802 -0.000000 -0.873677 -0.486506 -0.000000 0.858162 0.513378 -0.000000 
						0.875049 0.484034 -0.000000 -0.961016 -0.276494 -0.000000 -0.969825 -0.243803 -0.000000 0.961794 0.273776 -0.000000 0.970510 0.241060 -0.000000 -0.999832 -0.018342 -0.000000 -0.999880 0.015515 -0.000000 0.999880 0.015515 -0.000000 0.999832 -0.018342 0.000000 -0.970510 0.241060 -0.000000 -0.961794 0.273776 0.000000 0.969825 -0.243803 0.000000 0.961016 -0.276493 -0.000000 -0.875049 0.484034 -0.000000 -0.858163 0.513378 -0.000000 0.873677 -0.486506 -0.000000 0.856708 -0.515802 -0.000000 -0.719961 0.694015 -0.000000 -0.696055 0.717989 -0.000000 0.717996 -0.696047 0.000000 0.694022 -0.719954 0.000000 -0.515798 0.856710 -0.000000 -0.486501 0.873680 -0.000000 0.513374 -0.858165 0.000000 0.484029 -0.875052 0.000000 -0.276494 0.961016 -0.000000 -0.243804 0.969825 -0.000000 0.273776 -0.961793 0.000000 0.241061 -0.970510 0.000000 0.995963 -0.089769 0.000000 0.992728 -0.120378 0.000000 0.998706 -0.050854 0.000000 0.999715 -0.023856 0.000000 0.999938 0.011104 0.000000 0.999281 0.037923 0.000000 0.997891 0.064905 0.000000 0.999281 0.037923 0.000000 0.995914 0.090306 0.000000 0.992575 0.121635 0.000000 -0.998677 0.051415 -0.000000 -0.999699 0.024520 -0.000000 -0.995914 0.090306 0.000000 -0.992575 0.121635 0.000000 -0.999715 -0.023856 0.000000 -0.998706 -0.050853 0.000000 -0.995963 -0.089769 -0.000000 -0.992728 -0.120378 -0.000000 -0.975157 -0.221514 -0.000000 -0.965926 -0.258817 -0.000000 0.390773 0.920487 -0.000000 0.390774 0.920487 0.000000 0.390773 0.920487 -0.000000 -0.000000 0.000000 1.000000 -0.000000 0.000000 1.000000 0.000000 -0.000000 1.000000 0.000000 -0.000001 1.000000 0.000000 -0.000000 1.000000 0.000000 -0.000000 1.000000 0.000003 -0.000001 1.000000 0.000003 -0.000001 1.000000 0.000000 0.000000 1.000000 0.000000 0.000000 1.000000 0.000000 -0.000000 1.000000 0.000000 -0.000000 1.000000 
						0.000000 0.000000 1.000000 0.000000 0.000000 1.000000 0.000000 -0.000000 1.000000 0.000000 -0.000000 1.000000 0.000000 0.000000 1.000000 0.000000 0.000000 1.000000 0.000000 -0.000000 1.000000 0.000000 -0.000000 1.000000 0.000000 0.000000 1.000000 -0.000000 -0.000000 1.000000 0.000000 -0.000000 1.000000 0.000000 -0.000000 1.000000 -0.000000 -0.000000 1.000000 -0.000000 -0.000000 1.000000 -0.000000 0.000000 1.000000 -0.000000 0.000001 1.000000 -0.000002 -0.000003 1.000000 -0.000002 -0.000003 1.000000 -0.000000 0.000000 1.000000 -0.000000 0.000000 1.000000 -0.000000 -0.000000 1.000000 -0.000000 -0.000000 1.000000 0.000000 0.000000 1.000000 0.000000 0.000000 1.000000 -0.000000 -0.000000 1.000000 -0.000000 -0.000000 1.000000 -0.000003 -0.000003 1.000000 -0.000003 -0.000003 1.000000 -0.000000 -0.000000 1.000000 -0.000000 -0.000000 1.000000 0.000000 0.000000 1.000000 -0.000000 -0.000001 1.000000 -0.000000 -0.000000 1.000000 -0.000000 -0.000000 1.000000 -0.000000 -0.000000 1.000000 -0.000000 -0.000000 1.000000 -0.000000 -0.000000 1.000000 -0.000000 -0.000000 1.000000 -0.000000 -0.000000 1.000000 -0.000000 -0.000000 1.000000 -0.000000 -0.000000 1.000000 -0.000000 -0.000000 1.000000 -0.000000 -0.000000 1.000000 -0.000000 -0.000000 1.000000 -0.000000 -0.000000 1.000000 -0.000000 -0.000000 1.000000 -0.000000 -0.000000 1.000000 -0.000000 -0.000000 1.000000 -0.000000 -0.000000 1.000000 -0.000000 -0.000000 1.000000 0.000000 0.000000 1.000000 0.000000 0.000000 1.000000 -0.000000 -0.000000 1.000000 -0.000000 -0.000000 1.000000 -0.000000 -0.000000 1.000000 -0.000000 -0.000000 1.000000 0.000000 0.000000 1.000000 0.000000 -0.000000 1.000000 -0.000000 -0.000000 1.000000 -0.000000 -0.000000 1.000000 0.000000 0.000000 1.000000 0.000000 0.000000 1.000000 0.000000 0.000000 1.000000 0.000000 0.000000 1.000000 
						-0.000000 0.000000 1.000000 -0.000000 0.000000 1.000000 -0.000000 0.000000 1.000000 -0.000000 0.000000 1.000000 -0.000000 0.000000 1.000000 -0.000000 0.000000 1.000000 -0.000000 0.000002 1.000000 -0.000000 0.000002 1.000000 0.000000 -0.000000 1.000000 0.000000 -0.000000 1.000000 -0.000001 -0.000008 1.000000 -0.000001 -0.000006 1.000000 -0.000000 -0.000012 1.000000 -0.000000 -0.000011 1.000000 0.000000 -0.000000 1.000000 0.000000 -0.000000 1.000000 0.000000 -0.000002 1.000000 -0.000000 0.000000 1.000000 0.000000 -0.000000 1.000000 0.000000 -0.000000 1.000000 -0.000000 0.000000 1.000000 -0.000000 0.000000 1.000000 0.000000 -0.000000 1.000000 0.000000 -0.000000 1.000000 0.000000 -0.000000 1.000000 0.000000 -0.000000 1.000000 0.000005 -0.000005 1.000000 0.000005 -0.000005 1.000000 0.000000 0.967367 -0.253378 0.000000 0.964454 0.264251 0.000000 0.964454 0.264251 -0.000000 0.964454 0.264251 -0.000000 -0.711076 0.703116 -0.000000 -0.967367 0.253378 -0.000000 0.253378 0.967367 -0.000000 -0.264251 0.964454 -0.000000 0.703116 0.711075 -0.035040 -0.965084 -0.259586 -0.000000 0.264252 -0.964454 0.000000 0.711075 -0.703116 0.035040 -0.962618 -0.268587 0.000000 0.504869 -0.863196 0.000000 0.504868 -0.863197 0.000000 0.504866 -0.863198 0.000000 0.504868 -0.863197 0.000000 0.504868 -0.863197 0.000000 0.504862 -0.863200 0.000000 0.504864 -0.863199 0.000000 0.504863 -0.863199 0.000000 0.504865 -0.863198 0.000000 0.504865 -0.863198 0.000000 0.504865 -0.863198 0.000000 0.504865 -0.863199 0.000000 0.504867 -0.863197 -0.000000 0.253378 0.967367 -0.000000 -0.264252 0.964454 0.000000 0.253378 0.967367 0.000000 -0.264252 0.964454 -0.000000 -0.253378 -0.967367 -0.000000 0.264252 -0.964454 -0.000000 -0.253378 -0.967367 -0.000000 0.264252 -0.964454 0.000000 -0.711075 0.703116 -0.000000 -0.711075 0.703116 
						-0.000000 -0.967367 0.253378 -0.000000 -0.967367 0.253378 -0.113950 -0.973211 -0.199690 -0.115964 -0.990515 -0.073705 0.000000 -0.703116 -0.711075 0.000000 -0.703116 -0.711075 0.113950 -0.939080 -0.324260 0.115964 -0.889751 -0.441471 0.000000 0.703116 0.711075 0.000000 0.703116 0.711075 -0.000000 0.964454 0.264251 -0.000000 0.964454 0.264251 -0.000000 0.967367 -0.253379 -0.000000 0.967367 -0.253378 -0.000000 0.711075 -0.703116 0.000000 0.711075 -0.703116 0.787984 0.615696 0.000000 0.787983 0.615697 0.000000 0.787983 0.615696 0.000000 0.787984 0.615696 0.000000 0.787984 0.615696 -0.000000 0.787984 0.615696 -0.000000 0.787983 0.615696 -0.000000 0.787984 0.615696 -0.000000 0.787984 0.615696 0.000000 0.787984 0.615695 0.000000 0.787984 0.615696 0.000000 0.787984 0.615695 0.000000 0.787983 0.615696 0.000000 0.787983 0.615697 0.000000 0.787983 0.615697 0.000000 0.787983 0.615697 0.000000 0.787983 0.615697 -0.000000 0.787983 0.615697 -0.000000 0.787982 0.615698 -0.000000 0.787983 0.615697 0.000000 0.787983 0.615697 -0.000000 0.787984 0.615696 0.000000 0.787983 0.615697 -0.000000 0.787983 0.615698 -0.000000 0.787983 0.615697 -0.000000 0.787983 0.615697 -0.000000 0.787983 0.615697 -0.000000 0.787983 0.615697 -0.000000 0.787983 0.615697 -0.000000 0.787983 0.615697 0.000000 0.787983 0.615697 -0.000000 0.787984 0.615696 0.000000 0.787983 0.615697 0.000000 0.787983 0.615697 0.000000 0.787983 0.615697 0.000000 0.787983 0.615698 0.000000 0.787983 0.615697 0.000000 0.787983 0.615697 0.000000 0.787983 0.615697 -0.000000 0.787983 0.615697 -0.000000 0.787983 0.615698 0.000000 0.787982 0.615698 -0.000000 0.787983 0.615697 0.000000 0.787982 0.615698 0.000000 0.787983 0.615697 0.000000 0.787983 0.615697 0.000000 0.787983 0.615696 -0.000000 0.787984 0.615696 0.000000 
						0.787984 0.615695 0.000000 0.787983 0.615696 0.000000 0.787984 0.615696 -0.000000 0.787983 0.615697 0.000000 0.787984 0.615695 -0.000000 0.787984 0.615696 0.000000 0.787983 0.615697 -0.000000 0.390774 0.920486 -0.000000 0.390774 0.920487 -0.000000 0.390774 0.920487 -0.000000 0.390774 0.920487 -0.000000 0.390774 0.920487 0.000000 0.390773 0.920487 -0.000000 0.390773 0.920487 -0.000000 0.390772 0.920487 -0.000000 0.390772 0.920488 -0.000000 0.390772 0.920487 -0.000000 0.390772 0.920488 -0.000000 0.390772 0.920487 -0.000000 0.390773 0.920487 -0.000000 0.390771 0.920488 -0.000000 0.390773 0.920487 -0.000000 0.390773 0.920487 -0.000000 0.390772 0.920487 -0.000000 0.390773 0.920487 0.000000 0.390772 0.920487 -0.000000 0.390773 0.920487 0.000000 0.390773 0.920487 -0.000000 0.390773 0.920487 0.000000 0.390772 0.920488 0.000000 0.390773 0.920487 0.000000 0.390774 0.920487 -0.000000 0.390774 0.920487 0.000000 0.390773 0.920487 0.000000 0.390773 0.920487 0.000000 0.390774 0.920487 0.000000 0.390775 0.920486 0.000000 0.390775 0.920486 0.000000 0.390774 0.920487 0.000000 0.390773 0.920487 -0.000000 0.390772 0.920487 0.000000 0.390773 0.920487 0.000000 0.390773 0.920487 0.000000 0.390773 0.920487 0.000000 0.390772 0.920487 -0.000000 0.390772 0.920487 -0.000000 0.390772 0.920487 -0.000000 0.390772 0.920487 -0.000000 0.390773 0.920487 -0.000000 0.390773 0.920487 0.000000 0.390773 0.920487 -0.000000 0.390774 0.920487 -0.000000 0.390772 0.920487 -0.000000 0.390774 0.920487 -0.000000 0.390772 0.920487 -0.000000 0.390776 0.920486 -0.000000 0.390775 0.920486 -0.000000 0.390774 0.920487 -0.000000 0.390773 0.920487 0.000000 
					</float_array>
					<technique_common>
						<accessor count="763" offset="0" source="#meshId0-tangents-array" stride="3">
							<param name="X" type="float" />
							<param name="Y" type="float" />
							<param name="Z" type="float" />
						</accessor>
					</technique_common>
				</source>
				<source id="meshId0-bitangents" name="meshId0-bitangents">
					<float_array id="meshId0-bitangents-array" count="2289"> 
						-1.000000 -0.000000 -0.000000 -0.965926 -0.258819 0.000000 -0.965926 -0.258819 -0.000000 -1.000000 -0.000000 -0.000000 -0.866026 -0.500000 -0.000000 -0.866026 -0.500000 0.000002 -0.707107 -0.707107 -0.000000 -0.707107 -0.707107 -0.000002 -0.707107 -0.707107 0.000038 -0.500000 -0.866025 0.000038 -0.500000 -0.866025 0.000040 -0.707107 -0.707107 0.000034 -0.258819 -0.965926 0.000047 -0.258819 -0.965926 0.000046 0.113216 -0.993570 -0.000029 0.258819 -0.965926 -0.000005 0.258819 -0.965926 -0.000013 0.098578 -0.995129 -0.000099 0.113227 -0.993569 -0.000271 0.258819 -0.965926 0.000006 0.500000 -0.866025 0.000000 0.500000 -0.866026 -0.000001 0.707107 -0.707107 0.000005 0.707107 -0.707107 0.000011 0.866026 -0.500000 0.000003 0.866026 -0.500000 0.000006 0.965926 -0.258819 0.000003 0.965926 -0.258819 0.000006 1.000000 -0.000000 0.000003 1.000000 -0.000000 0.000006 -0.965926 0.258819 0.000000 -0.965926 0.258819 0.000000 -0.866026 0.500000 0.000002 -0.866026 0.500000 0.000003 -0.707107 0.707107 0.000000 -0.707107 0.707107 0.000003 -0.499999 0.866026 0.000002 -0.499999 0.866026 0.000003 -0.258819 0.965926 0.000001 -0.258819 0.965926 0.000003 0.000000 1.000000 0.000001 0.000000 1.000000 0.000003 0.258819 0.965926 0.000002 0.258819 0.965926 0.000002 0.499999 0.866026 0.000002 0.499999 0.866026 0.000001 0.707107 0.707107 0.000003 0.707107 0.707107 0.000005 0.866026 0.499999 0.000000 0.866026 0.500000 0.000001 -0.113227 -0.993569 -0.000230 -0.098682 -0.995119 0.000396 0.965926 0.258819 0.000003 0.965926 0.258819 0.000006 -0.965926 0.258819 0.000000 -0.965926 0.258819 0.000000 -0.866026 0.500000 0.000000 -0.866026 0.500000 0.000000 1.000000 0.000000 0.000000 0.965926 0.258819 0.000000 0.965926 0.258819 0.000000 1.000000 -0.000000 0.000000 0.866026 0.500000 0.000005 0.866026 0.500000 0.000003 
						0.707107 0.707107 0.000000 0.707107 0.707107 0.000000 0.499999 0.866026 0.000000 0.499999 0.866026 0.000002 0.258819 0.965926 -0.000000 0.258819 0.965926 -0.000000 0.000000 1.000000 -0.000000 0.000000 1.000000 -0.000000 -0.258819 0.965926 0.000000 -0.258819 0.965926 0.000000 -0.499999 0.866026 0.000000 -0.499999 0.866026 0.000000 -0.707107 0.707107 0.000003 -0.707107 0.707107 0.000000 -0.866026 0.500000 0.000000 -0.866026 0.500000 0.000001 -0.965926 0.258819 0.000000 -0.965926 0.258819 0.000000 -1.000000 -0.000000 -0.000000 -1.000000 -0.000000 -0.000000 -0.965926 -0.258819 0.000000 -0.965926 -0.258819 -0.000000 -0.866026 -0.500000 0.000002 -0.866026 -0.500000 0.000000 -0.707107 -0.707107 -0.000000 -0.707107 -0.707107 0.000001 -0.707107 -0.707107 0.000040 -0.500000 -0.866026 0.000039 -0.500000 -0.866025 0.000037 -0.707107 -0.707107 0.000040 -0.258819 -0.965926 0.000024 -0.258819 -0.965926 0.000034 0.500001 -0.866025 -0.000000 0.500001 -0.866025 -0.000000 0.258819 -0.965926 0.000000 0.258819 -0.965926 0.000000 -0.098575 -0.995130 -0.000055 -0.113211 -0.993571 0.000013 0.258819 -0.965926 0.000011 0.500000 -0.866026 -0.000000 0.500000 -0.866026 0.000000 0.707107 -0.707107 -0.000000 0.707107 -0.707107 -0.000000 0.866026 -0.500000 0.000000 0.866026 -0.500000 -0.000000 0.965926 -0.258819 0.000005 0.965926 -0.258819 0.000003 0.000004 -1.000000 -0.000208 -0.034963 -0.999388 -0.000650 -0.007952 -0.999968 -0.000245 -0.000001 -1.000000 0.000404 0.000000 -1.000000 0.000107 0.058738 -0.998273 0.000354 0.058291 -0.998300 -0.000253 0.000004 -1.000000 -0.000383 -0.000004 -1.000000 0.000621 0.035382 -0.999374 0.000319 0.000000 -1.000000 0.000356 0.007951 -0.999968 -0.000259 -0.008090 -0.999967 0.000469 0.000000 -1.000000 -0.000537 -0.000004 -1.000000 -0.000369 -0.058284 -0.998300 -0.000214 -0.000009 -1.000000 0.000144 
						-0.058741 -0.998273 0.000396 -0.000001 -1.000000 -0.000546 0.008093 -0.999967 0.000445 0.000002 -1.000000 0.000692 -0.035385 -0.999374 0.000351 0.034968 -0.999388 -0.000667 0.000002 -1.000000 -0.000230 0.098680 -0.995119 0.000352 -0.036176 -0.999344 -0.001762 0.035791 -0.999352 0.003873 -0.035786 -0.999352 0.003971 0.036172 -0.999344 -0.001777 1.000000 0.000000 0.000000 1.000000 0.000000 0.000000 1.000000 -0.000000 0.000000 1.000000 -0.000000 0.000000 1.000000 -0.000000 -0.000000 1.000000 -0.000000 -0.000000 1.000000 -0.000000 -0.000000 1.000000 -0.000000 -0.000000 1.000000 0.000000 0.000000 1.000000 0.000000 0.000000 1.000000 0.000000 0.000000 1.000000 0.000000 0.000000 1.000000 0.000000 -0.000000 1.000000 0.000000 -0.000000 1.000000 0.000000 -0.000000 1.000000 0.000000 -0.000000 1.000000 0.000000 -0.000000 1.000000 0.000000 -0.000000 1.000000 -0.000000 -0.000000 1.000000 -0.000000 -0.000000 1.000000 -0.000000 0.000000 1.000000 -0.000000 0.000000 1.000000 -0.000000 0.000000 1.000000 -0.000000 0.000000 1.000000 -0.000000 0.000000 1.000000 -0.000000 0.000000 0.000000 -0.967367 0.253378 -0.007192 -0.967585 0.252444 0.000000 -0.964454 -0.264251 0.000000 -0.964454 -0.264252 0.000000 -0.703116 -0.711076 -0.007192 -0.702415 -0.711731 -0.007191 -0.252444 -0.967585 0.000000 -0.253378 -0.967367 -0.007192 0.265168 -0.964175 -0.000000 0.264251 -0.964454 0.000000 0.703116 0.711076 -0.007192 0.702417 0.711729 -0.007192 0.252446 0.967584 0.000000 0.253378 0.967367 -0.007192 -0.265166 0.964176 0.000000 -0.264252 0.964454 -0.007192 0.711730 -0.702416 -0.000000 0.711075 -0.703116 0.000000 -0.964454 -0.264252 -0.014389 -0.963846 -0.266072 0.000000 -0.711076 0.703115 -0.007192 -0.711729 0.702417 -0.007192 0.967584 -0.252446 -0.000000 0.967367 -0.253378 0.000000 0.964454 0.264252 -0.007192 0.964175 0.265168 
						-0.006264 0.243395 0.969907 0.014199 0.306035 0.951914 0.014196 -0.210922 0.977400 -0.006264 -0.274167 0.961662 -0.012064 0.246741 0.969006 -0.012064 -0.270818 0.962555 -0.006266 -0.243396 -0.969907 0.014199 -0.306035 -0.951914 0.014196 0.210922 -0.977400 -0.006266 0.274166 -0.961662 -0.012063 -0.246740 -0.969007 -0.012064 0.270820 -0.962555 0.014200 -0.671364 0.740992 -0.006262 -0.718267 0.695739 -0.012064 -0.715814 0.698187 0.014197 -0.951914 0.306036 -0.006265 -0.969907 0.243396 -0.012063 -0.969007 0.246740 0.028671 -0.987394 -0.155665 0.021974 -0.973138 -0.229172 0.012740 -0.966258 -0.257260 -0.006265 -0.695741 -0.718266 0.014200 -0.740992 -0.671364 -0.012063 -0.698187 -0.715814 -0.034714 -0.947217 -0.318709 -0.000001 -0.964454 -0.264251 -0.037012 -0.958037 -0.284244 -0.006262 0.695739 0.718267 0.014200 0.740991 0.671364 -0.012063 0.698186 0.715814 -0.006265 0.961662 0.274167 0.014194 0.977400 0.210922 -0.012063 0.962554 0.270821 -0.006266 0.969907 -0.243396 0.014196 0.951914 -0.306036 -0.012064 0.969006 -0.246741 -0.006266 0.718266 -0.695741 0.014200 0.671364 -0.740991 -0.012065 0.715813 -0.698188 0.000000 0.868827 -0.495117 -0.000000 0.868826 -0.495117 0.000002 0.868826 -0.495118 0.000002 0.868826 -0.495118 -0.000002 0.868821 -0.495127 -0.000002 0.868822 -0.495124 -0.000000 0.868824 -0.495121 -0.000000 0.868825 -0.495119 -0.000000 0.868827 -0.495115 -0.000000 0.868827 -0.495116 -0.000002 0.868830 -0.495111 -0.000002 0.868829 -0.495113 0.000002 0.868826 -0.495118 0.000002 0.868826 -0.495118 0.000002 0.868825 -0.495119 0.000002 0.868824 -0.495121 -0.000002 0.868827 -0.495116 -0.000002 0.868826 -0.495117 0.000003 0.868827 -0.495115 0.000003 0.868827 -0.495116 -0.000002 0.868830 -0.495111 -0.000002 0.868829 -0.495113 0.000002 0.868821 -0.495126 0.000002 0.868823 -0.495124 0.000000 0.253378 0.967367 
						0.000000 0.253378 0.967367 0.000000 -0.264251 0.964454 0.000000 -0.264251 0.964454 -0.000000 0.703116 0.711075 0.000000 0.703116 0.711075 0.000000 -0.967367 0.253379 0.000000 -0.967367 0.253379 0.000000 -0.964454 -0.264251 0.000000 -0.964454 -0.264251 -0.000004 0.264251 -0.964454 -0.000004 0.264251 -0.964454 -0.000002 0.711075 -0.703116 -0.000000 0.711075 -0.703116 -0.000002 -0.253378 -0.967367 0.000000 -0.253378 -0.967367 0.000000 0.964454 0.264252 0.000000 0.964454 0.264252 -0.000000 -0.703116 -0.711075 0.000000 -0.703116 -0.711075 0.000000 -0.711075 0.703116 0.000000 -0.711075 0.703116 -0.000000 0.967367 -0.253378 0.000000 0.967367 -0.253378 -0.000000 -0.964454 -0.264251 0.000000 -0.964454 -0.264251 0.622836 0.198390 0.756781 0.461684 0.225028 0.858027 0.449163 -0.005186 0.893435 0.609851 -0.004529 0.792503 0.623079 -0.756504 0.198681 0.461661 -0.857761 0.226087 0.461712 -0.855450 -0.234579 0.622498 -0.754631 -0.207435 0.623287 0.555868 -0.550022 0.461636 0.630571 -0.623917 0.461688 0.857642 -0.226482 0.622844 0.756728 -0.198565 0.461661 0.235530 -0.855216 0.623083 0.206998 -0.754267 0.609854 -0.400042 0.684138 0.449158 -0.450988 0.771276 0.461654 -0.630459 0.624017 0.623131 -0.555958 0.550107 0.000000 -0.703116 -0.711075 0.146884 -0.695490 -0.703363 0.146884 -0.250630 -0.956875 0.000000 -0.253378 -0.967367 0.461699 -0.620713 -0.633679 0.461632 -0.223127 -0.858551 0.623212 -0.197342 -0.756745 0.622816 -0.549272 -0.557136 0.461664 0.855314 0.235168 0.461657 0.625081 0.629402 0.623106 0.550313 0.555782 0.622994 0.754442 0.206629 0.377840 0.895932 -0.233543 0.377622 0.893414 0.243339 0.377487 -0.895937 0.234095 0.378278 -0.892767 -0.244689 0.000000 -0.967367 0.253378 0.146884 -0.956875 0.250630 0.146884 -0.953993 -0.261385 0.000000 -0.964454 -0.264251 0.377482 0.649941 0.659608 
						0.141982 0.005571 -0.989854 0.000000 0.005628 -0.999984 0.377812 0.235371 0.895466 0.366359 -0.005386 0.930458 0.000000 0.967367 -0.253378 0.146884 0.956875 -0.250630 0.146884 0.953993 0.261386 0.000000 0.964454 0.264252 0.377409 -0.658550 0.651056 0.000000 0.504866 -0.863198 0.141982 0.499752 -0.854453 0.146884 0.703363 -0.695490 0.000000 0.711075 -0.703116 0.366360 -0.469764 0.803183 0.377194 0.658796 -0.650932 0.377484 0.244240 -0.893226 0.146884 0.695490 0.703363 0.000000 0.703116 0.711076 0.377292 -0.234086 -0.896022 0.146884 0.250630 0.956875 0.000000 0.253378 0.967367 0.377986 -0.652469 -0.656819 0.991249 0.093867 -0.092817 0.993137 -0.083168 0.082237 0.993137 -0.113144 0.029635 0.991249 0.127700 -0.033448 0.000000 -0.711075 0.703116 0.146884 -0.703363 0.695490 0.928956 0.357056 0.097733 0.993136 0.112803 0.030907 0.993136 0.113144 -0.029635 0.928922 0.358220 -0.093719 0.791955 0.588903 0.161244 0.791827 0.590815 -0.154748 0.928851 -0.357263 -0.097978 0.993136 -0.112804 -0.030907 0.928971 -0.358083 0.093751 0.791557 -0.589293 -0.161777 0.792015 -0.590549 0.154803 0.928979 0.260178 0.263259 0.993136 0.082237 0.083168 0.792042 0.429285 0.434032 0.928920 0.093835 0.358194 0.993137 0.029635 0.113144 0.791820 0.154793 0.590813 0.924438 -0.002146 0.381327 0.992649 -0.000681 0.121025 0.781637 -0.003526 0.623723 0.928983 -0.263183 0.260242 0.792059 -0.434012 0.429275 0.992649 -0.061103 0.104470 0.924438 -0.192518 0.329166 0.781640 -0.314874 0.538417 0.993136 0.083168 -0.082237 0.929017 0.263116 -0.260187 0.792188 0.433870 -0.429180 0.993137 0.030907 -0.112803 0.928971 0.097765 -0.357007 0.792018 0.161379 -0.588783 0.993136 -0.029635 -0.113144 0.929006 -0.093770 -0.357987 0.792142 -0.154476 -0.590464 0.993137 -0.082237 -0.083168 0.928919 -0.260487 -0.263165 
						0.791811 -0.429289 -0.434448 0.970511 -0.241055 0.000000 0.961795 -0.273770 0.000000 0.999880 -0.015515 0.000000 0.999832 0.018342 0.000000 0.999832 -0.018341 0.000000 0.999880 0.015515 -0.000000 0.969826 -0.243798 0.000000 0.961017 -0.276489 0.000000 0.875049 -0.484033 -0.000000 0.858162 -0.513378 -0.000000 0.873677 -0.486506 0.000000 0.856708 -0.515802 -0.000000 0.719956 -0.694020 -0.000000 0.696050 -0.717994 -0.000000 0.717991 -0.696052 -0.000000 0.694017 -0.719959 -0.000000 0.515798 -0.856710 -0.000000 0.486502 -0.873680 -0.000000 0.513374 -0.858165 0.000000 0.484030 -0.875052 0.000000 0.276491 -0.961016 0.000000 0.242530 -0.970144 0.000000 0.288715 -0.957415 0.000000 0.258817 -0.965926 0.000000 -0.484030 -0.875051 0.000000 -0.513375 -0.858165 0.000000 -0.273773 -0.961794 0.000000 -0.240232 -0.970715 0.000000 -0.276491 -0.961016 0.000000 -0.242530 -0.970144 0.000000 -0.486502 -0.873679 -0.000000 -0.515799 -0.856710 0.000000 -0.694017 -0.719959 0.000000 -0.717991 -0.696052 0.000000 -0.696050 -0.717994 -0.000000 -0.719956 -0.694020 -0.000000 -0.856708 -0.515802 0.000000 -0.873677 -0.486506 0.000000 -0.858162 -0.513378 0.000000 -0.875049 -0.484034 0.000000 -0.961017 -0.276489 0.000000 -0.969826 -0.243798 0.000000 -0.961795 -0.273770 0.000000 -0.970511 -0.241055 0.000000 -0.999832 -0.018341 0.000000 -0.999880 0.015515 0.000000 -0.999880 -0.015515 0.000000 -0.999832 0.018342 -0.000000 -0.970510 0.241061 -0.000000 -0.961793 0.273776 -0.000000 -0.969825 0.243804 0.000000 -0.961016 0.276494 0.000000 -0.875052 0.484029 -0.000000 -0.858165 0.513374 -0.000000 -0.873680 0.486501 -0.000000 -0.856710 0.515798 0.000000 -0.719954 0.694022 -0.000000 -0.696047 0.717996 -0.000000 -0.717989 0.696055 0.000000 -0.694015 0.719961 0.000000 -0.515802 0.856708 -0.000000 -0.486506 0.873677 -0.000000 -0.513378 0.858162 0.000000 
						-0.484034 0.875049 0.000000 -0.276494 0.961016 -0.000000 -0.243803 0.969825 -0.000000 -0.273776 0.961794 0.000000 -0.241060 0.970510 0.000000 -0.018342 0.999832 -0.000000 0.015515 0.999880 0.000000 -0.015515 0.999880 -0.000000 0.018342 0.999832 -0.000000 0.241060 0.970510 -0.000000 0.273776 0.961794 -0.000000 0.243803 0.969825 0.000000 0.276493 0.961016 -0.000000 0.484034 0.875049 0.000000 0.513378 0.858163 0.000000 0.486506 0.873677 -0.000000 0.515802 0.856708 -0.000000 0.694015 0.719961 0.000000 0.717989 0.696055 0.000000 0.696047 0.717996 -0.000000 0.719954 0.694022 -0.000000 0.856710 0.515798 0.000000 0.873680 0.486501 0.000000 0.858165 0.513374 0.000000 0.875052 0.484029 -0.000000 0.961016 0.276494 0.000000 0.969825 0.243804 0.000000 0.961793 0.273776 -0.000000 0.970510 0.241061 -0.000000 -0.089769 -0.995963 -0.000000 -0.120378 -0.992728 -0.000000 -0.050854 -0.998706 -0.000000 -0.023856 -0.999715 -0.000000 0.011104 -0.999938 0.000000 0.037923 -0.999281 0.000000 0.064905 -0.997891 0.000000 0.037923 -0.999281 0.000000 0.090306 -0.995914 0.000000 0.121635 -0.992575 0.000000 -0.051415 -0.998677 0.000000 -0.024520 -0.999699 0.000000 -0.090306 -0.995914 0.000000 -0.121635 -0.992575 0.000000 0.023856 -0.999715 -0.000000 0.050853 -0.998706 -0.000000 0.089769 -0.995963 0.000000 0.120378 -0.992728 0.000000 0.221514 -0.975157 0.000000 0.258817 -0.965926 0.000000 0.920487 -0.390773 -0.000000 0.920487 -0.390774 -0.000000 0.920487 -0.390773 -0.000000 0.258819 -0.965926 0.000000 0.258819 -0.965926 0.000000 0.500001 -0.866025 -0.000000 0.500001 -0.866025 -0.000001 -0.866026 0.500000 0.000000 -0.866026 0.500000 0.000000 -0.965926 0.258819 0.000004 -0.965926 0.258819 0.000004 0.000000 -1.000000 0.000000 0.000000 -1.000000 0.000000 -0.707107 0.707107 0.000000 -0.707107 0.707107 0.000000 
						0.000000 -1.000000 0.000000 0.000000 -1.000000 0.000000 -0.707107 0.707107 0.000000 -0.707107 0.707107 0.000000 -0.258819 -0.965926 0.000000 -0.258819 -0.965926 0.000000 -0.500000 0.866026 0.000000 -0.500000 0.866026 0.000000 -0.258819 -0.965926 0.000000 -0.258819 -0.965926 -0.000000 -0.500000 0.866026 0.000000 -0.500000 0.866026 0.000000 -0.500001 -0.866025 -0.000000 -0.500001 -0.866025 -0.000000 -0.258820 0.965926 -0.000000 -0.258820 0.965926 -0.000001 -0.500001 -0.866025 -0.000004 -0.500001 -0.866025 -0.000004 -0.258820 0.965926 -0.000000 -0.258820 0.965926 -0.000000 -0.707107 -0.707107 -0.000000 -0.707107 -0.707107 -0.000000 0.258820 0.965926 -0.000000 0.258820 0.965926 -0.000000 0.500000 0.866026 0.000000 0.500000 0.866026 0.000000 -0.707107 -0.707107 -0.000004 -0.707107 -0.707107 -0.000004 0.500000 0.866026 0.000000 0.500000 0.866026 0.000000 0.258820 0.965926 -0.000000 0.258820 0.965926 0.000001 -0.866025 -0.500001 -0.000000 -0.866025 -0.500001 -0.000000 0.707107 0.707107 0.000000 0.707107 0.707107 0.000000 -0.866025 -0.500000 -0.000000 -0.866025 -0.500000 -0.000000 0.707107 0.707107 0.000000 0.707107 0.707107 0.000000 0.500000 0.866026 0.000000 0.500000 0.866026 0.000000 -0.965926 -0.258819 -0.000000 -0.965926 -0.258819 -0.000000 0.866026 0.500000 0.000000 0.866026 0.500000 0.000000 -0.965926 -0.258819 -0.000000 -0.965926 -0.258819 -0.000000 0.866025 0.500000 0.000000 0.866025 0.500000 0.000000 -1.000000 0.000000 0.000000 -1.000000 0.000000 0.000000 0.866026 0.500000 0.000000 0.866026 0.500000 0.000000 0.965926 0.258819 0.000000 0.965926 0.258819 0.000000 -1.000000 0.000000 0.000000 -1.000000 0.000000 0.000000 0.965926 0.258819 0.000000 0.965926 0.258819 0.000000 0.037923 0.999281 -0.000000 0.037923 0.999281 -0.000000 0.103198 0.994661 -0.000000 0.103198 0.994661 -0.000000 
						1.000000 0.000000 0.000000 1.000000 0.000000 0.000000 -0.037923 0.999281 -0.000000 -0.037923 0.999281 -0.000000 1.000000 0.000000 0.000000 1.000000 0.000000 0.000000 -0.103198 0.994661 -0.000002 -0.103198 0.994661 -0.000002 0.965926 -0.258819 -0.000000 0.965926 -0.258819 -0.000000 0.103198 0.994661 0.000008 0.103198 0.994661 0.000006 0.037923 0.999281 0.000012 0.037923 0.999281 0.000011 0.965926 -0.258819 -0.000000 0.965926 -0.258819 -0.000000 -0.037923 0.999281 0.000002 -0.037923 0.999281 -0.000000 0.866025 -0.500001 -0.000000 0.866025 -0.500001 -0.000000 -0.103198 0.994661 -0.000000 -0.103198 0.994661 -0.000000 0.866025 -0.500000 -0.000000 0.866025 -0.500000 -0.000001 0.707107 -0.707107 -0.000000 0.707107 -0.707107 -0.000000 0.707107 -0.707107 -0.000007 0.707107 -0.707107 -0.000007 0.991249 0.033448 0.127699 0.991249 -0.034883 0.127315 0.000000 -0.264251 0.964454 0.146884 -0.261385 0.953993 0.991249 -0.092817 -0.093867 0.991249 -0.033448 -0.127700 0.991249 -0.127700 0.033448 0.991249 -0.127315 -0.034883 0.991249 -0.093867 0.092817 0.990629 0.000769 -0.136577 0.991249 0.127315 0.034883 0.991249 0.092817 0.093867 0.990629 0.068954 -0.117894 0.000000 0.863196 0.504869 0.000000 0.863197 0.504868 0.000000 0.863198 0.504866 0.000000 0.863197 0.504868 0.000000 0.863197 0.504868 0.000000 0.863200 0.504862 0.000000 0.863199 0.504864 0.000000 0.863199 0.504863 0.000000 0.863198 0.504865 0.000000 0.863198 0.504865 0.000000 0.863198 0.504865 0.000000 0.863199 0.504865 0.000000 0.863197 0.504867 0.869992 -0.476975 0.124932 0.869992 -0.475539 -0.130293 0.519653 -0.826497 0.216481 0.519653 -0.824007 -0.225771 0.869992 0.476975 -0.124932 0.869992 0.475539 0.130293 0.519654 0.826496 -0.216481 0.519653 0.824007 0.225771 0.869992 -0.346682 -0.350607 0.519653 -0.600726 -0.607527 
						0.869992 -0.124932 -0.476975 0.519653 -0.216481 -0.826496 0.862498 0.002848 -0.506053 0.506549 0.004853 -0.862198 0.869992 0.350607 -0.346682 0.519653 0.607526 -0.600726 0.862498 0.255493 -0.436831 0.506549 0.435302 -0.744258 0.869992 -0.350607 0.346682 0.519653 -0.607527 0.600726 0.869992 -0.130293 0.475539 0.519653 -0.225770 0.824007 0.869992 0.124932 0.476975 0.519653 0.216481 0.826496 0.869992 0.346682 0.350607 0.519653 0.600726 0.607527 -0.615696 0.787984 -0.000000 -0.615697 0.787983 0.000000 -0.615696 0.787983 -0.000000 -0.615696 0.787984 -0.000000 -0.615696 0.787984 0.000000 -0.615696 0.787984 0.000000 -0.615696 0.787983 0.000000 -0.615696 0.787984 0.000000 -0.615696 0.787984 -0.000000 -0.615695 0.787984 -0.000000 -0.615696 0.787984 -0.000000 -0.615695 0.787984 -0.000000 -0.615696 0.787983 -0.000000 -0.615697 0.787983 -0.000000 -0.615697 0.787983 -0.000000 -0.615697 0.787983 -0.000000 -0.615697 0.787983 -0.000000 -0.615697 0.787983 0.000000 -0.615698 0.787982 0.000000 -0.615697 0.787983 -0.000000 -0.615697 0.787983 -0.000000 -0.615696 0.787984 -0.000000 -0.615697 0.787983 -0.000000 -0.615698 0.787983 0.000000 -0.615697 0.787983 0.000000 -0.615697 0.787983 0.000000 -0.615697 0.787983 0.000000 -0.615697 0.787983 -0.000000 -0.615697 0.787983 0.000000 -0.615697 0.787983 -0.000000 -0.615697 0.787983 -0.000000 -0.615696 0.787984 -0.000000 -0.615697 0.787983 -0.000000 -0.615697 0.787983 -0.000000 -0.615697 0.787983 -0.000000 -0.615698 0.787983 -0.000000 -0.615697 0.787983 -0.000000 -0.615697 0.787983 -0.000000 -0.615697 0.787983 0.000000 -0.615697 0.787983 -0.000000 -0.615698 0.787983 0.000000 -0.615698 0.787982 -0.000000 -0.615697 0.787983 -0.000000 -0.615698 0.787982 -0.000000 -0.615697 0.787983 0.000000 -0.615697 0.787983 -0.000000 -0.615696 0.787983 -0.000000 -0.615696 0.787984 -0.000000 
						-0.615695 0.787984 -0.000000 -0.615696 0.787983 -0.000000 -0.615696 0.787984 -0.000000 -0.615697 0.787983 -0.000000 -0.615695 0.787984 -0.000000 -0.615696 0.787984 -0.000000 -0.615697 0.787983 0.000000 0.920486 -0.390774 -0.000000 0.920487 -0.390774 0.000000 0.920487 -0.390774 0.000000 0.920487 -0.390774 -0.000000 0.920487 -0.390774 0.000000 0.920487 -0.390773 0.000000 0.920487 -0.390773 0.000000 0.920487 -0.390772 0.000000 0.920488 -0.390772 -0.000000 0.920487 -0.390772 -0.000000 0.920488 -0.390772 -0.000000 0.920487 -0.390772 -0.000000 0.920487 -0.390773 -0.000000 0.920488 -0.390771 -0.000000 0.920487 -0.390773 -0.000000 0.920487 -0.390773 -0.000000 0.920487 -0.390772 0.000000 0.920487 -0.390773 -0.000000 0.920487 -0.390772 -0.000000 0.920487 -0.390773 -0.000000 0.920487 -0.390773 -0.000000 0.920487 -0.390773 0.000000 0.920488 -0.390772 0.000000 0.920487 -0.390773 0.000000 0.920487 -0.390774 0.000000 0.920487 -0.390774 0.000000 0.920487 -0.390773 0.000000 0.920487 -0.390773 0.000000 0.920487 -0.390774 0.000000 0.920486 -0.390775 0.000000 0.920486 -0.390775 0.000000 0.920487 -0.390774 0.000000 0.920487 -0.390773 0.000000 0.920487 -0.390772 0.000000 0.920487 -0.390773 0.000000 0.920487 -0.390773 0.000000 0.920487 -0.390773 0.000000 0.920487 -0.390772 0.000000 0.920487 -0.390772 -0.000000 0.920487 -0.390772 -0.000000 0.920487 -0.390772 -0.000000 0.920487 -0.390773 -0.000000 0.920487 -0.390773 0.000000 0.920487 -0.390773 0.000000 0.920487 -0.390774 -0.000000 0.920487 -0.390772 -0.000000 0.920487 -0.390774 -0.000000 0.920487 -0.390772 -0.000000 0.920486 -0.390776 -0.000000 0.920486 -0.390775 -0.000000 0.920487 -0.390774 -0.000000 0.920487 -0.390773 0.000000 
					</float_array>
					<technique_common>
						<accessor count="763" offset="0" source="#meshId0-bitangents-array" stride="3">
							<param name="X" type="float" />
							<param name="Y" type="float" />
							<param name="Z" type="float" />
						</accessor>
					</technique_common>
				</source>
				<source id="meshId0-tex0" name="meshId0-tex0">
					<float_array id="meshId0-tex0-array" count="1526"> 
						0.886741 0.126501 0.886741 0.084985 0.897001 0.084985 0.897001 0.126501 0.886741 0.043469 0.897001 0.043469 0.886741 0.001953 0.897001 0.001953 0.886735 0.998047 0.886737 0.956534 0.896997 0.956534 0.896995 0.998047 0.886738 0.915021 0.896998 0.915021 0.886739 0.855357 0.886740 0.832257 0.897000 0.832257 0.897000 0.855357 0.876480 0.855357 0.876480 0.832257 0.886740 0.790743 0.897000 0.790743 0.886740 0.749229 0.897000 0.749229 0.886740 0.707715 0.897000 0.707715 0.886740 0.666201 0.897000 0.666201 0.886740 0.624686 0.897000 0.624686 0.886741 0.168017 0.897001 0.168017 0.886741 0.209532 0.897001 0.209532 0.886741 0.251048 0.897001 0.251048 0.886741 0.292564 0.897001 0.292564 0.886741 0.334080 0.897001 0.334080 0.886740 0.375595 0.897001 0.375595 0.886740 0.417111 0.897001 0.417111 0.886740 0.458626 0.897001 0.458626 0.886740 0.500141 0.897001 0.500142 0.886740 0.541657 0.897001 0.541657 0.886739 0.891921 0.897000 0.891922 0.886740 0.583171 0.897001 0.583172 0.920772 0.355570 0.912838 0.355570 0.912838 0.316253 0.920772 0.316253 0.866219 0.624686 0.866219 0.583171 0.876480 0.583171 0.876480 0.624686 0.866219 0.541657 0.876480 0.541657 
						0.866219 0.500141 0.876480 0.500141 0.866219 0.458626 0.876480 0.458626 0.866219 0.417111 0.876480 0.417111 0.866219 0.375595 0.876480 0.375595 0.866219 0.334080 0.876480 0.334080 0.866219 0.292564 0.876480 0.292564 0.866219 0.251048 0.876480 0.251048 0.866219 0.209532 0.876480 0.209532 0.866219 0.168017 0.876480 0.168017 0.866219 0.126501 0.876480 0.126501 0.866219 0.084985 0.876480 0.084985 0.866219 0.043469 0.876480 0.043469 0.866219 0.001953 0.876480 0.001953 0.866215 0.998046 0.866217 0.956533 0.876477 0.956533 0.876475 0.998046 0.866219 0.915020 0.876478 0.915020 0.920772 0.709424 0.912838 0.709424 0.912838 0.670107 0.920772 0.670107 0.866219 0.891921 0.876480 0.891921 0.866219 0.832257 0.866219 0.790743 0.876480 0.790743 0.866219 0.749229 0.876480 0.749229 0.866219 0.707715 0.876480 0.707715 0.866219 0.666201 0.876480 0.666201 0.874688 0.880483 0.871862 0.883278 0.868356 0.877108 0.872195 0.876105 0.879143 0.864225 0.878139 0.860386 0.885228 0.860425 0.884181 0.864254 0.874765 0.866717 0.871970 0.863891 0.891023 0.871173 0.894863 0.870170 0.894823 0.877257 0.890995 0.876210 0.879038 0.883024 0.877991 0.886852 0.884076 0.883052 
						0.885080 0.886892 0.872224 0.871068 0.868396 0.870021 0.888454 0.880561 0.891249 0.883387 0.891358 0.864000 0.888532 0.866794 0.866219 0.855357 0.866213 0.880315 0.866213 0.866963 0.897006 0.880316 0.897006 0.866963 0.215215 0.154196 0.215215 0.038990 0.222962 0.038990 0.222962 0.154196 0.160990 0.154196 0.160990 0.038990 0.168736 0.038990 0.168736 0.154196 0.199722 0.154196 0.199722 0.038990 0.207469 0.038990 0.207469 0.154196 0.176483 0.038990 0.176483 0.154196 0.184229 0.154196 0.184229 0.038990 0.191976 0.038990 0.191976 0.154196 0.153243 0.154196 0.153243 0.038990 0.137750 0.154196 0.137750 0.038990 0.145497 0.038990 0.145497 0.154196 0.130004 0.154196 0.130004 0.038990 0.201604 0.920293 0.223049 0.920293 0.223049 0.929618 0.201604 0.929618 0.201604 0.827044 0.223049 0.827044 0.223049 0.836369 0.201604 0.836369 0.223049 0.845694 0.201604 0.845694 0.201604 0.882993 0.223049 0.882993 0.223049 0.892318 0.201604 0.892318 0.223049 0.901643 0.201604 0.901643 0.223049 0.855019 0.201604 0.855019 0.201604 0.817719 0.223049 0.817719 0.201604 0.910968 0.223049 0.910968 0.223049 0.864344 0.201604 0.864344 0.201604 0.873669 0.223049 0.873669 
						0.230093 0.892318 0.233695 0.892318 0.233695 0.901643 0.230093 0.901643 0.226544 0.892318 0.226544 0.901643 0.230093 0.836369 0.233695 0.836369 0.233695 0.845694 0.230093 0.845694 0.226544 0.836369 0.226544 0.845694 0.233695 0.910968 0.230093 0.910968 0.226544 0.910968 0.233695 0.920293 0.230093 0.920293 0.226544 0.920293 0.233695 0.929618 0.230093 0.929618 0.226544 0.929618 0.230093 0.827044 0.233695 0.827044 0.226544 0.827044 0.230093 0.817719 0.233695 0.817719 0.226544 0.817719 0.230093 0.882993 0.233695 0.882993 0.226544 0.882993 0.230093 0.873669 0.233695 0.873669 0.226544 0.873669 0.230093 0.864344 0.233695 0.864344 0.226544 0.864344 0.230093 0.855019 0.233695 0.855019 0.226544 0.855019 0.112857 0.853000 0.113870 0.856781 0.106192 0.856781 0.107205 0.853000 0.099484 0.839627 0.095703 0.838614 0.099542 0.831964 0.102310 0.834732 0.117752 0.834732 0.120520 0.831964 0.124359 0.838614 0.120579 0.839627 0.112857 0.831906 0.113870 0.828125 0.117752 0.850174 0.120520 0.852942 0.107205 0.831906 0.106192 0.828125 0.102310 0.850174 0.099542 0.852942 0.095703 0.846292 0.099484 0.845279 0.120579 0.845279 0.124359 0.846292 0.161133 0.867610 
						0.171197 0.867610 0.171197 0.873262 0.161133 0.873262 0.161133 0.861958 0.171197 0.861958 0.161133 0.884567 0.171197 0.884567 0.171197 0.890219 0.161133 0.890219 0.161133 0.839349 0.171197 0.839349 0.171197 0.845001 0.161133 0.845001 0.161133 0.833696 0.171198 0.833696 0.161133 0.856306 0.171197 0.856306 0.161133 0.828044 0.171198 0.828044 0.171197 0.878915 0.161133 0.878915 0.161133 0.850653 0.171197 0.850653 0.161133 0.822392 0.171198 0.822392 0.221168 0.216037 0.221168 0.210408 0.236281 0.210408 0.236281 0.216037 0.085119 0.216037 0.085119 0.210408 0.100237 0.210408 0.100237 0.216037 0.160702 0.216037 0.160702 0.210408 0.175807 0.210408 0.175807 0.216037 0.145594 0.210408 0.145594 0.216037 0.054893 0.216037 0.054893 0.210408 0.070008 0.210408 0.070008 0.216037 0.206037 0.750164 0.206037 0.742433 0.221168 0.742433 0.221168 0.750164 0.115380 0.210408 0.130473 0.210408 0.130473 0.216037 0.115380 0.216037 0.190944 0.210408 0.206037 0.210408 0.206037 0.216037 0.190944 0.216037 0.175807 0.204480 0.190944 0.204480 0.085119 0.204480 0.100237 0.204480 0.175807 0.750164 0.175807 0.742433 0.190944 0.742433 0.190944 0.750164 0.206037 0.204480 
						0.236281 0.742433 0.236281 0.750164 0.221168 0.204480 0.236281 0.204480 0.085119 0.750164 0.085119 0.742433 0.100237 0.742433 0.100237 0.750164 0.070008 0.204480 0.054893 0.750164 0.054893 0.742433 0.070008 0.742433 0.070008 0.750164 0.054893 0.204480 0.160702 0.204480 0.145594 0.204480 0.115380 0.742433 0.115380 0.750164 0.130473 0.204480 0.130473 0.742433 0.130473 0.750164 0.115380 0.204480 0.070008 0.729864 0.070008 0.231842 0.085119 0.231842 0.085119 0.729864 0.160702 0.750164 0.160702 0.742433 0.190944 0.226683 0.190944 0.231842 0.175807 0.231842 0.175807 0.226683 0.190944 0.221388 0.175807 0.221388 0.100237 0.226683 0.100237 0.231842 0.085119 0.226683 0.100237 0.221388 0.085119 0.221388 0.206037 0.226683 0.206037 0.231842 0.206037 0.221388 0.221168 0.226683 0.221168 0.231842 0.221168 0.221388 0.236281 0.226683 0.236281 0.231842 0.236281 0.221388 0.070008 0.226683 0.070008 0.221388 0.054893 0.231842 0.054893 0.226683 0.054893 0.221388 0.160702 0.231842 0.160702 0.226683 0.160702 0.221388 0.145594 0.231842 0.145594 0.226683 0.145594 0.221388 0.130473 0.231842 0.130473 0.226683 0.130473 0.221388 0.115380 0.231842 0.115380 0.226683 
						0.115380 0.221388 0.329771 0.783466 0.321578 0.783466 0.321578 0.744083 0.329771 0.744083 0.290112 0.778844 0.298360 0.778844 0.298360 0.818493 0.290112 0.818493 0.329771 0.822850 0.321578 0.822850 0.298360 0.858142 0.290112 0.858142 0.329771 0.862235 0.321578 0.862235 0.298360 0.897790 0.290112 0.897790 0.329771 0.901619 0.321578 0.901619 0.298360 0.937439 0.290112 0.937439 0.329771 0.941003 0.321578 0.941003 0.298360 0.977088 0.290112 0.977088 0.329771 0.113939 0.321578 0.113939 0.321578 0.074555 0.329771 0.074555 0.290112 0.104814 0.298360 0.104814 0.298360 0.144463 0.290112 0.144463 0.329771 0.153323 0.321578 0.153323 0.298360 0.184112 0.290112 0.184112 0.329771 0.192707 0.321578 0.192707 0.298360 0.223761 0.290112 0.223761 0.329771 0.232091 0.321578 0.232091 0.298360 0.263409 0.290112 0.263409 0.329771 0.271475 0.321578 0.271475 0.298360 0.303058 0.290112 0.303058 0.329771 0.310859 0.321578 0.310859 0.298360 0.342707 0.290112 0.342707 0.329771 0.350243 0.321578 0.350243 0.298360 0.382356 0.290112 0.382356 0.329771 0.389627 0.321578 0.389627 0.298360 0.422005 0.290112 0.422005 0.329771 0.429011 0.321578 0.429011 0.298360 0.461653 
						0.290112 0.461653 0.329771 0.468395 0.321578 0.468395 0.298360 0.501302 0.290112 0.501302 0.329771 0.507779 0.321578 0.507779 0.298360 0.540951 0.290112 0.540951 0.329771 0.547163 0.321578 0.547163 0.298360 0.580600 0.290112 0.580600 0.329771 0.586547 0.321578 0.586547 0.298360 0.620249 0.290112 0.620249 0.329771 0.625931 0.321578 0.625931 0.298360 0.659897 0.290112 0.659897 0.329771 0.665315 0.321578 0.665315 0.298360 0.699546 0.290112 0.699546 0.329771 0.704699 0.321578 0.704699 0.298360 0.739195 0.290112 0.739195 0.329771 0.052691 0.321578 0.052691 0.321578 0.041646 0.329771 0.041646 0.321578 0.028931 0.329771 0.028931 0.329771 0.973911 0.321578 0.973911 0.321578 0.962866 0.329771 0.962866 0.290112 0.071684 0.298360 0.071684 0.298360 0.082804 0.290112 0.082804 0.290112 0.058884 0.298360 0.058884 0.290112 0.047765 0.298360 0.047765 0.290112 0.025754 0.298360 0.025754 0.576548 0.433343 0.532155 0.421864 0.605441 0.276661 0.900955 0.591473 0.908889 0.591473 0.908889 0.630790 0.900955 0.630790 0.900955 0.237619 0.908889 0.237619 0.908889 0.276936 0.900955 0.276936 0.912838 0.630790 0.920772 0.630790 0.912838 0.276936 0.920772 0.276936 
						0.900955 0.552156 0.908889 0.552156 0.900955 0.198302 0.908889 0.198302 0.912838 0.591473 0.920772 0.591473 0.912838 0.237619 0.920772 0.237619 0.900955 0.512839 0.908889 0.512839 0.900955 0.158985 0.908889 0.158985 0.912838 0.552156 0.920772 0.552156 0.912838 0.198302 0.920772 0.198302 0.900955 0.473522 0.908889 0.473522 0.900955 0.119668 0.908889 0.119668 0.912838 0.512839 0.920772 0.512839 0.920772 0.119904 0.912838 0.119904 0.912838 0.080587 0.920772 0.080587 0.900955 0.434205 0.908889 0.434205 0.900955 0.001953 0.908889 0.001953 0.908889 0.041270 0.900955 0.041270 0.912838 0.473522 0.920772 0.473522 0.912838 0.041270 0.920772 0.041270 0.900955 0.394887 0.908889 0.394887 0.900955 0.906010 0.908889 0.906010 0.908889 0.945327 0.900955 0.945327 0.912838 0.434205 0.920772 0.434205 0.912838 0.001953 0.920772 0.001953 0.900955 0.355570 0.908889 0.355570 0.900955 0.866693 0.908889 0.866693 0.912838 0.394888 0.920772 0.394888 0.920772 0.945327 0.912838 0.945327 0.912838 0.906010 0.920772 0.906010 0.900955 0.316253 0.908889 0.316253 0.900955 0.827375 0.908889 0.827375 0.920772 0.152737 0.912838 0.152737 0.912838 0.141676 0.920772 0.141676 
						0.912838 0.866693 0.920772 0.866693 0.920772 0.165469 0.912838 0.165469 0.900955 0.788058 0.908889 0.788058 0.920772 0.176530 0.912838 0.176530 0.912838 0.827376 0.920772 0.827376 0.900955 0.063042 0.908889 0.063042 0.908889 0.074103 0.900955 0.074103 0.900955 0.748741 0.908889 0.748741 0.908889 0.086835 0.900955 0.086835 0.912838 0.788058 0.920772 0.788058 0.908889 0.097896 0.900955 0.097896 0.900955 0.709424 0.908889 0.709424 0.912838 0.748741 0.920772 0.748741 0.900955 0.670107 0.908889 0.670107 0.130473 0.729864 0.145594 0.729864 0.145594 0.750164 0.145594 0.742433 0.206037 0.729864 0.221168 0.729864 0.175807 0.729864 0.190944 0.729864 0.160702 0.729864 0.236281 0.729864 0.100237 0.729864 0.115380 0.729864 0.054893 0.729864 0.104340 0.884326 0.098864 0.881164 0.107501 0.872528 0.110662 0.860730 0.116138 0.863891 0.116138 0.881164 0.110662 0.884326 0.119299 0.875689 0.095703 0.875689 0.104340 0.860730 0.098864 0.863891 0.119299 0.869366 0.095703 0.869366 0.175807 0.733990 0.190944 0.733990 0.175807 0.738180 0.190944 0.738180 0.085119 0.733990 0.100237 0.733990 0.085119 0.738180 0.100237 0.738180 0.206037 0.733990 0.206037 0.738180 
						0.221168 0.733990 0.221168 0.738180 0.236281 0.733990 0.236281 0.738180 0.070008 0.733990 0.070008 0.738180 0.054893 0.733990 0.054893 0.738180 0.160702 0.733990 0.160702 0.738180 0.145594 0.733990 0.145594 0.738180 0.130473 0.733990 0.130473 0.738180 0.115380 0.733990 0.115380 0.738180 0.750845 0.907033 0.727732 0.877452 0.763258 0.841297 0.793239 0.863888 0.788215 0.797180 0.823022 0.811242 0.800904 0.748107 0.838164 0.752680 0.800459 0.697422 0.837634 0.692196 0.786912 0.648579 0.821467 0.633909 0.747620 0.539399 0.725030 0.569381 0.680913 0.544423 0.694974 0.509616 0.631839 0.531734 0.636413 0.494474 0.581154 0.532179 0.575928 0.495005 0.532311 0.545727 0.517641 0.511172 0.488638 0.571454 0.465525 0.541874 0.453113 0.607609 0.423131 0.585018 0.428155 0.651726 0.393348 0.637665 0.415466 0.700799 0.378206 0.696226 0.415911 0.751484 0.378737 0.756710 0.429459 0.800327 0.394904 0.814997 0.455186 0.844000 0.425606 0.867113 0.491341 0.879525 0.468750 0.909507 0.535458 0.904483 0.521397 0.939290 0.584531 0.917172 0.579958 0.954432 0.635216 0.916727 0.640443 0.953901 0.684060 0.903180 0.698729 0.937734 0.782975 0.575451 0.754517 0.599480 
						0.744695 0.588704 0.771511 0.562875 0.795034 0.590885 0.764837 0.612688 0.804465 0.605050 0.772917 0.624824 0.624897 0.711395 0.827394 0.226747 0.771881 0.234552 0.759626 0.190367 0.811227 0.168461 0.827925 0.287232 0.772283 0.280403 0.812783 0.345793 0.760805 0.324796 0.783000 0.398440 0.738228 0.364705 0.740606 0.441584 0.706091 0.397411 0.569718 0.488984 0.622399 0.432940 0.630203 0.488453 0.511157 0.473842 0.458510 0.444059 0.492245 0.399287 0.415366 0.401665 0.459540 0.367150 0.384664 0.349549 0.436266 0.327643 0.368497 0.291262 0.424010 0.283458 0.367967 0.230778 0.423608 0.237607 0.383109 0.172217 0.435086 0.193214 0.412892 0.119570 0.457664 0.153305 0.455285 0.076425 0.489801 0.120599 0.507402 0.045724 0.529308 0.097325 0.565688 0.029556 0.573492 0.085069 0.626173 0.029026 0.619344 0.084667 0.684734 0.044168 0.663736 0.096146 0.737381 0.073951 0.703646 0.118723 0.780525 0.116345 0.736352 0.150860 0.662479 0.479501 0.646150 0.426353 0.658825 0.422073 0.678602 0.474057 0.672971 0.416068 0.696631 0.466403 0.684854 0.409922 0.711746 0.458586 
					</float_array>
					<technique_common>
						<accessor count="763" offset="0" source="#meshId0-tex0-array" stride="2">
							<param name="S" type="float" />
							<param name="T" type="float" />
						</accessor>
					</technique_common>
				</source>
				<vertices id="meshId0-vertices">
					<input semantic="POSITION" source="#meshId0-positions" />
				</vertices>
				<polylist count="990" material="defaultMaterial">
					<input offset="0" semantic="VERTEX" source="#meshId0-vertices" />
					<input offset="0" semantic="NORMAL" source="#meshId0-normals" />
					<input offset="0" semantic="TANGENT" source="#meshId0-tangents" />
					<input offset="0" semantic="BINORMAL" source="#meshId0-bitangents" />
					<input offset="0" semantic="TEXCOORD" source="#meshId0-tex0" set="0" />
					<vcount>
						3 3 3 3 3 3 3 3 3 3 3 3 3 3 3 3 3 3 3 3 3 3 3 3 3 3 3 3 3 3 3 3 3 3 3 3 3 3 3 3 3 3 3 3 3 3 3 3 3 3 3 3 3 3 3 3 3 3 3 3 3 3 3 3 
						3 3 3 3 3 3 3 3 3 3 3 3 3 3 3 3 3 3 3 3 3 3 3 3 3 3 3 3 3 3 3 3 3 3 3 3 3 3 3 3 3 3 3 3 3 3 3 3 3 3 3 3 3 3 3 3 3 3 3 3 3 3 3 3 
						3 3 3 3 3 3 3 3 3 3 3 3 3 3 3 3 3 3 3 3 3 3 3 3 3 3 3 3 3 3 3 3 3 3 3 3 3 3 3 3 3 3 3 3 3 3 3 3 3 3 3 3 3 3 3 3 3 3 3 3 3 3 3 3 
						3 3 3 3 3 3 3 3 3 3 3 3 3 3 3 3 3 3 3 3 3 3 3 3 3 3 3 3 3 3 3 3 3 3 3 3 3 3 3 3 3 3 3 3 3 3 3 3 3 3 3 3 3 3 3 3 3 3 3 3 3 3 3 3 
						3 3 3 3 3 3 3 3 3 3 3 3 3 3 3 3 3 3 3 3 3 3 3 3 3 3 3 3 3 3 3 3 3 3 3 3 3 3 3 3 3 3 3 3 3 3 3 3 3 3 3 3 3 3 3 3 3 3 3 3 3 3 3 3 
						3 3 3 3 3 3 3 3 3 3 3 3 3 3 3 3 3 3 3 3 3 3 3 3 3 3 3 3 3 3 3 3 3 3 3 3 3 3 3 3 3 3 3 3 3 3 3 3 3 3 3 3 3 3 3 3 3 3 3 3 3 3 3 3 
						3 3 3 3 3 3 3 3 3 3 3 3 3 3 3 3 3 3 3 3 3 3 3 3 3 3 3 3 3 3 3 3 3 3 3 3 3 3 3 3 3 3 3 3 3 3 3 3 3 3 3 3 3 3 3 3 3 3 3 3 3 3 3 3 
						3 3 3 3 3 3 3 3 3 3 3 3 3 3 3 3 3 3 3 3 3 3 3 3 3 3 3 3 3 3 3 3 3 3 3 3 3 3 3 3 3 3 3 3 3 3 3 3 3 3 3 3 3 3 3 3 3 3 3 3 3 3 3 3 
						3 3 3 3 3 3 3 3 3 3 3 3 3 3 3 3 3 3 3 3 3 3 3 3 3 3 3 3 3 3 3 3 3 3 3 3 3 3 3 3 3 3 3 3 3 3 3 3 3 3 3 3 3 3 3 3 3 3 3 3 3 3 3 3 
						3 3 3 3 3 3 3 3 3 3 3 3 3 3 3 3 3 3 3 3 3 3 3 3 3 3 3 3 3 3 3 3 3 3 3 3 3 3 3 3 3 3 3 3 3 3 3 3 3 3 3 3 3 3 3 3 3 3 3 3 3 3 3 3 
						3 3 3 3 3 3 3 3 3 3 3 3 3 3 3 3 3 3 3 3 3 3 3 3 3 3 3 3 3 3 3 3 3 3 3 3 3 3 3 3 3 3 3 3 3 3 3 3 3 3 3 3 3 3 3 3 3 3 3 3 3 3 3 3 
						3 3 3 3 3 3 3 3 3 3 3 3 3 3 3 3 3 3 3 3 3 3 3 3 3 3 3 3 3 3 3 3 3 3 3 3 3 3 3 3 3 3 3 3 3 3 3 3 3 3 3 3 3 3 3 3 3 3 3 3 3 3 3 3 
						3 3 3 3 3 3 3 3 3 3 3 3 3 3 3 3 3 3 3 3 3 3 3 3 3 3 3 3 3 3 3 3 3 3 3 3 3 3 3 3 3 3 3 3 3 3 3 3 3 3 3 3 3 3 3 3 3 3 3 3 3 3 3 3 
						3 3 3 3 3 3 3 3 3 3 3 3 3 3 3 3 3 3 3 3 3 3 3 3 3 3 3 3 3 3 3 3 3 3 3 3 3 3 3 3 3 3 3 3 3 3 3 3 3 3 3 3 3 3 3 3 3 3 3 3 3 3 3 3 
						3 3 3 3 3 3 3 3 3 3 3 3 3 3 3 3 3 3 3 3 3 3 3 3 3 3 3 3 3 3 3 3 3 3 3 3 3 3 3 3 3 3 3 3 3 3 3 3 3 3 3 3 3 3 3 3 3 3 3 3 3 3 3 3 
						3 3 3 3 3 3 3 3 3 3 3 3 3 3 3 3 3 3 3 3 3 3 3 3 3 3 3 3 3 3 
					</vcount>
					<p>
						0 1 2 2 3 0 1 4 5 5 2 1 4 6 7 7 5 4 8 9 10 10 11 8 9 12 13 13 10 9 14 15 16 16 17 14 18 19 15 15 14 18 15 20 21 21 16 15 20 22 23 23 21 20 22 24 25 25 23 22 24 26 27 27 25 24 26 28 29 29 27 26 30 0 3 3 31 30 32 30 31 31 33 32 34 32 33 33 35 34 36 34 35 35 37 36 38 36 37 37 39 38 40 38 39 39 41 40 42 40 41 41 43 42 44 42 43 43 45 44 46 44 45 45 47 46 48 46 47 47 49 48 12 50 51 51 13 12 52 48 49 49 53 52 28 52 53 53 29 28 54 55 56 56 57 54 58 59 60 60 61 58 61 60 52 52 28 61 59 62 63 63 60 59 60 63 48 48 52 60 62 64 65 65 63 62 63 65 46 46 48 63 
						64 66 67 67 65 64 65 67 44 44 46 65 66 68 69 69 67 66 67 69 42 42 44 67 68 70 71 71 69 68 69 71 40 40 42 69 70 72 73 73 71 70 71 73 38 38 40 71 72 74 75 75 73 72 73 75 36 36 38 73 74 76 77 77 75 74 75 77 34 34 36 75 76 78 79 79 77 76 77 79 32 32 34 77 78 80 81 81 79 78 79 81 30 30 32 79 80 82 83 83 81 80 81 83 0 0 30 81 82 84 85 85 83 82 83 85 1 1 0 83 84 86 87 87 85 84 85 87 4 4 1 85 86 88 89 89 87 86 87 89 6 6 4 87 90 91 92 92 93 90 93 92 9 9 8 93 91 94 95 95 92 91 92 95 12 12 9 92 96 97 98 98 99 96 94 100 101 101 95 94 95 101 50 50 12 95 102 103 104 104 19 102 
						19 104 20 20 15 19 103 105 106 106 104 103 104 106 22 22 20 104 105 107 108 108 106 105 106 108 24 24 22 106 107 109 110 110 108 107 108 110 26 26 24 108 109 58 61 61 110 109 110 61 28 28 26 110 111 112 113 113 114 111 115 116 117 117 118 115 119 120 116 116 115 119 121 122 123 123 124 121 125 126 112 112 111 125 127 128 126 126 125 127 129 130 120 120 119 129 131 132 128 128 127 131 118 117 133 133 134 118 135 102 19 19 18 135 100 112 126 126 101 100 136 113 112 112 100 136 137 130 113 113 136 137 135 120 130 130 137 135 18 116 120 120 135 18 51 132 123 123 138 51 50 128 132 132 51 50 138 123 122 122 139 138 139 122 133 133 17 139 17 133 117 117 14 17 101 126 128 128 50 101 14 117 116 116 18 14 134 133 122 122 121 134 
						124 123 132 132 131 124 114 113 130 130 129 114 140 141 142 142 143 140 144 145 146 146 147 144 148 149 150 150 151 148 147 146 152 152 153 147 154 155 156 156 157 154 158 159 145 145 144 158 160 161 162 162 163 160 153 152 155 155 154 153 151 150 141 141 140 151 164 165 161 161 160 164 163 162 159 159 158 163 157 156 149 149 148 157 166 167 168 168 169 166 170 171 172 172 173 170 173 172 174 174 175 173 176 177 178 178 179 176 179 178 180 180 181 179 175 174 182 182 183 175 184 185 171 171 170 184 186 187 167 167 166 186 183 182 188 188 189 183 181 180 187 187 186 181 190 191 177 177 176 190 192 193 194 194 195 192 196 192 195 195 197 196 178 196 197 197 180 178 198 199 200 200 201 198 202 198 201 201 203 202 172 202 203 203 174 172 195 194 204 204 205 195 
						197 195 205 205 206 197 180 197 206 206 187 180 205 204 207 207 208 205 206 205 208 208 209 206 187 206 209 209 167 187 208 207 210 210 211 208 209 208 211 211 212 209 167 209 212 212 168 167 213 214 199 199 198 213 215 213 198 198 202 215 171 215 202 202 172 171 216 217 214 214 213 216 218 216 213 213 215 218 185 218 215 215 171 185 219 220 193 193 192 219 221 219 192 192 196 221 177 221 196 196 178 177 222 223 220 220 219 222 224 222 219 219 221 224 191 224 221 221 177 191 225 226 223 223 222 225 227 225 222 222 224 227 188 227 224 224 191 188 228 229 226 226 225 228 230 228 225 225 227 230 182 230 227 227 188 182 201 200 229 229 228 201 203 201 228 228 230 203 174 203 230 230 182 174 189 188 191 191 190 189 231 232 233 233 234 231 235 236 237 237 238 235 
						239 240 241 241 242 239 243 244 240 240 239 243 245 246 232 232 231 245 247 248 244 244 243 247 249 250 251 251 252 249 253 254 246 246 245 253 238 237 248 248 247 238 252 251 236 236 235 252 242 241 254 254 253 242 234 233 250 250 249 234 255 256 257 257 258 255 259 260 256 256 255 259 261 262 263 263 264 261 265 266 267 267 268 265 269 270 266 266 265 269 271 272 260 260 259 271 273 274 270 270 269 273 258 257 275 275 276 258 277 278 272 272 271 277 279 280 274 274 273 279 276 275 262 262 261 276 268 267 278 278 277 268 281 282 283 283 284 281 285 286 287 287 288 285 289 290 291 291 292 289 293 290 289 289 294 293 295 296 297 297 298 295 299 300 301 301 302 299 303 304 305 305 306 303 307 308 309 309 310 307 298 297 286 286 285 298 291 311 312 312 307 291 
						286 313 314 314 287 286 315 316 317 317 318 315 307 312 319 319 308 307 309 308 282 282 281 309 302 301 320 320 321 302 308 319 322 322 282 308 282 322 323 323 283 282 324 325 326 326 327 324 297 328 313 313 286 297 329 330 331 331 332 329 296 333 328 328 297 296 290 334 311 311 291 290 332 331 325 325 324 332 293 335 334 334 290 293 305 304 293 293 294 305 327 326 336 336 337 327 304 338 335 335 293 304 337 336 339 339 340 337 303 341 338 338 304 303 288 287 303 303 306 288 342 343 344 344 345 342 287 314 341 341 303 287 346 347 316 316 315 346 348 349 350 350 351 348 352 348 351 351 353 352 310 352 353 353 292 310 354 355 344 344 356 354 357 354 356 356 358 357 288 357 358 358 285 288 359 360 349 349 348 359 361 359 348 348 352 361 309 361 352 352 310 309 
						362 363 360 360 359 362 364 362 359 359 361 364 281 364 361 361 309 281 365 366 363 363 362 365 367 365 362 362 364 367 284 367 364 364 281 284 356 344 343 343 368 356 358 356 368 368 369 358 285 358 369 369 298 285 368 343 370 370 371 368 369 368 371 371 372 369 298 369 372 372 295 298 351 350 373 373 374 351 353 351 374 374 375 353 292 353 375 375 289 292 374 373 376 376 377 374 375 374 377 377 378 375 289 375 378 378 294 289 377 376 379 379 380 377 378 377 380 380 381 378 294 378 381 381 305 294 380 379 382 382 383 380 381 380 383 383 384 381 305 381 384 384 306 305 383 382 355 355 354 383 384 383 354 354 357 384 306 384 357 357 288 306 292 291 307 307 310 292 385 386 387 387 388 385 389 390 391 391 392 389 393 394 386 386 385 393 392 391 395 395 396 392 
						397 398 394 394 393 397 396 395 399 399 400 396 401 402 398 398 397 401 400 399 403 403 404 400 405 406 402 402 401 405 404 403 407 407 408 404 409 410 411 411 412 409 413 414 415 415 416 413 417 418 410 410 409 417 416 415 419 419 420 416 421 422 418 418 417 421 420 419 423 423 424 420 425 426 422 422 421 425 424 423 427 427 428 424 429 430 426 426 425 429 428 427 431 431 432 428 433 434 430 430 429 433 432 431 435 435 436 432 437 438 434 434 433 437 436 435 439 439 440 436 441 442 438 438 437 441 440 439 443 443 444 440 445 446 442 442 441 445 444 443 447 447 448 444 449 450 446 446 445 449 448 447 451 451 452 448 453 454 450 450 449 453 452 451 455 455 456 452 457 458 454 454 453 457 456 455 459 459 460 456 461 462 458 458 457 461 460 459 463 463 464 460 
						465 466 462 462 461 465 464 463 467 467 468 464 469 470 466 466 465 469 468 467 471 471 472 468 473 474 470 470 469 473 472 471 475 475 476 472 388 387 474 474 473 388 476 475 390 390 389 476 477 478 479 479 480 477 480 479 481 481 482 480 483 484 485 485 486 483 487 488 489 489 490 487 491 492 488 488 487 491 493 494 492 492 491 493 486 485 406 406 405 486 412 411 478 478 477 412 490 489 414 414 413 490 495 496 494 494 493 495 497 498 499 500 501 502 502 503 500 504 505 506 506 507 504 99 98 508 508 509 99 57 56 510 510 511 57 512 513 501 501 500 512 514 515 505 505 504 514 509 508 516 516 517 509 511 510 518 518 519 511 520 521 513 513 512 520 522 523 515 515 514 522 517 516 524 524 525 517 519 518 526 526 527 519 528 529 521 521 520 528 530 531 523 
						523 522 530 525 524 532 532 533 525 534 535 536 536 537 534 538 539 529 529 528 538 540 541 542 542 543 540 533 532 544 544 545 533 537 536 546 546 547 537 548 549 539 539 538 548 550 551 552 552 553 550 545 544 554 554 555 545 547 546 556 556 557 547 558 559 549 549 548 558 560 561 551 551 550 560 555 554 562 562 563 555 564 565 566 566 567 564 568 569 559 559 558 568 570 571 561 561 560 570 572 573 574 574 575 572 567 566 576 576 577 567 578 579 573 573 572 578 580 581 571 571 570 580 582 583 579 579 578 582 577 576 584 584 585 577 586 587 588 588 589 586 590 591 581 581 580 590 589 588 592 592 593 589 585 584 594 594 595 585 593 592 596 596 597 593 598 599 591 591 590 598 527 526 583 583 582 527 595 594 600 600 601 595 575 574 535 535 534 575 602 603 599 
						599 598 602 543 542 587 587 586 543 601 600 97 97 96 601 563 562 55 55 54 563 597 596 531 531 530 597 503 502 603 603 602 503 507 506 569 569 568 507 318 317 300 300 299 318 604 379 376 376 605 604 606 607 347 347 346 606 608 360 363 363 609 608 610 350 349 349 611 610 612 373 350 350 610 612 609 363 366 366 613 609 614 355 382 382 615 614 345 344 355 355 614 345 605 376 373 373 612 605 616 370 343 343 342 616 611 349 360 360 608 611 617 618 619 620 621 619 622 623 619 624 622 619 618 625 619 626 620 619 627 626 619 628 624 619 629 627 619 623 617 619 621 628 619 625 629 619 630 610 611 611 631 630 632 630 631 631 633 632 316 632 633 633 317 316 634 345 614 614 635 634 636 634 635 635 637 636 325 636 637 637 326 325 631 611 608 608 638 631 633 631 638 
						638 639 633 317 633 639 639 300 317 638 608 609 609 640 638 639 638 640 640 641 639 300 639 641 641 301 300 640 609 613 613 642 640 641 640 642 642 643 641 301 641 643 643 320 301 644 342 345 345 634 644 645 644 634 634 636 645 331 645 636 636 325 331 646 616 342 342 644 646 647 646 644 644 645 647 330 647 645 645 331 330 648 612 610 610 630 648 649 648 630 630 632 649 347 649 632 632 316 347 650 605 612 612 648 650 651 650 648 648 649 651 607 651 649 649 347 607 652 604 605 605 650 652 653 652 650 650 651 653 339 653 651 651 607 339 654 615 604 604 652 654 655 654 652 652 653 655 336 655 653 653 339 336 635 614 615 615 654 635 637 635 654 654 655 637 326 637 655 655 336 326 340 339 607 607 606 340 656 657 658 658 659 656 659 658 660 660 661 659 661 660 662 
						662 663 661 663 662 664 664 665 663 665 664 666 666 667 665 668 669 670 670 671 668 671 670 672 672 673 671 673 672 674 674 675 673 675 674 676 676 677 675 677 676 678 678 679 677 679 678 680 680 681 679 681 680 682 682 683 681 683 682 684 684 685 683 685 684 686 686 687 685 687 686 688 688 689 687 689 688 690 690 691 689 691 690 692 692 693 691 693 692 694 694 695 693 695 694 696 696 697 695 697 696 698 698 699 697 699 698 700 700 701 699 701 700 657 657 656 701 702 703 704 704 705 702 706 707 703 703 702 706 708 709 707 707 706 708 705 704 669 669 668 705 667 666 709 709 708 667 709 666 710 666 664 710 698 696 710 684 682 710 670 669 710 700 698 710 686 684 710 672 670 710 657 700 710 688 686 710 674 672 710 704 703 710 658 657 710 690 688 710 676 674 710 
						703 707 710 660 658 710 692 690 710 678 676 710 707 709 710 662 660 710 694 692 710 680 678 710 669 704 710 664 662 710 696 694 710 682 680 710 711 712 713 713 714 711 715 716 712 712 711 715 717 718 716 716 715 717 719 720 718 718 717 719 721 722 720 720 719 721 723 497 724 724 725 723 726 498 497 497 723 726 727 728 498 498 726 727 729 730 728 728 727 729 731 732 730 730 729 731 733 734 732 732 731 733 735 736 734 734 733 735 737 738 736 736 735 737 739 740 738 738 737 739 741 742 740 740 739 741 743 744 742 742 741 743 745 746 744 744 743 745 747 748 746 746 745 747 749 750 748 748 747 749 751 752 750 750 749 751 753 754 752 752 751 753 714 713 754 754 753 714 755 756 757 757 758 755 758 757 759 759 760 758 760 759 761 761 762 760 762 761 722 722 721 762 
						725 724 756 756 755 725 754 713 499 740 742 499 498 728 499 757 756 499 713 712 499 742 744 499 728 730 499 759 757 499 712 716 499 744 746 499 730 732 499 761 759 499 716 718 499 746 748 499 732 734 499 722 761 499 718 720 499 748 750 499 734 736 499 756 724 499 720 722 499 750 752 499 736 738 499 724 497 499 752 754 499 738 740 499 615 382 379 379 604 615 
					</p>
				</polylist>
			</mesh>
		</geometry>
	</library_geometries>
	<library_visual_scenes>
		<visual_scene id="RootNode" name="RootNode">
			<node id="SM_magnifying_glass" name="SM_magnifying_glass">
				<matrix>100.000000 0.000000 0.000000 0.000000 0.000000 -0.000016 100.000000 0.000000 0.000000 -100.000000 -0.000016 0.000000 0.000000 0.000000 0.000000 1.000000</matrix>
				<instance_geometry url="#meshId0">
					<bind_material>
						<technique_common>
							<instance_material symbol="defaultMaterial" target="#T_magnifying_glass_1001" />
						</technique_common>
					</bind_material>
				</instance_geometry>
			</node>
		</visual_scene>
	</library_visual_scenes>
	<scene>
		<instance_visual_scene url="#RootNode" />
	</scene>
</COLLADA>
